index,route,component,category,usefulnessScore,renderHealth,implementationLevel,recommendation,mergeTarget,confidence,sourceFile,rationale,instructions
1,/,Landing,public_home,8,at_risk,database_backed,Keep,,0.95,client/src/pages/Landing.tsx,"The landing page is database-backed, querying pricing plans and supporting the primary entry workflow. It lacks error state handling for its queries.",Add error boundary or explicit error states for the pricing plan queries to improve render health.
2,/pricing,Pricing,public_or_auth,9,healthy,internet_backed,Keep,,0.95,client/src/pages/Pricing.tsx,"The pricing page is fully functional, using tRPC to fetch live plans (`trpc.billing.plans.useQuery`) and process checkout/compliance disclosures (`trpc.billing.createCheckout.useMutation`). It handles real persistence and critical business workflow without simulated or hardcoded placeholder states.",Maintain the current functionality. No immediate changes are required as it successfully integrates with tRPC for plans and checkout.
3,/privacy,Privacy,public_or_auth,5,healthy,static_reference,Move to Secondary Information,,0.95,client/src/pages/Legal.tsx,"The page is a purely static text reference for the privacy policy, sharing the LegalShell component with Terms and Support. It lacks interactivity or backend integration, which is appropriate for legal aliases.",Move this page to Secondary Information since it provides static legal content. Keep it sharing the LegalShell component with Terms and Support.
4,/terms,Terms,public_or_auth,6,healthy,static_reference,Keep,,0.95,client/src/pages/Legal.tsx,"The page is a purely static reference rendering terms of service text within a LegalShell layout. It has no dynamic backend connections or user state. It shares the same source file with /privacy and /support, which is a legitimate architectural choice for grouping related static legal pages rather than accidental duplication.",Maintain the current static presentation structure. No immediate action is required unless the terms of service text needs to be updated.
5,/support,Support,public_or_auth,4,healthy,static_reference,Move to Secondary Information,,0.95,client/src/pages/Legal.tsx,"The page is a purely static text reference for support contact and basic instructions. It shares a source file with privacy and terms pages as a legitimate alias pattern, but provides no interactive functionality.",Move this static content to a secondary information section such as a help center modal or footer link.
6,/invite,AcceptInvite,public_or_auth,8,healthy,database_backed,Keep,,0.95,client/src/pages/AcceptInvite.tsx,"The page handles invitation token verification via a real tRPC query (`trpc.team.acceptInvite.useQuery`) and correctly handles loading, error, and success states. It successfully maps token data to user states but relies on a simulated timer for redirection.",The page is functional but lacks actual user authentication flow before redirection. Integrate the login/signup modal directly into the acceptance flow instead of a blind redirect to /portal.
7,/login,Login,public_or_auth,8,healthy,client_only,Keep,,0.95,client/src/pages/Login.tsx,"The page provides a functional UI for initiating the authentication workflow by parsing a return path and calling an external startLogin function. It acts as a critical gateway for the portal, despite being client-only in its component logic.",Ensure the startLogin function securely redirects to the OAuth provider and handles the returnPath correctly. Maintain the current design as it clearly communicates the secure identity workflow.
8,/register,Register,public_or_auth,6,healthy,client_only,Keep,,1.0,client/src/pages/ManagedAuthLegacy.tsx,This route shares the ManagedAuthLegacy component with other legacy auth paths as a legitimate auth alias tombstone. It provides clear guidance to the managed identity service and operates reliably on the client side.,Maintain this page to ensure users accessing legacy auth routes are properly guided to the new secure sign-in flow.
9,/forgot-password,ForgotPassword,public_or_auth,6,healthy,static_reference,Keep,,0.95,client/src/pages/ManagedAuthLegacy.tsx,"The route provides a static informational message directing users to a managed identity service for password recovery. It shares a single source component (`ManagedAuthLegacy`) with other legacy auth aliases like `/register` and `/reset-password`, which is a legitimate pattern for these related auth messages.",Keep the page as a necessary redirect message for legacy password recovery attempts. No immediate action required.
10,/reset-password,ManagedAuthLegacy,public_or_auth,6,healthy,static_reference,Keep,,0.95,client/src/pages/ManagedAuthLegacy.tsx,"This component serves as a static informational page for multiple deprecated authentication routes, including `/reset-password`. It correctly handles legal aliases by displaying route-specific copy and redirecting to the managed identity service. It has no backend integration.",Keep this page to ensure users attempting to access deprecated authentication routes are properly redirected to the new identity service. Ensure the `startLogin` function is correctly configured.
11,/trial,TrialLogin,public_or_auth,7,healthy,client_only,Keep,,0.95,client/src/pages/ManagedAuthLegacy.tsx,"The /trial route shares the ManagedAuthLegacy component with other legacy auth routes (/register, /forgot-password, /reset-password) as a legitimate alias to handle retired authentication paths. It is a static, client-only page that displays specific copy based on the route and redirects users to the secure managed identity service via the startLogin function.",Keep this legacy authentication redirect page as it correctly routes users to the managed identity service. No immediate action is required.
12,/administrator,AdministratorPortal,public_or_auth,10,healthy,database_backed,Keep,,0.95,client/src/pages/AdministratorPortal.tsx,"The AdministratorPortal component is a fully functional, database-backed admin dashboard with real authentication and data fetching. It provides essential site management features without relying on simulated data for its core data.",Keep as is. Ensure backend API endpoints remain secure and aligned with the frontend expectations.
13,/executive,ExecutiveEntrance,public_or_auth,9,healthy,internet_backed,Keep,,0.95,client/src/pages/ExecutiveEntrance.tsx,"The page provides a clear authentication workflow for executives, calling a dedicated backend API (`/api/executive/login`) and managing session state via localStorage. It is a critical functional entry point with no obvious duplication or simulated behavior.",The page serves as an essential authentication gate for the advisor portal and should be kept as is. Ensure the backend `/api/executive/login` endpoint is robust and securely handles credentials.
14,/onboarding,Onboarding,public_or_auth,8,healthy,mixed_connected,Keep,,0.95,client/src/pages/portal/Onboarding.tsx,"The page is a highly detailed multi-step onboarding wizard with real persistence via tRPC mutations (e.g., `clients.create`) and AI recommendations. It manages extensive user state securely. The duplication across `/onboarding`, `/portal/onboarding`, and `/portal/welcome` appears to be a legitimate alias structure for varying entry points rather than accidental duplication.",Keep the page as it provides a comprehensive and connected client intake workflow. Consider consolidating the duplicate route aliases if they do not serve distinct auth contexts.
15,/portal/onboarding,Onboarding,client_workflow,9,healthy,database_backed,Keep,,0.95,client/src/pages/portal/Onboarding.tsx,"The page implements a comprehensive 7-step client onboarding wizard that is database-backed, connecting to tRPC mutations (clients.create, onboardingWizardV2.getRecommendation) and queries (lifeGoals.getSuggestions). It has real persistence and robust user state management. The route shares its source component with '/onboarding' and '/portal/welcome', which serve as legitimate aliases for the same workflow.",Keep the onboarding flow as it is an essential differentiated workflow. Ensure that the aliases '/onboarding' and '/portal/welcome' are properly maintained and redirect to the same underlying component without causing duplicate maintenance.
16,/portal/welcome,OnboardingWizard,portal_other,8,healthy,database_backed,Keep,,0.9,client/src/pages/portal/OnboardingWizard.tsx,"The page provides a comprehensive multi-step onboarding wizard with real backend persistence via trpc.clients.create.useMutation. It shares its source with /onboarding and /portal/onboarding, which are likely legitimate aliases for the same workflow.",Keep the page as it provides a critical workflow. Consider consolidating the aliases if they are not all needed for specific legal or auth reasons.
17,/portal,InfiniteScroll,portal_other,6,healthy,database_backed,Improve,,0.95,client/src/pages/portal/InfiniteScroll.tsx,"The page implements a TikTok-style vertical feed using tRPC queries for data and mutations for interactions, making it database-backed. The CTA button is simulated with a 'Feature coming soon' toast, reducing its usefulness. The route shares a component with /portal/wealth-reels and /portal/infinite-scroll, which appears to be a legitimate alias rather than accidental duplication.",Implement the CTA button functionality instead of the hardcoded 'Feature coming soon' toast. Ensure the infinite scroll feed is fully integrated with the backend for all user interactions.
18,/portal/dashboard,Dashboard,portal_other,10,healthy,database_backed,Keep,,0.95,client/src/pages/portal/Dashboard.tsx,"The dashboard is highly functional and clearly database-backed, executing 10 trpc queries to fetch real metrics, planning cases, analytics, net worth, activity, top clients, allocations, goals, meetings, and coaching prompts. It uses sophisticated data formatting, filtering, and charts (Recharts) to present a comprehensive view of the practice. There are no simulated timers, random values, or placeholder terms, and it explicitly states it only shows real saved records.",Keep as the primary dashboard. The error handling for failed trpc queries should be reviewed to ensure it degrades gracefully if a single query fails.
19,/portal/advisory-summary,AdvisorySummary,portal_other,4,healthy,static_reference,Move to Secondary Information,,0.95,client/src/pages/portal/AdvisorySummary.tsx,"The page heavily relies on static data imported from `@shared/advisorySummaryData`. Although several tRPC hooks are present, their results are never used in the component, indicating simulated or placeholder backend behavior.",Remove unused tRPC queries and move the page to a secondary information section or documentation portal. Ensure the static data is maintained if it serves as a reference.
20,/portal/advisor-directory,AdvisorDirectory,portal_other,3,healthy,prototype,Move to Secondary Information,,0.95,client/src/pages/portal/AdvisorDirectory.tsx,"The page calls 7 tRPC queries but never uses their returned data, relying instead on extensive hardcoded static arrays for charts and client-side state. It is a highly presentation-heavy prototype with no real backend integration or meaningful persistence.",Move this page to Secondary Information since it is heavily presentation-focused and relies entirely on hardcoded state and mock data. Remove unused tRPC hooks to clean up the component.
21,/portal/clients,Clients,client_workflow,9,healthy,database_backed,Keep,,0.95,client/src/pages/portal/Clients.tsx,"The page implements a comprehensive client management dashboard with robust features including adding clients, bulk CSV imports, tag management, and risk scoring analytics. It relies on multiple tRPC queries and mutations for real persistence and strong user states, demonstrating essential differentiated workflow without significant simulation or duplication.",Continue to maintain and extend this page as the primary client management workflow. Ensure that tRPC endpoints are optimized for performance as the client list grows.
22,/portal/clients/:id,ClientDetail,client_workflow,9,healthy,database_backed,Keep,,0.95,client/src/pages/portal/ClientDetail.tsx,"The page is highly complex (1524 lines) and clearly database-backed, featuring 16 tRPC queries and 17 mutations for real persistence (e.g., properties, crypto holdings, risk assessment). It has comprehensive user states including 27 loading states, 30 error states, and 23 empty states, making it an essential workflow.",Review hardcoded success toasts to ensure they accurately reflect server responses. Verify if any placeholder terms can be replaced with real data.
23,/portal/pipeline,Pipeline,portal_other,10,healthy,database_backed,Keep,,0.95,client/src/pages/portal/Pipeline.tsx,"The page features a fully functional pipeline with Kanban, Table, and Forecast views, drag-and-drop interactions, and deal management. It is directly backed by a robust set of tRPC endpoints for querying clients and managing pipeline deals, indicating real persistence and strong user states.",This page provides essential CRM workflow features. Keep it as a core part of the portal.
24,/portal/strategy,StrategyLab,portal_other,6,healthy,mixed_connected,Improve,,0.9,client/src/pages/portal/StrategyLab.tsx,"The StrategyLab page provides significant financial calculations like Roth ladder, IUL projection, and real estate depreciation. It connects to the backend (tRPC queries/mutations) and calculates complex logic, but it includes many simulated/mock UI elements (e.g., 'Click 1', 'Tab 11', 'Chart 1', mockData) and excessive placeholder content that clutters the UI and reduces usefulness.","Remove the excessive mock data, placeholder buttons, and simulated charts that clutter the page. Ensure the page only displays real data and functional tabs based on the calculated strategy results."
25,/portal/ai,AiAssist,ai_workflow,7,healthy,mixed_connected,Improve,,0.95,client/src/pages/portal/AiAssist.tsx,"The page uses real tRPC endpoints for fetching clients, generating AI strategies, and searching knowledge, demonstrating backend connectivity. However, significant parts of the analytics, reports, and settings tabs rely on hardcoded data, `Math.random()` generated values, and toast-only simulated actions, making it a mixed implementation.",Replace the randomized `Math.random()` values in the analytics and reports charts/tables with actual data from the backend. Implement the settings and integration sync actions with real API calls instead of just showing success toasts.
26,/portal/ai-assist,AiAssist,ai_workflow,7,healthy,mixed_connected,Improve,,0.95,client/src/pages/portal/AiAssist.tsx,"The page offers an essential AI strategy workflow with real server connections for generating and saving strategies. However, the analytics, reports, and settings tabs are largely simulated with hardcoded data and fake toast notifications. The route shares a component with /portal/ai, which serves as a legitimate alias.",Connect the Analytics and Reports tabs to real backend endpoints instead of using Math.random() and hardcoded arrays. Remove fake toast notifications in the Settings tab and wire them up to actual user preference mutations.
27,/portal/team,Team,portal_other,7,healthy,mixed_connected,Improve,,0.9,client/src/pages/portal/Team.tsx,"The page contains genuine database-backed functionality for team management (inviting, updating roles, removing members) via tRPC mutations and queries. However, it also includes over 500 lines of unused, purely simulated components (TeamDirectoryAdvanced, TeamPerformanceDetailed, ExtraComponent1-3) with hardcoded arrays and mock data that are never rendered.","Remove the unused simulated components (TeamDirectoryAdvanced, TeamPerformanceDetailed, and ExtraComponents) and keep only the database-backed team management functionality. Move any useful UI patterns from the simulated components to the main component if needed."
28,/portal/billing,Billing,portal_other,6,healthy,mixed_connected,Improve,,0.95,client/src/pages/portal/Billing.tsx,"The page implements real tRPC mutations for Stripe checkout and portal sessions, but heavily relies on hardcoded fallback data for invoices, team members, and charts. It also includes a dummy content renderer designed to artificially inflate component metrics. There are no duplicate source routes.","Remove the artificial renderDummyContent function used to inflate line counts. Fully wire the hardcoded fallback arrays (invoices, team members, recent activity, usage charts) to their respective backend tRPC queries."
29,/portal/knowledge,Knowledge,reference_education,9,healthy,database_backed,Keep,,0.95,client/src/pages/portal/Knowledge.tsx,"The source code uses tRPC for real backend mutations (create, upload) and queries (list), proving it is fully database-backed and not a prototype. It features complex UI interactions including file uploads, forms, and charts, making it a high-value essential workflow.",Maintain the current feature set and continue building out the knowledge capabilities. No immediate action required as the page is fully functional.
30,/portal/leaderboard,Leaderboard,portal_other,7,healthy,mixed_connected,Improve,,0.95,client/src/pages/portal/Leaderboard.tsx,"The page has multiple tRPC queries (e.g., topProducers, fastestClimbers, getProfile) and mutations for setting up a profile and monthly consent, suggesting it is connected to a backend. However, the 'Team Pulse' tab contains entirely hardcoded data (e.g., '24 Active advisors today', '7 Deals closed this week', and a static array of activity events). The page serves a useful purpose for gamification but requires backend completion for the pulse section.",Remove hardcoded values in the Team Pulse section and connect it to a real activity feed backend. Verify that the competitionBoard and leaderboard tRPC routers are fully implemented and connected to a database.
31,/portal/scenarios,ScenarioAdjustments,portal_other,8,healthy,mixed_connected,Keep,,0.9,client/src/pages/portal/ScenarioAdjustments.tsx,"The page has significant real backend integration with 5 tRPC queries and 3 mutations, and features 27 charts across 1307 lines of code. However, it relies on simulated timers, random values, and hardcoded success toasts, indicating mixed implementation.",Replace simulated timers and random values with real backend data. Remove hardcoded success toasts and connect them to actual mutation responses.
32,/portal/advisor-chat,AdvisorChat,ai_workflow,7,healthy,mixed_connected,Improve,,0.85,client/src/pages/portal/AdvisorChat.tsx,"The AdvisorChat page has substantial functionality with 1364 lines of code, 7 tRPC queries, and 1 tRPC mutation, indicating some backend connectivity. However, it relies heavily on mock data (MOCK_SCENARIOS, MOCK_PORTFOLIO, MOCK_TAX_STRATEGIES) and includes simulated timers and random values, making it a mixed connected implementation rather than a fully database-backed one. There are no same-source route duplications.",Replace mock data and simulated timers with actual backend integrations. Ensure the single tRPC mutation is fully connected to the database rather than just simulating state changes.
33,/portal/stale-digest,StaleDigest,portal_other,4,healthy,mixed_connected,Move to Secondary Information,,0.95,client/src/pages/portal/StaleDigest.tsx,"The page connects to multiple tRPC endpoints (staleDigest, activity, team, dashboard) and has a working email mutation. However, it extensively simulates core business data client-side using Math.random() for portfolio sizes, AUM, returns, and engagement scores, making it a presentation-heavy prototype despite the backend connection.","Remove client-side data simulation and wire the table and charts directly to real backend data. If the backend cannot support these metrics, the page should be moved to Secondary Information until real data is available."
34,/portal/webhooks,Webhooks,portal_other,6,healthy,mixed_connected,Improve,,0.95,client/src/pages/portal/Webhooks.tsx,"The page has real tRPC mutations for webhook CRUD and testing, proving it is connected to the backend. However, it relies heavily on random mock data for logs and analytics charts, and contains non-persisted static settings.","Replace mock data generators (e.g., generateMockLogs, generateActivityData) with real tRPC endpoints for logs and analytics. Remove hardcoded static stats in the endpoint table and ensure all settings toggles persist to the backend."
35,/portal/slack,SlackIntegration,portal_other,4,healthy,prototype,Move to Secondary Information,,0.9,client/src/pages/portal/SlackIntegration.tsx,"The page contains extensive hardcoded mock data (mockLogs, mockUsers, mockChannels, mockWebhooks, mockRules, mockIntegrations) and simulated metrics (activityData, channelData, eventTypeData, weeklyData). It is a presentation-heavy prototype with many empty tabs (""Other tabs implementation omitted for brevity""). It has some trpc queries and mutations, but the core content is simulated.","Move to Secondary Information as it is a presentation-heavy prototype with extensive hardcoded mock data. Consider merging useful real integration parts if they exist, but the current page is mostly simulated."
36,/portal/compliance,ComplianceExport,portal_other,6,healthy,mixed_connected,Improve,,0.85,client/src/pages/portal/ComplianceExport.tsx,"The page has extensive UI with multiple charts, tables, and export functions, but heavily relies on mocked data like MOCK_TIME_SERIES and Math.random() for visualizations. While it includes 10 tRPC queries and mutations (e.g., exportCsv, complianceData), the presentation layer is heavily simulated, indicating a mixed implementation that acts partially as a prototype.",Replace the extensive mocked data arrays and random number generators with actual backend metrics and ensure the chart components map directly to the tRPC query outputs. Review and integrate the backend endpoints fully to eliminate the simulated charts and states.
37,/portal/legal-payment-folder,LegalPaymentFolder,portal_other,4,healthy,mixed_connected,Move to Secondary Information,,0.95,client/src/pages/portal/LegalPaymentFolder.tsx,"The page queries tRPC endpoints for disclosures but is heavily padded with 78 console.log stubs, 60 Math.random values, and 33 simulated charts. It acts as a low-value presentation-heavy prototype with no real mutations or robust interactivity.",Move this page to Secondary Information until real backend mutations and actual metric data replace the dummy widgets and simulated charts.
38,/portal/rebalance,RebalanceAlerts,portal_other,7,healthy,mixed_connected,Improve,,0.9,client/src/pages/portal/RebalanceAlerts.tsx,"The page provides a comprehensive workflow for monitoring portfolio drift and managing rebalancing alerts. While it has real tRPC connections for alerts and actions, it still relies heavily on simulated data (Math.random) for its charts and trends.","Replace the simulated chart data generators (e.g., generateTrendData, generateRiskData) with real backend queries. Connect the remaining mock statistics to actual portfolio metrics to fully realize the page's value."
39,/portal/branding,WorkspaceBranding,portal_other,6,healthy,mixed_connected,Improve,,0.9,client/src/pages/portal/WorkspaceBranding.tsx,"The page successfully implements real database-backed persistence for workspace branding settings (colors, logo). However, it is cluttered with 31 charts and multiple tables that rely entirely on simulated mock data, making it presentation-heavy and partially a prototype.","Remove all mock data charts and tables to focus purely on the functional branding configuration. If those analytics are needed, they should be moved to a dedicated, database-backed dashboard route."
40,/portal/meetings,Meetings,portal_other,9,healthy,database_backed,Keep,,0.95,client/src/pages/portal/Meetings.tsx,"The Meetings component is a comprehensive, database-backed page with 679 lines of code. It heavily utilizes tRPC for data fetching (3 queries) and mutations (4 mutations), with strong state management and analytics (13 charts). There are no simulated timers or random values, indicating real server behavior.","Maintain the page as it provides essential workflow functionality for meetings. Consider adding forms for meeting creation instead of just relying on buttons, and review the use of hardcoded success toasts."
41,/portal/compliance-alerts,ComplianceAlerts,portal_other,7,healthy,mixed_connected,Improve,,0.9,client/src/pages/portal/ComplianceAlerts.tsx,"Page uses real trpc queries/mutations (stats, list, runCheck, dismiss, resolve, updateSettings) but mixes in heavy simulation for charts (trendData, resolutionTimeData, radarData use Math.random or hardcoded values). High volume of simulated chart data indicates partial implementation despite backend connections.",Review simulated data and replace with actual backend connections. Verify trpc queries and mutations handle all necessary state.
42,/portal/hubspot,HubSpotSync,portal_other,6,healthy,mixed_connected,Improve,,0.9,client/src/pages/portal/HubSpotSync.tsx,"The page uses real TRPC queries and mutations for settings and syncing, but relies heavily on mock data (Math.random, hardcoded arrays) for all its charts and analytics. This mixed implementation reduces its usefulness as a real production dashboard.","Replace the extensive mock data used for charts (daily stats, object stats, error stats, latency, performance) with real backend data from the TRPC queries. Ensure all analytics are driven by actual sync history rather than simulated arrays."
43,/portal/integrations,Integrations,portal_other,4,healthy,prototype,Improve,,0.9,client/src/pages/portal/Integrations.tsx,"The page is a high-effort prototype heavily reliant on simulated data and hardcoded values (`Math.random()`, `generateSyncLogs`, `INTEGRATIONS` array). While it defines `trpc` queries, it does not seem to use mutations for the forms, making it primarily a presentation layer.","Remove simulated random data and hardcoded states, and replace with actual backend integration. Connect the configuration forms to actual mutation endpoints."
44,/portal/roth-conversion,RothConversionSTR,portal_other,9,healthy,database_backed,Keep,,0.95,client/src/pages/portal/RothConversionSTR.tsx,"The page is highly complex and heavily integrated with the backend, utilizing 6 tRPC queries and 14 tRPC mutations for essential operations like client data retrieval, projections, and strategy saving. While it contains a few simulated elements (1 timer, 4 random values), these appear to be part of the Monte Carlo simulation or UI effects rather than core data mocking, confirming a database-backed implementation.","Maintain the page and its complex workflows, ensuring all tRPC integrations and Monte Carlo simulations are properly tested. Consider replacing any simulated timers or random values with robust server-side implementations if they represent business logic rather than pure UI effects."
45,/portal/strategy-compare,StrategyCompareTool,analysis_calculator,4,healthy,client_only,Move to Secondary Information,,0.95,client/src/pages/portal/StrategyCompareTool.tsx,"The page relies entirely on local JSON imports (`strategiesData` and `combosData`) with no tRPC queries or mutations, confirming it is client-only. While functional as a UI prototype for comparing strategies, its static nature makes it a low-value prototype in a production environment.",Move this static client-side comparison tool to Secondary Information since it lacks backend integration and relies entirely on local JSON files. Wait for owner approval before retiring or moving.
46,/portal/carrier-settings,CarrierSettings,portal_other,8,healthy,database_backed,Keep,,0.95,client/src/pages/portal/CarrierSettings.tsx,"The page is heavily connected to tRPC endpoints for fetching and mutating carrier settings, recommendations, and analytics. It contains extensive UI components like charts and buttons, making it a fully functional, database-backed settings page.",Maintain the current route as it provides essential backend-connected carrier settings functionality. Consider replacing placeholder terms and random values with real data sources.
47,/portal/bulk-generation,BulkGeneration,portal_other,9,healthy,database_backed,Keep,,0.95,client/src/pages/portal/BulkGeneration.tsx,"The page demonstrates robust backend connectivity via tRPC for scheduling, client data fetching, bulk operations, and exporting (PDF/CSV). It manages complex state effectively and uses realistic components, making it a highly useful tool.",The page is fully functional and well integrated with backend logic. Consider adding pagination or virtual scrolling for the client list to handle larger datasets smoothly.
48,/portal/quotes,CarrierQuotes,portal_other,7,healthy,mixed_connected,Improve,,0.95,client/src/pages/portal/CarrierQuotes.tsx,"The page features extensive real tRPC queries and mutations (e.g., `carrierQuotes.list`, `updateStatus`, `requestNew`), indicating solid backend connectivity. However, it also relies heavily on simulated data (`Math.random()`) for analytics, hardcoded success toasts, and placeholder UI elements, placing it firmly in the mixed_connected category.",Remove the hardcoded `Math.random()` data generation in the analytics view and replace it with actual backend aggregations. Ensure the placeholder tabs (Products and Performance) are either implemented with real data or hidden until ready.
49,/portal/index-backtester,IndexBacktester,analysis_calculator,4,healthy,mixed_connected,Improve,,0.85,client/src/pages/portal/IndexBacktester.tsx,The page is a functional prototype connected to some tRPC endpoints but relies heavily on mock data for charts. It operates as a mixed-connected page without full backend connectivity.,Connect the charts and tables to real backend data via tRPC. Remove hardcoded mock data.
50,/portal/ibbotson-charts,IbbotsonCharts,portal_other,7,healthy,client_only,Improve,,0.9,client/src/pages/portal/IbbotsonCharts.tsx,"The page uses a hardcoded dictionary (`SP500_RETURNS`) for all historical S&P 500 data and computes metrics client-side. While it calls some tRPC endpoints (`trpc.marketData.getHistoricalRates`, `trpc.strategy.getTemplates`, etc.), these query results are never used in the rendered charts or tables. The page provides a strong interactive workflow for scenario analysis but operates entirely locally.","This page is highly valuable as an educational and interactive tool, but its implementation relies entirely on hardcoded data and client-side logic. To improve its robustness and maintainability, integrate it with actual backend services to fetch historical data dynamically and persist user scenarios or preferences."
51,/portal/time-machine-ag49,TimeMachineAG49,portal_other,8,healthy,client_only,Keep,,0.95,client/src/pages/portal/TimeMachineAG49.tsx,"The page implements a sophisticated financial calculator (Time Machine AG49) with extensive logic for generational transfers and simulations, but it lacks actual backend integration, operating purely on client-side state. The presence of `useCalculatorIntegration` and `ClientSelectorBar` suggests an intended connection to backend data, but the core calculation `runTimeMachineSimulation` and state management are entirely client-side. The page has significant functionality and a unique workflow, justifying its retention and improvement.","Since this page provides a complex, differentiated calculator (Time Machine AG49) with high value and relies heavily on client-side state without a true backend integration, keep the page but improve it by connecting it to the backend for saving/loading scenarios and real persistence."
52,/portal/time-machine-method,TimeMachineMethod,portal_other,7,healthy,client_only,Improve,,0.9,client/src/pages/portal/TimeMachineMethod.tsx,"The page is a highly detailed, client-side calculator (1306 lines, 22 charts) using useState for inputs. It lacks any trpc queries or mutations, relying purely on client-side state and shared engine logic for its calculations.",Connect the calculator inputs and results to the backend to persist user scenarios and track usage. Review if the heavy logic can be moved to the server.
53,/portal/time-machine-calculator,TimeMachineCalculator,analysis_calculator,8,healthy,client_only,Keep,,0.95,client/src/pages/portal/TimeMachineCalculator.tsx,"The page is a robust, interactive client-side calculator that effectively models AG 49 compliant rates and historical comparisons. While it includes some hardcoded marketing blocks and fixed assumptions for loan arbitrage, the core computational logic is functional and provides significant value.",Retain the page as a primary client-facing tool. Consider moving hardcoded assumptions (like loan rates and arbitrage spreads) to a configurable backend or context to improve flexibility.
54,/portal/illustration-compare,IllustrationCompare,analysis_calculator,7,healthy,mixed_connected,Improve,,0.95,client/src/pages/portal/IllustrationCompare.tsx,"The page includes real tRPC mutations for file upload/delete and queries for list/status/comparison, indicating strong server behavior. However, it also relies heavily on simulated data arrays for charting (performanceData, distributionData, riskMetricsData, scatterData), showing mixed implementation.","Clean up hardcoded arrays (distributionData, riskMetricsData, scatterData) and mock loops (performanceData). Retain tRPC queries for list, status, compareWithEngine, and mutations for upload/delete."
55,/portal/premium-financing,PremiumFinancing,portal_other,9,healthy,mixed_connected,Keep,,0.95,client/src/pages/portal/PremiumFinancing.tsx,"The page is a robust, interactive financial projection tool with comprehensive data visualization and integrations. It relies on multiple TRPC queries and mutations, features dynamic calculation models like Monte Carlo simulations, and has no significant duplicate routes.",Maintain and keep up to date with any future financial modeling or regulatory changes.
56,/portal/policy-loans,PolicyLoans,portal_other,7,healthy,mixed_connected,Improve,,0.95,client/src/pages/portal/PolicyLoans.tsx,"The page utilizes real TRPC endpoints for optimizing and comparing policy loans, demonstrating genuine backend connectivity. However, it contains explicit dummy data tables and artificial padding to hit line count requirements, degrading its overall quality and maintainability.",Remove the dummy data tables and padding that were artificially added to hit line count requirements. Refine the page to focus purely on the functional TRPC-backed policy loan optimization tools.
57,/portal/carrier-ratings,CarrierRatings,portal_other,5,healthy,mixed_connected,Improve,,0.95,client/src/pages/portal/CarrierRatings.tsx,"The page connects to multiple tRPC endpoints for carriers and market data, but heavily supplements this with randomly generated metrics and over 1000 lines of dummy filler components. It shares its source with /portal/carrier-rates as a legitimate alias.",Replace the extensive client-side mock data generation (95 instances of Math.random) with real backend fields. Remove the dummy sections that artificially inflate the line count.
58,/portal/tax-waterfall,TaxWaterfall,portal_other,9,healthy,mixed_connected,Keep,,0.95,client/src/pages/portal/TaxWaterfall.tsx,"The page implements an essential differentiated workflow for tax optimization. It uses real tRPC queries for server-side calculations and has robust client-side charting, showing high value and healthy rendering.",Keep the page as it provides high value and uses server-side calculations. No specific action needed.
59,/portal/estate-tax,EstateTax,portal_other,9,healthy,mixed_connected,Keep,,0.95,client/src/pages/portal/EstateTax.tsx,"The page utilizes a tRPC query (`trpc.estateTax.calculateComprehensive.useQuery`) to calculate estate taxes, indicating backend connectivity for complex logic rather than just client-side estimation. It also integrates real user state through `useClientData()`, pulling live financial metrics to populate defaults, making it a highly useful workflow. No other routes share this component.",Keep the page as it provides a comprehensive institutional-grade estate tax analysis with complex scenario modeling and actual backend calculation integration. Ensure the backend tRPC route correctly processes all passed arguments and scales properly.
60,/portal/income-timeline,IncomeTimeline,portal_other,8,healthy,mixed_connected,Keep,,0.95,client/src/pages/portal/IncomeTimeline.tsx,"The page provides an essential, highly interactive income timeline visualization using multiple tRPC queries (e.g., getProfile, getLatestRates) and mutations (calculate, saveScenario). It handles local state effectively with real calculations and features numerous charts, although it includes some minor simulated elements like a random ID generator and padding lines.",Keep the page but consider optimizing the layout by removing the empty padding lines and ensuring the empty state handles TRPC loading correctly. Ensure that the risk profile and market data queries are utilized fully in the calculations.
61,/portal/iul-vs-roth,IULvsRoth,portal_other,8,healthy,mixed_connected,Keep,,0.9,client/src/pages/portal/IULvsRoth.tsx,"This page offers a high-value comparison workflow between IUL and Roth, featuring complex calculators, charts, and scenarios. It integrates with TRPC for some data but heavily relies on hardcoded logic, simulated states, and placeholder data.",Ensure all simulated states and hardcoded calculations are eventually backed by real backend services to improve reliability.
62,/portal/competitive,CompetitiveAnalysis,portal_other,4,healthy,client_only,Merge,/portal/calculators,0.85,client/src/pages/portal/CompetitiveAnalysis.tsx,"This is a heavy client-side calculator comparing IUL products using mostly hardcoded carrier data and simulated growth math. It has a high volume of charts and filler lines but relies on static logic rather than backend services, duplicating functionality that should live in a unified calculators suite.",Merge the competitive analysis visualizations and calculators into the primary calculator tools page to consolidate redundant tools. Extract the hardcoded carrier data to the backend.
63,/portal/quick-quote,QuickQuote,portal_other,5,healthy,mixed_connected,Improve,,0.95,client/src/pages/portal/QuickQuote.tsx,"The page successfully connects to the backend for core calculations and compliance alerts, but contains several unused tRPC queries. Additionally, significant comparison and fee breakdown data is hardcoded via useMemo rather than fetched from the backend.","Remove the unused tRPC queries (carriersData, marketData, riskProfile, savedScenarios, recentActivity). Replace the hardcoded useMemo mock data (carrierComparisonData, feeBreakdownData, riskReturnData) with actual backend data connections."
64,/portal/batch-illustration,BatchIllustration,portal_other,3,healthy,prototype,Move to Secondary Information,,1.0,client/src/pages/portal/BatchIllustration.tsx,"The page is a very complex, presentation-heavy prototype (over 1,400 lines, 27 charts) that relies entirely on hardcoded state and `generateMockData` with `Math.random()`. While it declares several tRPC queries, none of the fetched data is used, and all processing is simulated using `setTimeout`.","Move this heavy prototype to Secondary Information since it lacks real backend integration. If batch illustration is a core feature, implement real tRPC mutations and connect the UI to actual server data instead of simulated processing."
65,/portal/meeting-agenda,MeetingAgenda,portal_other,9,healthy,database_backed,Keep,,0.95,client/src/pages/portal/MeetingAgenda.tsx,"The page is a highly functional Meeting Agenda tool with 11 distinct tRPC calls, including queries for clients, meetings, team members, and templates, as well as mutations for generating, exporting, and emailing agendas. The 1396-line component includes analytics, history, setup, and template tabs, indicating a well-developed, database-backed feature set.","Keep the page as it provides a comprehensive set of features for meeting agendas with solid database integration. Ensure the backend endpoints for generating, exporting, and emailing agendas are fully implemented and robust."
66,/portal/onboarding-v2,OnboardingWizardV2,client_workflow,6,healthy,mixed_connected,Improve,,0.95,client/src/pages/portal/OnboardingWizardV2.tsx,"The page implements a functional 4-step onboarding wizard with real tRPC mutations for generating strategies and uses context for prepopulation. However, it is heavily bloated by a massive AdditionalDataSection containing hardcoded Recharts and Tables with dummy data, and includes multiple unused tRPC hooks.","Remove the massive AdditionalDataSection containing hardcoded charts and tables to eliminate presentation bloat. Clean up the unused TRPC hooks (clientsMut, notesMut, activityMut, dashboardQ, pipelineQ) to improve maintainability."
67,/portal/inflation,InflationAnalysis,portal_other,9,healthy,database_backed,Keep,,0.95,client/src/pages/portal/InflationAnalysis.tsx,"The page is a fully featured, interactive inflation analysis tool with extensive charts and data tables. It is heavily connected to the backend, utilizing 5 tRPC queries and 2 mutations to fetch market data, user scenarios, and save new scenarios, demonstrating real persistence and high value.",Ensure backend tRPC routes for historical inflation and scenario saving are fully optimized for performance. Monitor the PDF export mutation for reliability under heavy load.
68,/portal/client-scorecard,ClientScorecard,client_workflow,6,healthy,mixed_connected,Improve,,0.95,client/src/pages/portal/ClientScorecard.tsx,"The page is a useful supporting view for client scoring, pulling data via several tRPC queries (`clients`, `dashboard.stats`, `notes`, `activity`, `riskScoring`). However, it has 20 hardcoded dummy toggles (`toggle0` through `toggle19`) and no tRPC mutations, making it heavily presentation-focused and partially prototype-like.","Remove the unused toggle states (toggle0 through toggle19) and associated buttons, which clutter the UI and provide no real value. The page should either be kept as a supporting view or merged with the main client dashboard if it lacks distinct workflow steps."
69,/portal/document-vault,DocumentVault,reports_documents,6,healthy,mixed_connected,Keep,,0.85,client/src/pages/portal/DocumentVault.tsx,"The DocumentVault page has a complex, feature-rich UI with sorting, filtering, and pagination, but appears to rely heavily on placeholder logic and mock data alongside some trpc hooks. The large amount of static charts and mock compliance data suggests it is partially simulated.",Review the usage of mock data and transition static components to use live backend data to ensure full functionality. Address any duplicate state management logic.
70,/portal/audit-timeline,AuditTimeline,portal_other,4,healthy,prototype,Move to Secondary Information,,0.95,client/src/pages/portal/AuditTimeline.tsx,"The page relies almost entirely on mock data (generateMockEvents) for its core timeline, analytics, and metrics. Although several tRPC hooks are present, the UI workflows and data visualizations are simulated, and several tabs are incomplete placeholders.",Move this page to Secondary Information since it is heavily reliant on simulated data and incomplete UI. Remove it from primary navigation.
71,/portal/referral-tracker,ReferralTracker,portal_other,7,healthy,mixed_connected,Improve,,0.95,client/src/pages/portal/ReferralTracker.tsx,"The main referral directory is connected to tRPC (referral.list, create, update, delete) and functions as a real database-backed table. However, several other tabs (campaigns, team leaderboard, recent activity) rely heavily on hardcoded mock arrays, creating a mixed implementation state.","Retain the functional referral directory and real CRUD operations but migrate or remove the mock-heavy campaigns, leaderboard, and recent activity tabs. If campaigns and leaderboards are intended for future release, move them to a prototype state or replace mock data with tRPC connections."
72,/portal/policy-review,PolicyReview,portal_other,7,healthy,mixed_connected,Improve,,0.9,client/src/pages/portal/PolicyReview.tsx,"The page fetches data from multiple tRPC endpoints (clients, riskProfile, marketData, etc.) but heavily relies on simulated/mock data for calculations (e.g., `client?.income ?? 100000`, `ltcCurrent = 0`). It provides a comprehensive gap analysis view but lacks persistence (no mutations are present).",Integrate actual data for the gap analysis instead of relying heavily on fallback default values. Remove hardcoded fallback mock data for gaps and ensure real database updates exist when recommendations are accepted.
73,/portal/advanced-reporting,AdvancedReporting,reports_documents,7,healthy,internet_backed,Improve,,0.9,client/src/pages/portal/AdvancedReporting.tsx,"The page uses multiple tRPC queries and mutations (e.g., `trpc.clients.list.useQuery`, `trpc.reportBuilder.generate.useMutation`), indicating it connects to backend services. It is a highly complex page with 1227 lines, 31 charts, and multiple user interactions, though it still has some placeholder terms.","The page relies on tRPC hooks for data, but the backend implementation should be verified to ensure they are connected to real databases or APIs. The UI is complex with many charts, so improving real data integration and reducing placeholders is recommended."
74,/portal/mortgage-killer,MortgageKiller,portal_other,9,healthy,database_backed,Keep,,0.95,client/src/pages/portal/MortgageKiller.tsx,"The page has a substantial amount of code (3161 lines) and uses tRPC for both queries (e.g., fetching clients and scenarios) and mutations (e.g., saving scenarios, uploading statements, and analyzing). This indicates it is a robust, database-backed implementation.",The page is fully functional and connected to the backend. It can be kept as is.
75,/portal/reverse-heloc,ReverseHeloc,portal_other,7,healthy,mixed_connected,Improve,,0.9,client/src/pages/portal/ReverseHeloc.tsx,"The page provides a sophisticated Reverse HELOC financial projection model with extensive client-side calculation logic using runReverseHeloc. However, it contains unused tRPC queries and hardcoded placeholder Data Table components that need cleanup.","Remove the unused tRPC hooks and the hardcoded ""Data Table 1"" through ""Data Table 6"" placeholder sections. Connect the projection inputs to actual client data where applicable."
76,/portal/ecological-drivers,EcologicalDrivers,portal_other,4,healthy,static_reference,Move to Secondary Information,,0.95,client/src/pages/portal/EcologicalDrivers.tsx,"The component fetches data using 5 tRPC queries but never uses the returned data, instead rendering a massive hardcoded `FACTORS` array and 57 charts. It functions entirely as a static presentation page masquerading as a connected dashboard.","Remove the unused tRPC hooks and move this static presentation page to a secondary information or reference section. Alternatively, bind the real data from the hooks to make it a functional dashboard."
77,/portal/client-comparison,ClientComparison,client_workflow,7,healthy,mixed_connected,Improve,,0.95,client/src/pages/portal/ClientComparison.tsx,"The page is a robust comparison tool utilizing multiple real tRPC queries to populate advanced charts and metrics. However, it relies on some hardcoded assumptions (like a 15% savings rate) and lacks any mutation capability, limiting its interactivity to a read-only presentation.",Replace hardcoded projection assumptions (like the 15% savings rate) with dynamic client data or user inputs. Implement mutations to allow saving comparison scenarios or exporting data directly to client records.
78,/portal/website-usage,WebsiteUsage,portal_other,6,healthy,mixed_connected,Improve,,0.85,client/src/pages/portal/WebsiteUsage.tsx,"The page features real tRPC queries and mutations, indicating backend connection, but also heavily relies on simulated dummy data generators and random values for its numerous charts. It is a useful dashboard but currently mixes real state with simulated visual presentation.",Replace simulated dummy data generators with real backend API endpoints. Reduce the amount of placeholder terms and random values to provide accurate analytics.
79,/portal/household-wealth,HouseholdWealth,portal_other,10,healthy,database_backed,Keep,,0.95,client/src/pages/portal/HouseholdWealth.tsx,"The Household Wealth page is a complex, database-backed simulation tool utilizing tRPC for saving and loading state (`saveFactFinder`, `getFactFinder`). It models intricate real estate and financial scenarios, making it an essential, high-value workflow for users.",Maintain the page as a flagship simulation tool. Ensure all complex simulation logic is tested and documented.
80,/portal/carrier-rates,CarrierRatings,portal_other,6,healthy,mixed_connected,Merge,/portal/carrier-ratings,0.95,client/src/pages/portal/CarrierRatings.tsx,"The page uses tRPC for fetching carrier data, favorites, and market data, but falls back heavily on simulated data (95 random values) for its 32 charts. It shares a source component with `/portal/carrier-ratings`, which is likely a legitimate alias but creates duplication.",Remove the alias route `/portal/carrier-rates` to standardize on `/portal/carrier-ratings`. Replace the extensive random data generation (95 instances) in charts with actual backend data.
81,/portal/crypto-corner,CryptoCurrencyCorner,portal_other,8,healthy,mixed_connected,Keep,,0.9,client/src/pages/portal/CryptoCurrencyCorner.tsx,"The page uses tRPC for fetching cycle history and running simulations, indicating a connection to a backend, but the presence of placeholder terms and a hardcoded success toast suggests some mocked or simulated behavior. It offers a detailed, multi-tab workflow with numerous charts and calculations, making it a high-value tool.",Ensure the tRPC endpoints are fully implemented on the backend and not just mocked. Refine the placeholder terms to present a more polished experience.
82,/portal/lifetime-income,LifetimeGuaranteedIncome,portal_other,8,healthy,mixed_connected,Keep,,0.95,client/src/pages/portal/LifetimeGuaranteedIncome.tsx,"The page is a fully functional calculator that models lifetime guaranteed income streams. It connects to `trpc.lifetimeIncome.calculate` and `trpc.lifetimeIncome.getRateTable` to perform complex calculations based on user inputs and state data, and uses Recharts for visualization.",Continue maintaining this high-value workflow. Ensure the backend calculations stay aligned with up-to-date tax and annuity data.
83,/portal/existing-annuities,ExistingAnnuities,portal_other,9,healthy,mixed_connected,Keep,,0.95,client/src/pages/portal/ExistingAnnuities.tsx,"The page implements a complex, differentiated workflow for existing annuities analysis with multiple user inputs and state management. It connects to the backend via a tRPC query (analyzeExisting) to perform institutional-grade analysis, demonstrating reliable server behavior.",Maintain the page and ensure the tRPC endpoint remains performant. Consider adding error boundaries if not already present.
84,/portal/growth-annuities,GrowthAnnuities,portal_other,8,healthy,mixed_connected,Keep,,0.9,client/src/pages/portal/GrowthAnnuities.tsx,"The page utilizes tRPC for querying product data and mutating analysis requests, indicating a backend connection. It includes rich interactive visualizations and robust form state, making it a high-value tool for users.",Keep the page as it provides essential functionality for modeling growth annuities. Ensure the tRPC backend routes are fully optimized and handle error states effectively.
85,/portal/myga-fixed-rate,MYGAFixedRate,portal_other,7,healthy,client_only,Keep,,0.95,client/src/pages/portal/MYGAFixedRate.tsx,"The page is a massive (2808 lines, 31 charts) client-side calculator for MYGA and S&P 500 comparisons. It lacks tRPC queries/mutations, operating as a client-only tool, but provides substantial utility.",Upgrade the calculator to persist scenarios directly via tRPC rather than relying on the simulated or client-side hook integration. Connect it to actual backend data where possible.
86,/portal/axonic-sp500,AxonicSP500,portal_other,4,healthy,client_only,Move to Secondary Information,,0.95,client/src/pages/portal/AxonicSP500.tsx,"The page is a complex, presentation-heavy prototype with entirely hardcoded financial data and projections. Although it includes several tRPC hooks, their results are never used, and it relies heavily on client-side state and dummy rows.","Move this static calculator to Secondary Information or a prototype directory until it can be connected to real, dynamic annuity data. Remove the unused tRPC hooks and dummy row generators."
87,/portal/athene-pe-plus15,AthenePEPlus15,portal_other,9,healthy,mixed_connected,Keep,,0.95,client/src/pages/portal/AthenePEPlus15.tsx,"The page is a highly complex illustration tool with 1348 lines of code, 33 charts, and 38 buttons. It uses tRPC queries, useAuth, and useClientData to fetch real data, though it also contains hardcoded strategy projection data. The lack of simulated timers and random values indicates genuine functionality.",Keep the page as it provides a robust illustration workflow with real data connections. No immediate action required.
88,/portal/athene-guaranteed-income,AtheneGuaranteedIncome,portal_other,6,healthy,static_reference,Keep,,0.9,client/src/pages/portal/AtheneGuaranteedIncome.tsx,"The page contains hardcoded constants (`ASCENT_PRO_ROLLUP`, `PSPI_INCOME_DATA`, etc.) and performs client-side calculations based on them. Although it imports several tRPC queries, their results are never used in the component, making it a purely static/client-only presentation tool.","Remove unused tRPC query hooks (clients, notes, activity, dashboard, pipeline) as they are not consumed in the component. The page functions entirely as a static reference tool with hardcoded data and should be maintained as such."
89,/portal/income-annuity-top10,IncomeAnnuityTop10,portal_other,9,healthy,mixed_connected,Keep,,0.95,client/src/pages/portal/IncomeAnnuityTop10.tsx,"The page provides a comprehensive, interactive tool for comparing income annuities, utilizing external data (`@shared/annuityData`) and real TRPC endpoints (`clients.get`, `notes.list`, `activity.list`, `strategy.get`, `scenario.list`). It features robust charting, filtering, and data projection capabilities, indicating a high-value, functional application rather than a mere prototype.",Keep this page as it provides substantial value. Consider moving some of the heavy calculation logic to the backend to improve client-side performance and ensure data consistency.
90,/portal/hot-income,HotIncome,portal_other,6,healthy,client_only,Move to Secondary Information,,0.95,client/src/pages/portal/HotIncome.tsx,"The page is a heavy client-side calculator with 1205 lines of code, 13 charts, and complex mathematical logic for tax brackets and oil/gas investments. It has 0 tRPC queries/mutations, meaning it is purely client-side logic despite the `useCalculatorIntegration` hook, which appears to manage local state or a generic interface.","Merge the calculator logic into the primary planning tools or move to Secondary Information if it serves as a standalone educational tool. Since it uses `useCalculatorIntegration`, evaluate if that hook provides any real persistence."
91,/portal/recommendations,Recommendations,portal_other,6,healthy,prototype,Improve,,0.95,client/src/pages/portal/Recommendations.tsx,"The component features elaborate UI elements and dynamic behavior, but the data is completely simulated using static mock arrays (e.g., `mockPieChartData`, `mockAreaChartData`, `riskMetrics`, `implementationSteps`). User interactions such as adding recommendations and toggling tabs are handled purely in client state, making this an advanced static prototype without a real backend.","The page is highly presentational and relies entirely on mock data arrays and static client-side logic to simulate complex financial planning. It should be kept as a prototype and improved by integrating real backend data, removing hardcoded logic, and wiring up the functional placeholders like \""Schedule Advisor Review\""."
92,/portal/client-files,ClientFiles,client_workflow,7,healthy,mixed_connected,Improve,,0.95,client/src/pages/portal/ClientFiles.tsx,"The page uses real tRPC queries and mutations for password verification, uploads, and file fetching, indicating some internet-backed functionality. However, it heavily relies on static analytics data, mock fallback documents, and toast notifications for critical actions like downloads and sharing, making it a mixed connected implementation.",Replace mock files and charts with dynamic data from tRPC endpoints. Fully implement file upload and download functionalities instead of relying on toast notifications.
93,/portal/real-estate-mogul,RealEstateMogul,portal_other,6,healthy,client_only,Improve,,0.8,client/src/pages/portal/RealEstateMogul.tsx,"The page is a massive client-side calculator with 41 charts and complex state management, but lacks forms or robust server mutations for persistence. It relies heavily on client-side calculations and mock data.",Integrate actual database persistence for saving scenarios and properties instead of relying on client-side state. Reduce the number of charts to improve performance and clarity.
94,/portal/fia-top10,FIATop10,portal_other,4,healthy,client_only,Move to Secondary Information,,0.95,client/src/pages/portal/FIATop10.tsx,"The page relies heavily on client-side state and simulated calculations (`calcGrowth`) rather than server-side logic, despite fetching some initial data via tRPC. Many interactive elements, such as scenario buttons and export selectors, lack functional handlers, and carrier ratings are hardcoded literals, indicating it functions more as a presentation prototype.",Move this page to Secondary Information since it is primarily a presentation-heavy calculator with simulated interactions. The core calculations and scenarios should be integrated into a unified financial planning view rather than existing as a standalone interactive prototype.
95,/portal/tax-return-upload,TaxReturnUpload,portal_other,9,healthy,mixed_connected,Keep,,0.95,client/src/pages/portal/TaxReturnUpload.tsx,"The TaxReturnUpload component offers a robust workflow for uploading, extracting, and simulating tax return data, utilizing TRPC for API interactions and Recharts for complex data visualizations. It maintains multiple user states and features extensive tax logic, although some parts rely on local state simulations.",Continue to maintain the page and ensure the tax bracket logic remains updated with the latest tax laws. Consider expanding test coverage for the complex simulated tax liability calculations.
96,/portal/advisor-income-calculator,AdvisorIncomeCalculator,analysis_calculator,7,healthy,mixed_connected,Improve,,0.9,client/src/pages/portal/AdvisorIncomeCalculator.tsx,"The page implements an advisor income calculator using a hardcoded static array of carrier products (CARRIER_DATABASE). It uses tRPC for tracking usage and saving calculations, making it a mixed connected implementation. The core workflow is valuable but relies on static data.",Move the hardcoded CARRIER_DATABASE to a backend database table and fetch via tRPC. Update the calculator logic to use dynamic carrier data instead of a static array.
97,/portal/social-security,SocialSecurityOptimizer,portal_other,6,healthy,client_only,Keep,,0.9,client/src/pages/portal/SocialSecurityOptimizer.tsx,"The page contains extensive presentation logic (33 charts) and client-side calculations but lacks tRPC queries or mutations. It uses `useCalculatorIntegration` which suggests some backend sync, but the core functionality is client-only.",Ensure the calculator's state can be persisted to the backend via tRPC rather than relying solely on local React state. Integrate actual data fetching for user scenarios.
98,/portal/client-onboarding,ClientOnboardingWizard,client_workflow,9,healthy,database_backed,Keep,,0.95,client/src/pages/portal/ClientOnboardingWizard.tsx,"The page provides a comprehensive 8-step wizard for client onboarding, featuring deep interactive states, AI recommendations via tRPC mutations, and final data persistence to the database. It handles complex form state and effectively drives the primary onboarding workflow without relying on placeholder behavior.","Maintain current functionality as this is a core business workflow. Ensure all backend tRPC endpoints (clients.create, onboardingWizardV2.getRecommendation, etc.) remain stable."
99,/portal/saved-scenarios,SavedScenariosHub,portal_other,6,healthy,mixed_connected,Improve,,0.85,client/src/pages/portal/SavedScenariosHub.tsx,"The page connects to real tRPC endpoints for clients and scenarios, but the core analytical engine (computeProjection and the Monte Carlo simulation) is entirely simulated on the client side with hardcoded variables and fake progress timers. The heavy reliance on placeholder logic limits its true utility.",Replace the client-side simulated projection math and fake Monte Carlo timers with actual backend analytical services. Consolidate the excessive chart views if they do not add unique value.
100,/portal/ai-recommender,AiStrategyRecommender,ai_workflow,8,healthy,database_backed,Keep,,0.9,client/src/pages/portal/AiStrategyRecommender.tsx,"The page implements a complex AI strategy recommendation workflow with 5 tRPC queries and 2 mutations, showing strong server connectivity. However, it contains a simulated timer and a few placeholder terms that need to be addressed.",Replace the simulated timer with actual server response handling. Update placeholder terms with real content.
101,/portal/email-campaigns,EmailCampaignManager,ai_workflow,9,healthy,database_backed,Keep,,0.95,client/src/pages/portal/EmailCampaignManager.tsx,"The page has comprehensive tRPC integrations for querying campaigns, templates, and clients, as well as multiple mutations for creating, updating, and managing campaigns. It manages its own state and renders complex charts based on backend data, proving it is a database-backed, high-value page.",Keep this page and maintain its backend integration. It provides high value through a complete workflow.
102,/portal/compliance-audit,ComplianceAuditCenter,portal_other,8,healthy,mixed_connected,Improve,,0.9,client/src/pages/portal/ComplianceAuditCenter.tsx,"The page connects to 7 real tRPC queries for compliance logs, stats, and alerts, showing strong backend integration. However, it relies on simulated timers and mock data fallbacks for charts and empty states, indicating a mixed implementation level.","Remove fallback mock data from charts and empty states, ensuring the UI accurately reflects the real backend tRPC data. Validate that all 7 tRPC queries are correctly handling loading and error states without relying on simulated timers."
103,/portal/education,EducationHub,reference_education,3,healthy,static_reference,Move to Secondary Information,,0.95,client/src/pages/portal/EducationHub.tsx,"The page contains extensive hardcoded content (EDUCATION_CONTENT) and filters. Although several tRPC queries are initialized, their results are completely ignored, and the page renders 36 identical charts alongside unused state variables.","Remove unused tRPC queries and redundant state variables. Consolidate the duplicate charts into a single visualization or remove them if unnecessary, and consider migrating the hardcoded content to a database or moving the page to a static resource section."
104,/portal/affiliate-links,AffiliateLinkManager,portal_other,7,healthy,mixed_connected,Improve,,0.95,client/src/pages/portal/AffiliateLinkManager.tsx,"The page connects to trpc.referralLinks for listing, stats, creating, and toggling links, indicating a database-backed implementation. However, the engagement trends chart uses Math.random() to simulate data, making it mixed_connected. No duplication was found.","The page connects to a backend database for links and stats, but uses Math.random() for the trend chart. Keep it but fix the simulated chart data to use actual backend timeseries data."
105,/portal/hidden-material,HiddenMaterial,portal_other,5,healthy,mixed_connected,Move to Secondary Information,,0.9,client/src/pages/portal/HiddenMaterial.tsx,"The page implements a password-protected archive for legacy tools and calculators with real TRPC queries and mutations for authentication, tracking, and server status. While it serves as a historical reference and uses connected endpoints, its value is niche (legacy archive) and potentially better suited for secondary access or retirement if no longer needed.","Review legacy tools and password gating functionality to decide whether this archive should remain accessible to users or be retired. If retained, verify that TRPC mutations/queries (verifyPassword, getServerStatus, getAnalytics, getAuditLogs) are fully backed by the database."
106,/portal/annuity-memory,AnnuityMemory,portal_other,6,healthy,static_reference,Keep,,0.95,client/src/pages/portal/AnnuityMemory.tsx,"The page provides a comprehensive lookup for 50-state annuity data and product limits, which is a useful reference. However, the data is statically imported from @shared/annuityData, and the numerous tRPC hooks (clients, notes, activity, etc.) are unused. It also contains a 'Sandbox' section with 30+ unconnected, simulated state variables (i1 to i30) and controls that do nothing.",Remove the simulated hooks and unused interactive sandbox controls. Keep as a static reference tool for annuity data and state limits.
107,/portal/annuity-accumulation-db,AnnuityAccumulationDB,portal_other,7,healthy,mixed_connected,Keep,,0.95,client/src/pages/portal/AnnuityAccumulationDB.tsx,"The page is a detailed, functional annuity accumulation dashboard that leverages shared data and calculations. It is protected by a tRPC-backed password gate, indicating mixed connectivity.",Maintain the page and ensure the underlying shared data remains updated. Consider integrating live carrier API data if possible.
108,/portal/house-recycling,HouseRecyclingStrategy,portal_other,6,healthy,client_only,Improve,,0.95,client/src/pages/portal/HouseRecyclingStrategy.tsx,"The page is a highly detailed, 1395-line real estate strategy calculator featuring complex client-side projections, 15 charts, and CSV export functionality. While it queries client data via tRPC, it lacks mutations to persist the calculated scenarios, relying entirely on client-side state and hardcoded success toasts.",Implement server-side persistence using tRPC mutations so users can save and retrieve their house recycling scenarios. Integrate more deeply with client data context.
109,/portal/sales-story,SalesStoryBuilder,portal_other,4,at_risk,prototype,Move to Secondary Information,,0.95,client/src/pages/portal/SalesStoryBuilder.tsx,"The page is a presentation builder that connects to tRPC but lacks loading/error states. It is largely a prototype, featuring unimplemented templates, an empty simulation handler, and simulated random data for historical returns.",Complete the remaining presentation templates and implement the simulation logic. Add proper loading and error states for the tRPC queries to ensure reliable rendering.
110,/portal/estate-flow,EstateFlowChart,portal_other,6,healthy,mixed_connected,Improve,,0.95,client/src/pages/portal/EstateFlowChart.tsx,"The page is a complex, presentation-heavy client-side calculator and visualization tool (34 charts). It pulls initial data via `useClientData` but handles simulations locally via `setInterval` and `useState` without persisting the results.",Connect the simulation outputs to a real backend persistence layer using tRPC mutations to save the estate projections. Replace the client-side simulation logic with robust server-side calculations if possible.
111,/portal/goals-planning,GoalsBasedPlanning,portal_other,5,at_risk,client_only,Improve,,0.95,client/src/pages/portal/GoalsBasedPlanning.tsx,"The page relies entirely on local React state (`useState`) for adding and removing goals, with five declared but unused tRPC queries. Several variables and handlers are improperly implemented or unused, confirming it functions merely as a client-side prototype with presentation-heavy components.",Remove the unused tRPC queries and fix the Add Goal dialog state updates. Connect the goal state to a persistent backend or merge the page into a functioning dashboard if it remains presentation-only.
112,/portal/risk-tolerance,RiskToleranceScoring,portal_other,9,healthy,database_backed,Keep,,0.95,client/src/pages/portal/RiskToleranceScoring.tsx,"The page provides a comprehensive risk tolerance assessment with actual database connections via tRPC for saving snapshots, fetching history, and detecting drift. It uses a simulated timer for visual effect but the core functionality is database-backed. No duplicate routes were found.",Continue to maintain and improve this feature as a core part of the portal.
113,/portal/scenario-play,MultiScenarioPlayZone,portal_other,4,healthy,client_only,Move to Secondary Information,,0.95,client/src/pages/portal/MultiScenarioPlayZone.tsx,"The page uses extensive client-side math to simulate financial scenarios and relies heavily on hardcoded default values and local state. Although it has trpc hooks (e.g., trpc.clients.list, trpc.scenarios.list), they are barely used and the core logic is entirely client-side simulation.","Move to Secondary Information or retire after owner approval since it relies entirely on hardcoded scenarios and math without server persistence or meaningful state management. If keeping, consider integrating with backend scenario storage."
114,/portal/withdrawal-sequencing,WithdrawalSequencing,portal_other,7,healthy,mixed_connected,Improve,,0.95,client/src/pages/portal/WithdrawalSequencing.tsx,"The component is a feature-rich decumulation strategy optimizer that utilizes trpc queries and mutations for client data and strategy saving. However, it still relies on some hardcoded data like MOCK_MARKET_RETURNS for its extensive chart simulations.",Replace the MOCK_MARKET_RETURNS with real market data fetched from the marketData query. Enhance error and loading states for the trpc calls to ensure a fully robust user experience.
115,/portal/business-owner,BusinessOwnerPlanning,administration,4,healthy,client_only,Move to Secondary Information,,0.9,client/src/pages/portal/BusinessOwnerPlanning.tsx,"The page is a massive client-side calculator using over 20 local state variables and `useMemo` for complex projections. It declares multiple TRPC queries that are never used, relies on hardcoded arrays for tables, and fakes a CSV export with a timeout, lacking any real persistence or server integration.",Move this page to a secondary tools menu or sandbox area. Remove unused TRPC query declarations and replace hardcoded arrays with real data fetches if it is to be fully integrated.
116,/portal/seminar-generator,SeminarGenerator,portal_other,3,healthy,client_only,Move to Secondary Information,,0.95,client/src/pages/portal/SeminarGenerator.tsx,"The page relies entirely on hardcoded INITIAL_TEMPLATES and mock data for charts. Although tRPC queries and mutations are declared, the queries are completely unused, and the only mutations actually called are for logging (e.g., logActivityMutation) or simulated AI generation (which just alerts ""Mocked""). Save operations only update local state without persisting.","This page is a heavily mocked, static prototype disguised as a functional tool. It should be moved to Secondary Information until actual backend persistence and data flow are implemented."
117,/portal/compliance-reports,ComplianceReportGenerator,reports_documents,6,healthy,mixed_connected,Keep,,0.9,client/src/pages/portal/ComplianceReportGenerator.tsx,"The page connects to multiple tRPC endpoints for data and mutations (e.g., saveReportMutation) but heavily relies on hardcoded mock arrays as fallbacks (using the `|| [...]` pattern) for alerts, audits, and stats. It contains extensive interactive UI elements but its data layer is only partially real.","Remove hardcoded mock data fallbacks for alerts, audits, stats, team, and saved reports. Ensure all tRPC endpoints are fully implemented and return real data from the backend."
118,/portal/advisor-training,AdvisorTraining,reference_education,4,healthy,client_only,Move to Secondary Information,,0.95,client/src/pages/portal/AdvisorTraining.tsx,"The Advisor Training page is an extensive prototype built with hardcoded questions and dummy data for leaderboards, webinars, and certification status. Although it includes tRPC hooks for various queries, none of this server data is actually used to populate the training modules or user progress. The interactive quiz logic is purely client-side state without persistence.","Move this training module prototype to Secondary Information since it is mostly a static, hardcoded demonstration. Alternatively, connect the quiz progress, scores, and certification status to a real backend database to make it a fully functional training portal."
119,/portal/agency-tutorial,AgencyTutorial,reference_education,9,healthy,database_backed,Keep,,0.95,client/src/pages/portal/AgencyTutorial.tsx,"The page is an extensive agency tutorial with real tRPC endpoints (`trpc.tutorial.getProgress`, `trpc.tutorial.saveProgress`, `trpc.tutorial.completeSection`) and significant workflow logic for onboarding agency leaders. It has no duplicate routes and demonstrates strong, differentiated workflow.","Keep the tutorial workflow intact, as it provides high value for onboarding agency leaders. Ensure that the tRPC endpoints reliably persist progress to the backend."
120,/portal/agent-tutorial,IndividualAgentTutorial,reference_education,5,at_risk,mixed_connected,Improve,,0.9,client/src/pages/portal/IndividualAgentTutorial.tsx,"The page is a gamified tutorial that uses tRPC for saving progress but relies heavily on static client-side content (WELCOME_SLIDES, QUESTIONNAIRE, TOP_FEATURES). The render health is at_risk due to source-level inconsistencies in the recommendation logic referencing non-existent array items.","Fix the inconsistencies in the recommendation logic where it references non-existent questionnaire keys (q9, q10) and feature IDs (f6-f15). Ensure the static tutorial content matches the logic."
121,/portal/monitoring-agreement,SupervisorMonitoringAgreement,portal_other,3,healthy,mixed_connected,Retire,,0.9,client/src/pages/portal/SupervisorMonitoringAgreement.tsx,"The page is an agreement signing form (`SupervisorMonitoringAgreement`) that mixes actual database connection (`trpc.agency.checkAgreementStatus` and `signMonitoringAgreement`) with extensive simulated charting data (`Math.random`). It also has unused/disabled tRPC queries for clients, notes, and activity. The excessive chart rendering on a legal agreement page suggests it's bloated or a copy-paste error.",Retire the page and move its agreement signing functionality to a modal or a settings section within the user profile. The extensive chart rendering and simulated data should be removed as they are unnecessary for a legal agreement page.
122,/portal/team-management,TeamManagement,portal_other,9,healthy,database_backed,Keep,,0.95,client/src/pages/portal/TeamManagement.tsx,"The page provides a comprehensive team management workflow with extensive tRPC queries and mutations for teams, members, activity, and compliance. It is a highly interactive, database-backed dashboard essential for portal administration.",Maintain the page as a core team management feature. Monitor tRPC query performance for large teams.
123,/portal/owner-oversight,OwnerOversight,administration,7,healthy,mixed_connected,Improve,,0.9,client/src/pages/portal/OwnerOversight.tsx,"The Owner Oversight dashboard provides essential administrative workflows and connects to multiple real tRPC queries for team and document management. However, its visual reporting relies heavily on mock data generators and actions like export are simulated with timeouts.",Replace the mock data generators with real backend metrics queries for the charts and performance views. Implement the actual export functionality instead of using a simulated timeout delay.
124,/portal/predictive-analytics,PredictiveAnalytics,portal_other,3,healthy,prototype,Move to Secondary Information,,0.95,client/src/pages/portal/PredictiveAnalytics.tsx,"The page is a complex prototype that performs extensive client-side financial calculations using hardcoded initial state. Although it imports and calls several tRPC queries, the results are unused, making the backend integration simulated.",Connect the tRPC queries to actually populate the client profile and scenario data instead of using hardcoded defaults. Remove unused tRPC queries or implement their corresponding UI sections.
125,/portal/collaborative-planning,CollaborativePlanning,portal_other,3,at_risk,client_only,Move to Secondary Information,/portal/dashboard,0.95,client/src/pages/portal/CollaborativePlanning.tsx,"The page uses static arrays (DEFAULT_TASKS, DEFAULT_NOTES, DOCUMENTS, TEAM_MEMBERS) for all its data and relies on local React state (useState) for interactions like adding notes and updating task status. There are trpc hooks present but they are explicitly disabled (`{ enabled: false }`). Additionally, the timeline tab mutates the state-derived `tasks` array during render (`tasks.sort(...)`), which is a React anti-pattern and render risk.","Merge the collaborative planning workflow into the main client dashboard or retire if it's just a mockup. The page currently relies on hardcoded data arrays and local state mutations, making it non-functional for real multi-advisor collaboration."
126,/portal/market-data,MarketDataDashboard,portal_other,5,healthy,mixed_connected,Improve,,0.9,client/src/pages/portal/MarketDataDashboard.tsx,"The page fetches live feed snapshots and market data via tRPC, demonstrating mixed connectivity. However, most visual charts and tables rely on large hardcoded arrays, and the analytics tab is a static paywall placeholder.",Replace the hardcoded reference arrays with dynamic tRPC endpoints. Remove the placeholder analytics tab or implement its functionality.
127,/portal/ai-meeting-notes,AIMeetingNotes,ai_workflow,2,healthy,prototype,Retire,,0.95,client/src/pages/portal/AIMeetingNotes.tsx,"The page is a low-value prototype consisting mostly of placeholder buttons logging to the console, hardcoded chart data, and over 700 lines of filler comments to reach 1000 lines. While it queries some trpc endpoints, it has no mutations or real interactive state.","Retire the page after owner approval as it contains no real functionality. The page consists of hardcoded chart data, hundreds of filler lines, and placeholder buttons that only log to the console."
128,/portal/client-portal-config,ClientPortal,client_workflow,4,healthy,prototype,Move to Secondary Information,,0.95,client/src/pages/portal/ClientPortal.tsx,"The page declares 8 tRPC queries but does not use them, relying entirely on large mock arrays like SAMPLE_DOCUMENTS and MILESTONES. All 30 interactive elements trigger simulated toast messages without any real mutations or form submissions. It functions purely as a visual preview prototype.",Move the static presentation code to Secondary Information for reference. Replace this route with a fully connected version using the actual tRPC queries and mutations.
129,/portal/document-templates,DocumentTemplates,reports_documents,3,healthy,client_only,Keep,,0.95,client/src/pages/portal/DocumentTemplates.tsx,"The page is a pure frontend prototype relying on a hardcoded TEMPLATES array for data. Although multiple tRPC queries and mutations are defined, all queries are explicitly disabled and mutations are never called, with all state changes happening only in local React state.","Connect the disabled tRPC queries to the backend to fetch real templates. Replace the hardcoded TEMPLATES array and local state modifications with actual database mutations for saving, starring, and AI generation."
130,/portal/commission-calculator,CommissionCalculator,analysis_calculator,5,healthy,client_only,Move to Secondary Information,,0.95,client/src/pages/portal/CommissionCalculator.tsx,"The page is a complex, feature-rich commission calculator, but all policy data is managed in local React state with mock placeholder data. While it fetches TRPC data (clients, team, goals, marketData), the core policy management workflow is entirely client-side and simulated without backend persistence.","Move this tool to a secondary resource section since it doesn't persist data to the backend. Alternatively, integrate it with TRPC mutations to save policies to the database."
131,/portal/carrier-comparison,CarrierComparison,portal_other,7,healthy,client_only,Keep,,0.95,client/src/pages/portal/CarrierComparison.tsx,"The CarrierComparison component renders a static list of insurance products and performs client-side filtering and comparisons. Although it declares several tRPC queries (like clients.list, notes.list, etc.), none of them are actually used in the rendering logic. Therefore, it is a client-only implementation acting as a static reference tool.",Remove unused tRPC hooks to clean up the code. Ensure the static PRODUCTS list is moved to a database or external API if dynamic updates are needed.
132,/portal/referral-tracking,ReferralTracking,portal_other,3,healthy,prototype,Move to Secondary Information,,0.95,client/src/pages/portal/ReferralTracking.tsx,"The page relies entirely on extensive hardcoded mock data and disabled tRPC query hooks. It contains zero mutations, uses simulated timers for refresh actions, and includes numerous dummy action handlers, confirming it is just a presentation prototype.",Move this prototype to Secondary Information as it relies purely on mock data and simulated actions. A complete backend implementation with real database mutations is required before it can be useful.
133,/portal/tax-brackets,TaxBracketVisualizer,portal_other,8,healthy,mixed_connected,Improve,,0.9,client/src/pages/portal/TaxBracketVisualizer.tsx,"The page is highly functional with complex tax logic, dynamic Recharts, and actual tRPC data fetching and tracking. However, it relies on local state for simulation, uses a fake timeout for recalculation, and artificially inflates its line count with 150 hidden spacer divs.",Remove the 150 hidden spacer divs that artificially inflate line count. Refine state management to integrate simulation inputs more deeply with the backend instead of relying solely on local state overrides and artificial loading timeouts.
134,/portal/policy-review-checklist,PolicyReviewChecklist,portal_other,4,healthy,prototype,Move to Secondary Information,,0.95,client/src/pages/portal/PolicyReviewChecklist.tsx,"The page contains a comprehensive but entirely client-side checklist initialized from hardcoded data. While it has several tRPC queries, their results are never used in the render. All state changes (like checking items or resetting) happen locally without persistence, making this a prototype or static reference rather than a functional tool.","Move to Secondary Information or merge into a real policy review workflow. The page has extensive hardcoded data and client-side only state, with unused tRPC queries."
135,/portal/income-gap,IncomeGapAnalyzer,portal_other,8,healthy,mixed_connected,Keep,,0.9,client/src/pages/portal/IncomeGapAnalyzer.tsx,"The page is a highly interactive calculator with extensive client-side state for variables like desired income and age, but it also uses tRPC queries and mutations (e.g., scenarios.save) for real persistence. It provides a valuable and complex workflow for financial analysis with numerous charts and data inputs.",Keep the page as it provides a comprehensive workflow for analyzing income gaps and successfully integrates with backend endpoints for saving scenarios. Consider moving some complex local state calculations to the backend if performance issues arise.
136,/portal/medicare-irmaa,MedicareIRMAA,portal_other,3,healthy,client_only,Move to Secondary Information,,0.95,client/src/pages/portal/MedicareIRMAA.tsx,"The page is a static calculator relying entirely on hardcoded 2025 brackets and client-side React state. Despite declaring tRPC hooks, they are unused; the component features hardcoded success toasts, fake API status tables, and explicit dummy padding lines.","Remove the dummy padding lines and hardcoded API status tables. Merge the core calculator functionality into a more robust financial planning tool, or move it to Secondary Information if it remains a standalone prototype."
137,/portal/iul-historical,IULHistoricalPerformance,portal_other,8,healthy,mixed_connected,Improve,,0.95,client/src/pages/portal/IULHistoricalPerformance.tsx,"The page is a highly complex interactive tool (1200 lines, 36 charts) modeling IUL historical performance. It includes real tRPC mutations to save scenarios and log activity, but its queries for market and strategy data are disabled and fall back to hardcoded mock data, indicating a mixed connected implementation.",Enable the tRPC queries to fetch real market data instead of relying on hardcoded arrays. Ensure the save scenario mutation properly updates the client profile.
138,/portal/index-strategies,IndexStrategyComparison,portal_other,4,healthy,client_only,Move to Secondary Information,,0.95,client/src/pages/portal/IndexStrategyComparison.tsx,"The page contains several tRPC hooks for data fetching and mutations, but they are either completely unused or their results are ignored (e.g., an empty useEffect for marketDataQuery.data). The core logic relies entirely on hardcoded arrays (SP500_RETURNS, DEFAULT_STRATEGIES) and local state, making it a client-only prototype calculator without actual persistence or real server behavior.",Move the component and its complex hardcoded calculators out of the primary application routes into a secondary documentation or reference section. Remove the unused tRPC hooks and empty mutations before moving.
139,/portal/retirement-projection,RetirementIncomeProjection,portal_other,6,healthy,mixed_connected,Improve,,0.95,client/src/pages/portal/RetirementIncomeProjection.tsx,"The page contains 7 tRPC queries but 0 mutations, indicating it reads data but does not save it. It has 50 random values (e.g., handleAction0 through handleAction49) which suggests heavy simulation or placeholder behavior, despite the real queries.",Remove the 50 hardcoded random handlers and replace them with real data logic. Refactor the page to reduce the 1651 lines of code by extracting smaller components.
140,/portal/tax-advantaged-growth,TaxAdvantagedGrowth,portal_other,6,healthy,client_only,Improve,,0.95,client/src/pages/portal/TaxAdvantagedGrowth.tsx,"The page is a highly complex, presentation-heavy calculator utilizing `useClientData` for initialization but primarily relies on extensive client-side state (`useState`) to compute hypothetical financial projections. Although five tRPC queries are imported and called, their returned data is completely unused in the render or logic, rendering the page effectively client-only.",Remove the unused tRPC queries that do not affect the component's state or render. Connect the page to a backend to persist calculation inputs or export generated projections.
141,/shared/:token,SharedProjection,public_or_auth,9,healthy,database_backed,Keep,,0.95,client/src/pages/SharedProjection.tsx,"The page uses a tRPC query (`trpc.sharedProjections.getByToken`) to fetch real projection data from the server using the route token. It properly handles loading, error, and expiration states, and dynamically renders complex financial projections and charts based on the fetched data, proving it is fully database-backed.",Maintain this page as it provides essential functionality for sharing projections with clients. No immediate changes are required.
142,/shared-slides/:token,SharedSlidesViewer,public_or_auth,9,healthy,database_backed,Keep,,0.95,client/src/pages/SharedSlidesViewer.tsx,"The page has real tRPC integration (`trpc.slides.getByShareToken.useQuery`) and handles loading/error states properly. It has a complex, interactive presentation viewer with fullscreen support and comment functionality, proving strong implementation value.",Keep as the primary presentation viewer. Consider adding download options or more robust access control features.
143,/portal/voice-plan,VoicePlanBuilder,portal_other,8,healthy,database_backed,Keep,,0.95,client/src/pages/portal/VoicePlanBuilder.tsx,"The component makes multiple tRPC queries (clients, strategy, riskScoring, team, compliance, marketData, scenarios) and uses AI-related mutations. Despite a few hardcoded values (random metrics), it represents a high-value workflow with real server connections.",The page demonstrates robust integration with the backend through numerous tRPC queries and functional mutations. Keep the page and ensure all edge cases are tested.
144,/portal/client-snapshot,ClientSnapshotMap,client_workflow,7,healthy,mixed_connected,Improve,,0.95,client/src/pages/portal/ClientSnapshotMap.tsx,"The page fetches a client list via tRPC (`trpc.clients.list.useQuery()`) and uses it to populate the client selector. However, the vast majority of the page's functionality (FICO, credit cards, CDs, annuities, pensions, inheritance, real estate) relies entirely on extensive local `useState` hooks with default values and performs client-side calculations without saving back to the database. It provides a useful, high-value comprehensive snapshot but suffers from significant state gaps since user inputs are lost on refresh.","Move the extensive local-state calculators and projection tabs into separate focused pages or connect them to the backend to persist client data. Currently, only the initial client list is fetched from the server."
145,/portal/tax-opportunities,TaxOpportunityDetector,portal_other,8,healthy,mixed_connected,Keep,,0.9,client/src/pages/portal/TaxOpportunityDetector.tsx,"The page provides a robust, interactive tool for identifying tax opportunities based on client data. It connects to tRPC endpoints for client lists, tax history, recommendations, and saving strategies, but also heavily relies on client-side calculations for tax brackets and deductions.",Consider moving complex tax calculations (like RMD projections or bracket optimizations) to the backend to ensure consistency across the application. Add more comprehensive error handling for the tRPC mutations.
146,/portal/workflow-automations,WorkflowAutomations,portal_other,3,healthy,client_only,Move to Secondary Information,,0.9,client/src/pages/portal/WorkflowAutomations.tsx,The page uses a hardcoded PRESET_RULES array and a setTimeout to simulate loading. Five tRPC queries are imported and called but their returned data is never used in the UI.,Move this prototype to Secondary Information since it is a pure client-side simulation. Remove the unused tRPC hooks and consider migrating the static logic to a real backend if this feature is prioritized.
147,/portal/scenario-side-by-side,ScenarioSideBySide,portal_other,8,healthy,database_backed,Keep,,0.9,client/src/pages/portal/ScenarioSideBySide.tsx,"The page provides a robust scenario side-by-side comparison tool with heavy data visualization (39 charts). It is fully integrated with the backend via 6 tRPC queries fetching real client, market, risk, and strategy data.",Maintain the page as a core analytical tool. Consider adding mutations if users need to save specific comparison views.
148,/portal/client-health,ClientHealthDashboard,client_workflow,6,healthy,mixed_connected,Improve,,0.95,client/src/pages/portal/ClientHealthDashboard.tsx,"The page uses genuine tRPC queries for clients, team members, market data, and alerts, and real mutations for notes and meetings. However, the core client health scoring, alerts generation, historical trends, and risk metrics are heavily simulated in useMemo blocks on the client side.","Replace the simulated client health logic (historical data, risk metrics, health scores) with actual backend API calls. Wire up the remaining UI controls like 'Email Report' and 'Assign' to real mutations."
149,/portal/client-intake,ClientIntakeInterview,client_workflow,4,healthy,prototype,Move to Secondary Information,,0.95,client/src/pages/portal/ClientIntakeInterview.tsx,"The page is a highly complex prototype that simulates an interactive client intake interview and dashboard. While it includes tRPC queries and mutations, the queries are unused and the mutations merely trigger hardcoded success toasts without real data persistence. The extensive use of mock tables, simulated timers, and local state confirms its prototype nature.","Move this page to Secondary Information since it is a static prototype with simulated interactions. Before retiring or refactoring, owner approval is required to confirm if the complex UI layout should be preserved for a future real implementation."
150,/portal/portfolio-drift,PortfolioDriftMonitor,portal_other,4,healthy,prototype,Move to Secondary Information,,0.95,client/src/pages/portal/PortfolioDriftMonitor.tsx,"The component defines tRPC queries (e.g., clients.list, marketData.getLatest) but never actually uses the returned data. Instead, it relies entirely on hardcoded constants like DEFAULT_PORTFOLIO and HISTORICAL_DRIFT_DATA, using setTimeout and Math.random() to simulate drift and rebalance actions purely on the client side.",Connect the component to actual backend endpoints to fetch real portfolio and market data. Remove the simulated random drift generation and rely on actual live metrics before moving it back to primary navigation.
151,/portal/data-query,NaturalLanguageQuery,portal_other,3,healthy,prototype,Move to Secondary Information,,0.95,client/src/pages/portal/NaturalLanguageQuery.tsx,"The component simulates natural language queries by applying regex checks to the client list fetched via tRPC, assigning random confidence scores and returning static fallback answers. The 'processQuery' function operates entirely client-side without any real NLP or backend processing, making it a prototype.","The page's natural language querying is entirely simulated with regex rules on client-side data, and heavily relies on hardcoded patterns and random confidence scores. It should be moved to Secondary Information until a real backend NLP service is implemented."
152,/portal/engagement-score,ClientEngagementScore,portal_other,6,healthy,mixed_connected,Improve,,0.9,client/src/pages/portal/ClientEngagementScore.tsx,The page connects to tRPC for client lists and activities but wraps the data in a heavy client-side mock data generator (`generateMockData`) for engagement metrics. It logs actions to the backend but the core engagement scoring logic is simulated on the client.,Move mock data generation to backend and use real metrics. Remove client-side simulated data functions.
153,/portal/presentation-builder,PresentationBuilder,reports_documents,4,healthy,client_only,Move to Secondary Information,,0.95,client/src/pages/portal/PresentationBuilder.tsx,"The page loads some read-only tRPC queries for clients/notes, but presentation creation, saving, and exporting are entirely client-side state with simulated toasts. The \""Data Sources\"" tab shows static data objects (portfolioData, projectionData, etc.) and non-functional \""Edit Data Points\"" buttons. It functions as a complex static prototype rather than a real persisted tool.","This is a heavy client-side UI with complex local state (slides array, drag/drop sorting, auto-populate logic) but no actual backend persistence for the presentations created. The data tab claims integration but only has placeholder edit buttons. Move to secondary information or retire if a real presentation builder isn't planned, as this is essentially a static prototype."
154,/portal/ai-slides,AISlideGenerator,reports_documents,9,healthy,mixed_connected,Keep,,0.95,client/src/pages/portal/AISlideGenerator.tsx,"The source code shows active integration with TRPC for fetching clients, remaining slide quota, and generating/saving PPTX files. The implementation is robust with proper error handling and state management, lacking any placeholder or simulation code.",Continue to monitor usage and consider adding more analytics data if requested by users. No immediate action required.
155,/portal/my-slides,MySlides,reports_documents,8,healthy,database_backed,Keep,,0.95,client/src/pages/portal/MySlides.tsx,"The MySlides page features a robust presentation interface with real server integration, using multiple distinct tRPC queries and mutations for operations like listing, updating, duplicating, and deleting slides. It maintains strong user states for presentation mode and collaboration without relying on simulated data.",Ensure test coverage exists for all tRPC mutations and continue maintaining the complex presentation state logic.
156,/portal/command-center,OwnerWarRoom,portal_other,3,healthy,prototype,Retire,,0.95,client/src/pages/portal/OwnerWarRoom.tsx,The page defines 9 tRPC queries but relies extensively on Math.random() and simulated timers to populate its 33 charts and active states. It functions primarily as a presentation prototype rather than a genuinely connected war room.,"Retire the page as it relies heavily on mock data and simulated timers for its numerous charts, providing no real operational value. If the layout is needed for future development, move it to secondary information."
157,/portal/batch-slides,BatchSlides,reports_documents,3,healthy,prototype,Move to Secondary Information,,0.9,client/src/pages/portal/BatchSlides.tsx,"The page is largely a prototype. Although it contains hooks for `trpc.slides.batchGenerate.useMutation` and `trpc.clients.list.useQuery`, the source code contains 400 `dummyVar` declarations to artificially inflate line count, and hardcoded static arrays for generation stats. The actual logic is minimal and presentation-heavy.",Remove the massive blocks of dummy variables and hardcoded static data. Implement real backend integrations for the statistics and presentation generation before considering this for production.
158,/portal/compliance-audit-trail,ComplianceAuditTrail,ai_workflow,4,healthy,prototype,Improve,,0.95,client/src/pages/portal/ComplianceAuditTrail.tsx,The page uses tRPC queries to fetch some data but heavily relies on a client-side loop with Math.random() to generate 200 mock audit entries. This indicates it is a simulated prototype rather than a fully functional feature.,Remove client-side mock data generation and fully integrate the table with real backend data via tRPC. Enhance the error handling and loading states to reflect actual API responses.
159,/portal/lead-generator,LeadGenerator,portal_other,3,healthy,prototype,Move to Secondary Information,,0.95,client/src/pages/portal/LeadGenerator.tsx,"The page is a highly simulated prototype that generates mock leads using Math.random() inside a setTimeout, despite defining several tRPC hooks. The tRPC queries are explicitly disabled ({ enabled: false }), confirming it is not actually database-backed or internet-backed.",Move this prototype to Secondary Information since it relies on simulated data generation with Math.random() and setTimeout. Remove or document the disabled tRPC queries to prevent confusion.
160,/portal/financial-vitals,FinancialVitalsScorecard,portal_other,5,healthy,prototype,Improve,,0.9,client/src/pages/portal/FinancialVitalsScorecard.tsx,"The page is a highly complex prototype dashboard featuring many charts and metrics but relies entirely on client-side calculations (`computeVitals`), hardcoded generation functions (`generateTrendData` with `Math.random()`), and lacks any server mutations (0 `trpc_mutations`). Although it fetches client lists and stats via `trpc_queries`, the core functionality is simulated and presentation-heavy.",Replace the client-side `computeVitals` and mock data generation with real backend trpc endpoints to persist and retrieve scorecard history. Connect the interactive elements like 'Run Simulation' to actual server mutations.
161,/portal/estate-document-gen,EstateDocumentGenerator,reports_documents,3,healthy,client_only,Move to Secondary Information,,0.95,client/src/pages/portal/EstateDocumentGenerator.tsx,"The page relies on a client-side `generateDocContent` function that returns hardcoded text templates with placeholders like `[SPOUSE NAME]` and `[NUMBER]`. All generation, including the 2-second simulated delay, occurs on the client without mutations. Subsequent actions like ""Share with Client"" lack handlers, and the checklist uses a hardcoded 40% completion bar.","Since the page merely generates static text drafts with hardcoded placeholders on the client side, it should be moved to Secondary Information to avoid misleading users into thinking it performs actual server-side legal document generation. Remove the PRO badge and explicitly label it as a static template viewer."
162,/portal/retirement-guardrails,RetirementGuardrails,ai_workflow,9,healthy,database_backed,Keep,,0.95,client/src/pages/portal/RetirementGuardrails.tsx,"The page provides a comprehensive retirement guardrails simulation that is fully database-backed, leveraging real client data, market data, risk profiles, and tax rates via tRPC. It includes complex charting and data visualization without significant duplication or mock data reliance.",Continue maintaining the page. Ensure the single simulated timer for loading states is eventually replaced with actual query loading states if possible.
163,/portal/client-self-service,ClientSelfServicePortal,client_workflow,6,healthy,mixed_connected,Improve,,0.95,client/src/pages/portal/ClientSelfServicePortal.tsx,"The page uses 6 tRPC queries for fetching data (clients, stats, activity, compliance logs, messages, documents), but has 0 tRPC mutations. The settings save button and export/refresh actions use hardcoded success toasts and simulated timers instead of actual backend operations.",Convert the hardcoded settings save button to use a tRPC mutation to actually persist configuration changes. Replace simulated timers and hardcoded success toasts with real backend interactions for data exports and refreshes.
164,/portal/tax-loss-harvesting,TaxLossHarvestingScanner,portal_other,4,healthy,prototype,Move to Secondary Information,,0.95,client/src/pages/portal/TaxLossHarvestingScanner.tsx,The page uses hardcoded `SAMPLE_HOLDINGS` data and a simulated 2-second `setTimeout` loading state. The `executeHarvest` function only shows a toast message and resets state without any tRPC mutations. Five out of six tRPC queries are explicitly disabled.,The page relies entirely on hardcoded sample holdings and a mocked execution function. The tRPC queries are mostly disabled and unused. It should be moved to secondary information or retired until backend integration and actual execution logic are implemented.
165,/portal/beneficiary-optimization,BeneficiaryOptimization,portal_other,4,healthy,prototype,Move to Secondary Information,,0.95,client/src/pages/portal/BeneficiaryOptimization.tsx,"The page uses tRPC to read some data but relies on a hardcoded `generateAccounts` function to create dummy beneficiary accounts based on simple client properties. All subsequent interactions, filters, charts, and simulations are purely client-side state without any server mutations.","Move this page to Secondary Information or retire it. If retained, replace the hardcoded `generateAccounts` and client-side simulations with actual backend data and persistence."
166,/portal/fee-transparency,FeeTransparencyDashboard,portal_other,5,healthy,client_only,Improve,,0.95,client/src/pages/portal/FeeTransparencyDashboard.tsx,The page provides a comprehensive UI for fee transparency but calculates all fee data client-side using hardcoded basis point assumptions rather than a real billing engine. Key actions like PDF export are simulated with timeouts.,Move the fee calculation logic to the backend to use actual billing data instead of client-side estimates. Implement real PDF generation for the export functionality.
167,/portal/succession-planning,SuccessionPlanningWizard,portal_other,4,at_risk,prototype,Move to Secondary Information,,0.9,client/src/pages/portal/SuccessionPlanningWizard.tsx,"The succession planning wizard is a client-side prototype with placeholder logic and inert export buttons. While it uses tRPC for saving, the core calculation and reporting features lack robust backend persistence and validation, and string replacements on empty initial states create render risks. The presence of unused filler components further indicates it is not production-ready.","Move the succession planning wizard to Secondary Information pending a complete backend integration of the valuation logic. Fix the render risks by ensuring string replacements are only called on valid non-empty strings, and clean up the dead code."
168,/portal/ai-policy-review,AIPolicyReviewGap,ai_workflow,5,healthy,client_only,Move to Secondary Information,,0.95,client/src/pages/portal/AIPolicyReviewGap.tsx,"The page uses client-side calculations (`analyzeGapsDetailed`) to derive all its metrics, charts, and recommendations. While it fetches initial data via tRPC queries, all interactive features (analysis, proposal generation, sharing) are simulated with `setTimeout` or local state changes without real backend persistence.",Keep the page but move it to Secondary Information as it is primarily a presentation-heavy calculator with simulated actions. Connect the 'Run AI Analysis' and 'Generate Implementation Plan' buttons to actual backend mutations rather than simulated timeouts.
169,/portal/smart-rebalancing,SmartRebalancingAlerts,portal_other,6,healthy,mixed_connected,Improve,,0.95,client/src/pages/portal/SmartRebalancingAlerts.tsx,"The page reads real client, strategy, and market data via tRPC queries (e.g., trpc.clients.list, trpc.complianceAlerts.list), but the core rebalancing execution action uses a simulated setInterval progress bar instead of a backend mutation. The UI is complex and feature-rich but incomplete in its primary write operation.",Replace the simulated setInterval execution block with an actual tRPC mutation to process the rebalancing trades. Integrate the mock confirmation flow with the backend execution service.
170,/portal/compliance-monitoring,ComplianceMonitoringDashboard,portal_other,4,healthy,prototype,Improve,,0.95,client/src/pages/portal/ComplianceMonitoringDashboard.tsx,"The page is a highly detailed prototype with extensive UI components. However, the core data is driven by a 50-item mock generator, and most interactive actions just trigger dummy toast notifications. While it fetches some TRPC queries for high-level stats, the primary list data is disconnected from the database.","Replace the `generateComplianceItems` mock array with a TRPC query that fetches real compliance items from the database. Implement the corresponding TRPC mutations for the actions currently triggering dummy toasts (e.g., marking items resolved, updating settings, creating policies)."
171,/portal/multi-gen-wealth,MultiGenWealthTransfer,portal_other,4,healthy,prototype,Move to Secondary Information,,0.95,client/src/pages/portal/MultiGenWealthTransfer.tsx,"The page is a presentation-heavy prototype that relies on a simulated Monte Carlo progress bar and heavily hardcoded chart data generators. Although it fetches some client data via tRPC, the core projections and simulations are static client-side math.",Move the page to Secondary Information pending owner review. Replace the simulated Monte Carlo timer and hardcoded data generators with actual backend calculation endpoints before promoting it to a primary workflow.
172,/portal/charitable-giving,CharitableGivingOptimizer,portal_other,6,healthy,mixed_connected,Improve,,0.95,client/src/pages/portal/CharitableGivingOptimizer.tsx,"The page is a detailed visualization tool connecting to multiple tRPC queries (clients, taxRates) and a mutation to save strategies. However, the core strategy logic and its rules are hardcoded on the client in the computeStrategies function, rendering it a mixed implementation.",Move the client-side computeStrategies logic to the backend to centralize tax rules and strategy generation. Replace placeholder search and hardcoded mock strategy definitions with database-driven or server-calculated responses.
173,/portal/market-stress-test,MarketScenarioStressTest,portal_other,8,healthy,mixed_connected,Keep,,0.95,client/src/pages/portal/MarketScenarioStressTest.tsx,"The page connects to trpc queries (clients.list, scenarios.list, marketData.getLatest, etc.) to fetch data, but computeImpact logic is done on the client side. It has extensive charts and data visualization.",Keep this page as it provides a valuable workflow with solid integration of trpc queries. Consider moving to full backend processing for stress test computations to improve accuracy and scalability.
174,/portal/client-onboarding-auto,ClientOnboardingAutomation,client_workflow,4,healthy,prototype,Merge,/portal/client-onboarding,0.95,client/src/pages/portal/ClientOnboardingAutomation.tsx,"The page relies entirely on hardcoded mock data arrays and simulated interactions with `setTimeout` and hardcoded success toasts. Although several tRPC hooks are declared at the top of the component, their data is never used in the UI rendering. The page functions as a client-only prototype rather than a working dashboard.","Convert hardcoded mock data (PIPELINE_DATA, COMPLIANCE_ALERTS, etc.) and simulated actions (handleRefresh, handleSubmit) to use actual tRPC mutations and backend queries. Since this appears to be a prototype dashboard, merge it into the main client onboarding flow or retire it if it's purely a conceptual mockup."
175,/portal/commission-tracker,CommissionTracker,portal_other,3,healthy,client_only,Move to Secondary Information,,0.95,client/src/pages/portal/CommissionTracker.tsx,"The page is entirely client-side, using hardcoded static data (`TOOL_COMMISSIONS`) and `Math.random()` for charts. It includes tRPC queries but they are all disabled (`enabled: false`) and their data is never used. It functions as a static presentation/calculator rather than a true application feature.",Move to Secondary Information as this is a static marketing or presentation page. Remove unused tRPC hooks and consider if this content belongs in a CMS or presentation deck instead of a functional route.
176,/portal/admin,EnterpriseAdmin,administration,8,healthy,database_backed,Keep,,0.95,client/src/pages/portal/EnterpriseAdmin.tsx,"The page is a highly developed dashboard with 5 tRPC queries and 1 mutation, confirming it is database-backed. It shares its source component with /portal/enterprise, which serves as a legitimate alias rather than accidental duplication. However, it still relies on some client-side simulation for feature flags and system health.",Keep the page as it provides essential enterprise administration workflows. Consider replacing the simulated feature flags and system health indicators with real backend integrations to fully realize its value.
177,/portal/enterprise,EnterpriseAdmin,portal_other,4,healthy,mixed_connected,Improve,,0.95,client/src/pages/portal/EnterpriseAdmin.tsx,"The EnterpriseAdmin page is a complex dashboard with multiple tabs. While some tabs pull data via tRPC queries, significant portions of the functionality (System Health alerts, Feature Flags) are entirely client-side simulations. It shares source with /portal/admin.","Replace the simulated data in the System Health and Feature Flags tabs with actual backend endpoints. If these features are not yet supported by the backend, remove them to prevent misleading users."
178,/portal/nerve-center,NerveCenter,portal_other,3,healthy,prototype,Retire,,0.95,client/src/pages/portal/NerveCenter.tsx,"The page is a highly gamified dashboard ('Nerve Center') heavily relying on hardcoded arrays (wins, achievements, events, fortunes) and simulated progress (BreathingPulse, StreakFlame, WealthTicker). Although it connects to tRPC for profile and client data, its core features are mock-ups meant to demonstrate engagement rather than functional tools.","Retire this prototype after owner approval, as it serves as a presentation-heavy mockup rather than a functional workflow. Any genuine gamification logic should be extracted into core reusable components."
179,/portal/arena,Arena,portal_other,3,healthy,prototype,Move to Secondary Information,,0.95,client/src/pages/portal/Arena.tsx,"The Arena page is a heavily gamified prototype for advisors, featuring quests, skill trees, and a slot machine for loot drops. It relies largely on simulated or hardcoded data (e.g., getAutoQuests, LOOT_ITEMS, SKILL_BRANCHES) and random values for its core interactions, with minimal functional backend integration beyond fetching profiles and skills.",Move this page to Secondary Information as it is primarily a presentation-heavy prototype with simulated gamification mechanics. Require owner approval before deciding whether to retire it or invest in fully backing the gamification engine with real data.
180,/portal/my-world,MyWorld,portal_other,3,healthy,prototype,Retire,,0.95,client/src/pages/portal/MyWorld.tsx,"The page contains extensive hardcoded data (plants, clients, titles, stats) and simulated timers (Dream Mode timeout). While it fetches `profile` and `clientsData` via tRPC hooks, these variables are never used in the UI, making this a pure prototype with no real backend integration.","Retire the page since it is an unused, static prototype that offers no real value. The backend hooks are present but completely ignored in the rendering logic."
181,/portal/war-room,WarRoom,administration,5,healthy,mixed_connected,Improve,,0.85,client/src/pages/portal/WarRoom.tsx,"The page connects to tRPC endpoints for War Stories and Predictions, demonstrating real persistence for those features. However, Challenges and Whispers rely entirely on hardcoded mock data, making the overall implementation mixed. It serves as a useful supporting gamification page but is not an essential core workflow.",Connect the gamification features (Challenges and Whispers) to the database via tRPC to replace hardcoded mock data. Validate the real persistence of the prediction market and war stories.
182,/portal/rewards,RewardsVault,portal_other,3,healthy,prototype,Retire,,0.95,client/src/pages/portal/RewardsVault.tsx,"The page fetches basic profile data via tRPC, but all the gamification features (Loot Shop, Collections, Prestige, Daily Rewards) are powered by hardcoded client-side mock arrays. It is a presentation-heavy prototype lacking actual backend persistence for its core features.","Retire the page after owner approval, as it is mostly a static prototype. If kept, it requires a full backend implementation for shop items, collections, and prestige tracking."
183,/portal/black-mirror,BlackMirror,client_journey,3,healthy,prototype,Move to Secondary Information,,0.95,client/src/pages/portal/BlackMirror.tsx,"The page relies entirely on hardcoded scenarios, static data arrays, and simulated timers (e.g., WealthWaterfall, ParallelLifeSimulator, PhantomClients, DreamJournal). Although it wraps itself in standard layout components (AppShell, ClientSelectorBar), its core functionality is a low-value prototype that presents fictional data.","Move this gamified presentation layer to Secondary Information or a sandbox environment. If real integration is desired, connect the phantom clients and dream journal to actual CRM data and AI pipelines."
184,/portal/social,SocialNarcotic,portal_other,3,healthy,prototype,Move to Secondary Information,,0.95,client/src/pages/portal/SocialNarcotic.tsx,"The page relies entirely on hardcoded mock data arrays for its social features (live advisors, chat messages, templates, brags, and alerts) and simulated timers for viewer counts. While it includes standard shell wrappers, the core functionality is a static prototype lacking backend integration for the broadcast features.",Move this prototype to Secondary Information or a prototype archive. Replace hardcoded social features with real backend implementations or retire the page if actual social networking is not a planned product capability.
185,/portal/endgame,Endgame,portal_other,6,healthy,client_only,Improve,,0.95,client/src/pages/portal/Endgame.tsx,"The Endgame component provides a detailed, presentation-heavy dashboard for wealth DNA and alternate timelines. However, its calculations and state are largely client-only or rely on useCalculatorIntegration without direct backend persistence visible in the source.","Integrate direct tRPC mutations to save the ""Endgame"" scenarios to the database rather than relying solely on client-side state. Ensure the calculator integration hooks are backed by persistent storage."
186,/portal/will-writer,WillWriter,portal_other,7,healthy,database_backed,Keep,,0.95,client/src/pages/portal/WillWriter.tsx,"The WillWriter component provides an AI-powered legacy document generator workflow. It uses multiple tRPC queries (clients.list, willWriter.getFamilyContext, willWriter.listDrafts) and mutations (willWriter.generate, willWriter.deleteDraft), indicating it is database-backed. It has 793 lines of code, handles multiple states (8 loading, 2 error, 6 empty), but contains 22 placeholder terms.","Consider moving to Secondary Information if the generated documents are not legally binding or require extensive manual review, or keep it as a supporting tool. Review placeholder terms and ensure legal disclaimers are prominent."
187,/portal/avatar-twins,AvatarTwins,portal_other,2,healthy,client_only,Move to Secondary Information,,0.95,client/src/pages/portal/AvatarTwins.tsx,"The AvatarTwins component is a novelty feature for generating portraits, which has no relevance to the core financial application. It relies entirely on client-side state and simulated actions (hardcoded success toasts, 0 tRPC queries) rather than actual backend processing.",Move this novelty avatar generator feature to Secondary Information since it provides no core financial utility and uses hardcoded toasts instead of actual API integration. Ensure it does not distract from main application workflows.
188,/portal/couples,CouplesMode,portal_other,5,healthy,mixed_connected,Improve,,0.95,client/src/pages/portal/CouplesMode.tsx,"Page connects to real backend via tRPC mutations for family creation/joining, but relies heavily on static mock arrays for leaderboard, challenges, and milestones. Usefulness is moderate (5) due to real persistence for family grouping but simulated gamification states.","Remove mock static arrays (leaderboard, challenges, milestones) and replace with tRPC queries to support real multiplayer progression. Validate backend implementation for the missing queries."
189,/portal/russell-number,RussellNumber,portal_other,6,healthy,mixed_connected,Keep,,0.95,client/src/pages/portal/RussellNumber.tsx,"The page successfully fetches real profile and client data to calculate a composite score and displays it well. However, the history chart uses simulated random values (`Math.sin` and `Math.random()`), making it partially simulated.",Replace the simulated history chart data with actual historical data from the backend. Consider moving this feature to a secondary tab if it distracts from core workflows.
190,/portal/daily-discovery,DailyDiscovery,ai_workflow,4,healthy,mixed_connected,Move to Secondary Information,/portal/dashboard,0.9,client/src/pages/portal/DailyDiscovery.tsx,"The page queries real client data for wealth aggregates and uses a real check-in mutation, demonstrating mixed connectivity. However, the core 'Daily Insights' are entirely hardcoded, and the streak gamification relies on a mix of local state and profile data, making the page feel more like a presentation-heavy prototype than a fully functional workflow.","This page should be moved to Secondary Information or merged into a gamification/dashboard hub because its core ""discovery"" features are simulated via hardcoded arrays, despite having some live database connections for profile check-ins and client aggregates. The hardcoded insights and gamified streaks reduce its utility as a standalone core workflow."
191,/portal/wrapped,RussellWrapped,portal_other,6,healthy,database_backed,Keep,,0.95,client/src/pages/portal/RussellWrapped.tsx,"The page is a ""Wrapped"" style year-in-review presentation that aggregates real user data from tRPC queries (experience profile and clients list). It is fully functional and database-backed, providing a fun, shareable summary of the advisor's accomplishments, though it is presentation-heavy rather than an essential workflow.",Maintain the page as a fun engagement tool for advisors at year-end. Consider adding a date check to only show this page during the end of the year or allow filtering by specific years.
192,/portal/story-generator,ClientStoryGenerator,portal_other,3,healthy,prototype,Move to Secondary Information,,0.95,client/src/pages/portal/ClientStoryGenerator.tsx,"The page connects to a real backend to fetch clients (trpc.clients.list.useQuery), but the core functionality (story generation) is entirely simulated. It uses hardcoded strings in a `stories` dictionary and a simulated 2-second delay (`await new Promise(r => setTimeout(r, 2000))`) rather than making an actual API call or mutation to generate the story.",Move this page to Secondary Information since it is a prototype that simulates AI generation with hardcoded strings and a timer. It can be revisited if actual AI integration is planned.
193,/portal/time-machine,TimeMachine,portal_other,6,healthy,mixed_connected,Improve,,0.95,client/src/pages/portal/TimeMachine.tsx,The page uses a tRPC query to fetch client data but relies on hardcoded success toasts for the scheduling action and simulated math for projections. It functions as an interactive calculator but lacks full backend integration for its primary action.,Ensure the tool integrates with the actual CRM calendar rather than showing hardcoded success toasts. Consider allowing users to save custom scenarios to the database.
194,/portal/co-pilot,LiveCoPilot,portal_other,8,healthy,mixed_connected,Keep,,0.9,client/src/pages/portal/LiveCoPilot.tsx,"The page implements a live chat interface using a tRPC mutation (`trpc.liveCoPilot.chat.useMutation`) for generating responses. It features real state management for messages, typing indicators, and clipboard integration without any mock timers.",Ensure the tRPC backend implementation properly handles edge cases and errors during chat generation. Consider persisting chat history if not already handled server-side.
195,/portal/time-lapse,TimeLapse,portal_other,4,healthy,mixed_connected,Move to Secondary Information,/portal/planning,0.9,client/src/pages/portal/TimeLapse.tsx,"The route uses a tRPC query to fetch clients but the core functionality is a client-side simulation projecting wealth over 30 years using hardcoded growth rates (1.07 vs 1.05). It includes mock milestones and toast notifications, functioning more like a prototype or secondary tool than a core feature.","This page should be moved to Secondary Information or merged with a broader planning module. The data visualization is mostly client-side simulation, though it connects to the client list via tRPC."
196,/portal/wealth-reels,InfiniteScroll,portal_other,8,healthy,mixed_connected,Keep,,0.9,client/src/pages/portal/InfiniteScroll.tsx,"The page is a highly developed \""infinite scroll\"" TikTok-style feed for financial content with real trpc queries and mutations for feed fetching, liking, saving, and recording shares. However, some actions like the main CTA button show a simulated 'Feature coming soon' toast, and it duplicates route functionality with /portal and /portal/infinite-scroll.","Implement real sharing functionality rather than just recording metrics. Consider replacing the simulated \""feature coming soon\"" CTA with an actual action."
197,/portal/infinite-scroll,InfiniteScroll,portal_other,7,healthy,database_backed,Keep,,0.9,client/src/pages/portal/InfiniteScroll.tsx,"The page implements a complex, database-backed infinite scroll feed with interactive features like likes and saves via tRPC. The duplicate routes (/portal, /portal/wealth-reels) pointing to this component appear to be intentional aliases rather than accidental code duplication.","Keep the page and its aliases as they provide an engaging, interactive feature. Ensure the tRPC backend endpoints for the feed and interactions are fully optimized for production traffic."
198,/portal/morning-ritual,MorningRitual,portal_other,7,healthy,mixed_connected,Improve,,0.9,client/src/pages/portal/MorningRitual.tsx,"The page has real backend integration via tRPC (e.g., morningRitual.getToday, withdrawal.getUnread), but also contains significant static data and mocked behaviors (ToiletDashboard's quickWins, staticSymptoms). It serves as a gamified morning ritual workflow.",Move static/mocked components like ToiletDashboard and SoundSettings to server-backed data. Consider splitting into multiple components or refining the UI for better coherence.
199,/portal/pet,PetSystem,portal_other,6,healthy,mixed_connected,Keep,,0.95,client/src/pages/portal/PetSystem.tsx,"The page implements a complex pet system with distinct species, evolution stages, food items, and accessories. It connects to a tRPC backend to fetch pet data, adopt, feed, and interact with the pet. While the UI and constants are hardcoded, the core logic relies on server state.","The page relies on a tRPC backend (`trpc.pet.get`, `trpc.pet.adopt`, `trpc.pet.feed`, `trpc.pet.interact`) for data fetching and mutations. Keep it to see if the backend functionality actually works and users find it engaging, but evaluate its real-world usage later."
200,/portal/war-story-generator,WarStoryGenerator,portal_other,4,healthy,internet_backed,Move to Secondary Information,,0.9,client/src/pages/portal/WarStoryGenerator.tsx,"The page uses a real tRPC mutation for AI story generation, indicating it is internet-backed. However, the 'stats' and 'Hall of Fame' sections rely entirely on hardcoded mock data, making this page function largely as a presentation-heavy prototype.",Move this prototype page to Secondary Information until the 'Hall of Fame' and statistics features are connected to a real database. The AI generation endpoint is functional but the surrounding application shell is mostly simulated data.
201,/portal/revenue-guarantee,RevenueGuarantee,portal_other,4,healthy,client_only,Move to Secondary Information,,0.9,client/src/pages/portal/RevenueGuarantee.tsx,"The page functions primarily as a static ROI calculator and promotional material with hardcoded testimonials and guarantees. Although it includes a 'useCalculatorIntegration' hook, there are no actual tRPC queries or mutations (metrics confirm 0), and all state is managed locally via useState.",Move this marketing-heavy page to a secondary information section or landing page. It is largely a static promotional calculator and lacks deep backend persistence despite having a hook.
202,/portal/toilet,ToiletDashboard,portal_other,4,healthy,database_backed,Move to Secondary Information,/portal/dashboard,0.95,client/src/pages/portal/ToiletDashboard.tsx,"The page successfully queries backend data via tRPC (dashboard stats and experience profile) but presents it in a novelty \""Toilet Mode\"" view. It duplicates core metrics from the main dashboard without offering new workflows or deep interactions.","Move this novelty dashboard to a secondary Easter egg section or retire it entirely if not actively used. If kept, consider merging its scannable mobile-friendly view into the main dashboard's responsive layout."
203,/portal/daily-briefing,DailyBriefing,ai_workflow,8,healthy,database_backed,Keep,,1.0,client/src/pages/portal/DailyBriefing.tsx,"This page acts as an essential, high-value quick-start screen, aggregating reliable server behavior and real user states. It successfully pulls in profile, quests, pet, ritual, and dashboard stats via tRPC.",Keep this page as the main quick-start entry point. Ensure all underlying tRPC endpoints remain stable.
204,/portal/comparison,ComparisonDashboard,portal_other,8,healthy,client_only,Keep,,0.95,client/src/pages/portal/ComparisonDashboard.tsx,"The page is a highly interactive, client-side React dashboard that relies entirely on `useStrategy` context to render complex comparison logic, charts (Recharts), and radar analysis across 20-year projections. It does not use any tRPC queries or mutations, relying on in-memory state or local storage from the context provider. It has no duplicate routes and provides significant utility for users to compare strategies side-by-side.",Keep this page as it is a core feature for comparing multiple strategies. Consider adding backend persistence for saving user's custom comparison slots and historical comparisons to improve its value further.
205,/portal/video-proposals,VideoProposalGenerator,reference_education,9,healthy,database_backed,Keep,,0.95,client/src/pages/portal/VideoProposalGenerator.tsx,"The page provides an essential, differentiated workflow for creating and managing AI video proposals. It features substantial integration with tRPC, utilizing 9 queries and 8 mutations, which confirms it is database-backed.",Maintain the component as a high-value workflow. Consider reviewing the hardcoded success toasts and potential placeholder terms to ensure complete dynamic integration.
206,/video/:token,VideoViewer,public_or_auth,7,healthy,mixed_connected,Keep,,0.95,client/src/pages/VideoViewer.tsx,"The component uses tRPC to fetch video proposal data by token and track engagement metrics like play, pause, and chapter navigation. It is clearly internet-backed and connected to the backend for analytics, but primarily serves as a presentation layer for the video rather than a complex interactive workflow.","The page is fully functional but appears to be a specialized, read-only viewer for personalized video proposals rather than an interactive workflow. If this is a core deliverable for clients, it should be kept and possibly integrated more tightly with the client portal."
207,/portal/tax-combos,TaxFreeWealthCombos,portal_other,5,healthy,static_reference,Move to Secondary Information,,0.95,client/src/pages/portal/TaxFreeWealthCombos.tsx,"The page reads data from a static JSON file (`@/data/combos.json`) to render a list of tax-free wealth combos. It has zero tRPC queries or mutations, making it a static reference page. The usefulness score is 5 because it provides useful supporting information but lacks real server behavior.",Move to Secondary Information as it is a presentation-heavy static reference. Connect it to a real database if dynamic combo management is needed.
208,/portal/tax-combos/:id,ComboDetail,portal_other,4,healthy,static_reference,Move to Secondary Information,,0.95,client/src/pages/portal/ComboDetail.tsx,"The page relies entirely on static data (`@/data/combos.json`) and contains zero tRPC queries, mutations, or forms. It functions as a presentation-heavy, client-only prototype with hardcoded calculators and visualizations, offering limited interactive workflow value.","The page is a highly static, data-driven prototype with simulated calculators and hardcoded data references. Move it to Secondary Information or convert it into a fully connected, database-backed workflow."
209,/portal/secret-secrets,SecretSecrets,portal_other,4,healthy,static_reference,Move to Secondary Information,,0.95,client/src/pages/portal/SecretSecrets.tsx,"The page reads from a local JSON file (`@/data/strategies.json`) and performs purely client-side filtering. There are no TRPC queries or mutations, and the metrics confirm 0 external calls. It functions as a static educational reference directory.",The page renders purely static JSON content from @/data/strategies.json without backend integration or interactivity beyond local filtering. It should be moved to Secondary Information or merged into a knowledge base since it serves as an educational reference.
210,/portal/secret-secrets/:id,SecretDetail,portal_other,3,healthy,client_only,Retire,,0.95,client/src/pages/portal/SecretDetail.tsx,"The page is a highly complex but purely client-side presentation component that loads static data from a local JSON file. It contains zero tRPC queries, mutations, or forms, making it essentially a static reference tool with simulated financial projections.","Retire the page after owner approval, as it relies on hardcoded JSON data and provides no real user persistence or backend connectivity. If the calculators are deemed valuable, extract them into a shared utility or a secondary reference section."
211,/portal/combo-recommender,ClientIntakeRecommender,portal_other,4,healthy,client_only,Move to Secondary Information,,0.95,client/src/pages/portal/ClientIntakeRecommender.tsx,"The page is a client-side prototype that imports static JSON data (strategies.json, combos.json) to compute recommendations based on local form state. It does not use tRPC, mutations, or any backend connection, meaning the recommendations are simulated entirely in the browser.",Move this client-side prototype to Secondary Information since it relies entirely on static JSON files and local state. Consider integrating it with the backend database to provide real recommendations.
212,/portal/client-intake-recommender,ClientIntakeRecommender,client_workflow,4,healthy,client_only,Merge,/portal/combo-recommender,0.95,client/src/pages/portal/ClientIntakeRecommender.tsx,"The page provides an interactive, client-only workflow using local state and static JSON data, with no backend or database connections. It shares the exact same source component with /portal/combo-recommender, indicating redundant routing.",Merge the two duplicate routes into a single recommender page. Ensure the unified page clarifies the scope of the static data used for recommendations.
213,/portal/divorce-calculator,DivorceCalculator,analysis_calculator,6,healthy,client_only,Move to Secondary Information,,0.95,client/src/pages/portal/DivorceCalculator.tsx,"The page is a sophisticated but purely client-side financial simulation engine built with React state and Recharts. It lacks backend persistence, tRPC queries, or mutations, functioning entirely as an educational or sales presentation tool.",Move this interactive calculator to a secondary tools or resources section to keep the primary portal focused on core client management and persisted workflows. Ensure its standalone nature is clear to users.
214,/portal/trusts,TrustsPage,portal_other,5,healthy,static_reference,Move to Secondary Information,,0.95,client/src/pages/portal/TrustsPage.tsx,"The page is a large, static reference document for trust types containing heavily hardcoded data (TRUST_TYPES array) and presentation components (charts, accordions) without any backend connections or dynamic user state. While educational and presentation-heavy, it lacks actual workflow persistence or server behavior.",Move this static educational content to a secondary knowledge base or documentation section rather than keeping it as a primary portal workflow page. Extract the hardcoded trust data into a database or CMS if it needs to be maintained.
215,/portal/mortgage-killer-v3,MortgageKillerV3,portal_other,4,healthy,client_only,Merge,/portal/tools,0.95,client/src/pages/portal/MortgageKillerV3.tsx,"The page is a highly detailed but entirely client-only financial simulator utilizing React state and Recharts for complex data visualization. There are no tRPC mutations, queries, or backend persistence evident in the source code.",Merge this client-only calculator into the main portal dashboard or tools section to consolidate financial simulators. Ensure any shared components are properly abstracted.
216,/portal/str-strategy,STRStrategy,portal_other,4,healthy,client_only,Move to Secondary Information,,0.95,client/src/pages/portal/STRStrategy.tsx,"The page provides an advanced 30-year tax projection and cost segregation calculator for STRs, but it is entirely client-side with no persistence or server integration. It functions as an isolated standalone tool rather than a connected workflow.","Move the component to a secondary tools section if the business wants to keep it as an educational calculator. If persistence is needed, wire the inputs and generated projections to the database."
217,/portal/client-portfolio,ClientPortfolioDashboard,client_workflow,5,healthy,client_only,Improve,,0.95,client/src/pages/portal/ClientPortfolioDashboard.tsx,"The ClientPortfolioDashboard component is a large, presentation-heavy dashboard with 35 charts that visualizes complex strategy projections. However, it relies entirely on client-side state and calculations with no trpc queries or mutations, acting more like a static calculator or interactive presentation than a persistent workflow.",Integrate backend persistence to save and retrieve client strategy projections and assumptions. Connect the 'useClientData' context to actual database state to make the dashboard a true workflow tool.
218,/portal/physicians-edge,PhysiciansEdge,portal_other,4,healthy,static_reference,Move to Secondary Information,,0.9,client/src/pages/portal/PhysiciansEdge.tsx,"The page is a static reference presentation (""The Physician's Edge"") containing hardcoded lists of calculators and income tiers. It lacks any backend connections (no tRPC, fetch, or database usage), forms, or real calculation logic, serving only as a presentation layer linking to other calculators.","Since this page is a static presentation with hardcoded data and no real calculations, it should be moved to Secondary Information or merged into a marketing page. It does not perform the 248-calculator functions it advertises."
219,/portal/video-library,VideoLibrary,reference_education,4,healthy,static_reference,Move to Secondary Information,,0.95,client/src/pages/portal/VideoLibrary.tsx,"The page is a static video library that relies on hardcoded video data (VIDEOS array) with embedded Google Drive links. There are no tRPC queries or backend interactions, and search/filtering is done entirely on the client side.",Move this static video library to a secondary information section like a resources hub. It contains hardcoded video data and static content without backend integration.
220,/portal/patent-showcase,PatentShowcase,reference_education,3,healthy,static_reference,Move to Secondary Information,,0.95,client/src/pages/portal/PatentShowcase.tsx,"The page is a completely static React component that renders a hardcoded list of patent applications from a local array. There are no backend calls, API queries, or dynamic data interactions, making it a purely static reference page.",Move this page out of the core portal navigation into a secondary marketing or legal section. The content is static and serves as an educational reference rather than a functional tool.
221,/portal/the-arrival,TheArrival,client_journey,3,healthy,prototype,Move to Secondary Information,,0.95,client/src/pages/portal/TheArrival.tsx,"The page is a multi-step onboarding flow (""The Arrival"") with React state managing steps, risk values, and goals. However, there are no tRPC mutations or queries (metrics show 0 for both) and the completion step merely displays hardcoded values like ""+150 XP"" and ""72 Calibration"", indicating it is a client-only prototype. The comments explicitly state ""Front-end first. Wire each step to `tutorial_progress`..."" which confirms the backend is not yet implemented.","Move to Secondary Information or retire after owner approval since it is a pure frontend prototype with hardcoded steps and no real backend persistence yet. Alternatively, implement the planned tRPC mutations for `tutorial_progress` and `advisor_goals` to make it database-backed."
222,/portal/the-mirror,TheMirror,client_journey,4,healthy,prototype,Improve,,0.95,client/src/pages/portal/TheMirror.tsx,"The page is a visually detailed dashboard but relies entirely on hardcoded constants for data. Source code comments explicitly note ""Front-end first — replace seed data with tRPC reads"", confirming it is a prototype without real server integration.","Replace the hardcoded seed data (DOMAINS, GOALS, MEMORY) with actual tRPC reads and mutations to make the dashboard functional. Connect the somatic check-in state to persistent storage."
223,/portal/the-strategy-table,TheStrategyTable,client_journey,4,healthy,client_only,Move to Secondary Information,,0.9,client/src/pages/portal/TheStrategyTable.tsx,"The page is a standalone client-side calculator comparing hardcoded carrier rates with simulated math. It has no tRPC queries or mutations (metrics confirm 0), and the save button just toggles a local state. It functions well as a visual tool but lacks the promised 'auditable' backend persistence.",Move to secondary information or prototype gallery unless backend calculation and saving logic is wired up. The 'calculation_audit_logs' saving is purely client-side state ('setSaved(true)') without real persistence.
224,/portal/the-field,TheField,client_journey,4,healthy,prototype,Move to Secondary Information,,0.95,client/src/pages/portal/TheField.tsx,"The page is a prototype with simulated chat behavior (""Buddy replies are canned client-side for now""). It lacks backend integration (no tRPC, fetch, or database hooks are used), though comments suggest future wiring.",Move to Secondary Information as it is an unintegrated prototype. Ensure owner approval before moving.
225,/portal/the-map,TheMap,client_journey,3,healthy,client_only,Move to Secondary Information,,0.95,client/src/pages/portal/TheMap.tsx,The page is a client-side calculator that runs 30-year projections with hardcoded base values. The save functionality is entirely simulated using local state without any backend persistence.,"Move this calculator to Secondary Information until actual persistence and dynamic base values are implemented. Alternatively, integrate it as a widget within the main dashboard."
226,/portal/the-legacy,TheLegacy,client_journey,3,healthy,prototype,Move to Secondary Information,,0.95,client/src/pages/portal/TheLegacy.tsx,"The page is a pure client-side prototype. It has no actual backend connection, no trpc mutations, and no database persistence. The code mentions ""wire mutations + PDF generation later"" in comments, making it clear it is not finished.",Move to secondary information or retire after owner approval. The page currently has no backend functionality and only serves as a visual prototype.
227,/portal/the-brotherhood,TheBrotherhood,client_journey,6,healthy,prototype,Improve,,0.95,client/src/pages/portal/TheBrotherhood.tsx,"The page is currently a prototype that uses hardcoded SEED data and local React state for stories, composing, and liking. There are no tRPC queries or mutations, and the metrics confirm zero backend connections, local storage, or simulated timers.","Keep the page as it serves a community gamification role, but it must be connected to the backend to persist war stories and user profiles. Convert the client-side state to tRPC queries and mutations."
228,/portal/secondary-information,SecondaryInformation,portal_other,9,healthy,client_only,Keep,,0.95,client/src/pages/portal/SecondaryInformation.tsx,"This page renders a client-side search and filter interface over a static `SECONDARY_CATALOG` list to organize secondary tools. It relies entirely on client-side state (`useState`, `useMemo`) with no backend integration or data fetching.","This is a structural index page serving as the catalog for secondary tools, so it should be kept as-is."
229,/portal/planning-cases,PlanningCases,portal_other,10,healthy,database_backed,Keep,,0.95,client/src/pages/portal/PlanningCases.tsx,"The page provides a complete planning workflow with real trpc queries and mutations (create, update, addNote, list, get). It features comprehensive user states including loading, error, empty states, and dynamic status updates. The metrics show 4 queries, 3 mutations, and 15 loading states, confirming a fully database-backed and robust implementation.","Keep this page as it represents an essential, fully functional workflow with strong database integration. Consider adding integration tests for the multi-step workflow states."
230,/portal/system-health,SystemHealth,portal_other,9,healthy,database_backed,Keep,,0.95,client/src/pages/portal/SystemHealth.tsx,"The page successfully loads multiple data points (errors, usage, page visits) via tRPC queries. It contains proper loading and error states and handles telemetry effectively.","Keep the page as is, it provides valuable telemetry."
231,/404,NotFound,public_or_auth,6,healthy,client_only,Keep,,1.0,client/src/pages/NotFound.tsx,"This is a standard 404 error page implemented entirely on the client side. It provides clear navigation options to go back or return to the dashboard, fulfilling its purpose effectively. There is no simulated or placeholder behavior present.",Maintain this page as the default fallback for unmatched routes.
