value,built,penalty,effectiveness,component,route,hub,disposition,target,loc,engines,trpc_fetch,charts,inputs,tables,pdf,ai,routed,linked,in_live,integrity_flags,gaps,upgrade_to_9_10
9.2,9.6,0.4,9.2,MortgageKiller,/portal/mortgage-killer,Mortgage & Debt Elimination,PROMOTE — hub / top nav,/portal/mortgage-killer,3156,ibbotsonModel|monteCarloEngine|taxBracketEngine|timeMachineEngine,10,28,18,28,1,0,True,True,True,ts-nocheck,type checking disabled on the file ; invisible to the AI brain,register in `pageRegistry.ts` with intent tags so the AI brain can cite and deep-link it
8.7,9.1,0.4,3.9,MultiGenWealthTransfer,/portal/multi-gen-wealth,"Estate, Trust & Legacy",PROMOTE — hub / top nav,/portal/estate-command,1243,taxBracketEngine,6,12,7,12,0,1,True,False,True,ts-nocheck,type checking disabled on the file ; no client-ready export ; orphan URL — reachable only by typing it,"add branded PDF export with sources and method notes ; surface as a tab/accordion inside its hub — keep the URL, drop the top-level nav claim"
8.5,8.9,0.4,8.5,RothConversionSTR,/portal/roth-conversion,Tax Strategy,PROMOTE — hub / top nav,/portal/tax-command,2843,api|iulCarriers|monteCarloEngine|policyMechanics|taxBracketEngine,20,22,19,16,0,0,True,True,True,ts-nocheck,type checking disabled on the file ; no client-ready export ; invisible to the AI brain,add branded PDF export with sources and method notes ; register in `pageRegistry.ts` with intent tags so the AI brain can cite and deep-link it
8.4,8.8,0.4,8.4,IULHistoricalPerformance,/portal/iul-historical,IUL & Policy Engineering,EMBED — named tab,/portal/time-machine-calculator,1201,ibbotsonModel|taxBracketEngine|timeMachineEngine,6,15,10,10,0,0,True,True,True,ts-nocheck,type checking disabled on the file ; no client-ready export ; invisible to the AI brain,add branded PDF export with sources and method notes ; register in `pageRegistry.ts` with intent tags so the AI brain can cite and deep-link it
8.4,8.8,0.4,3.8,CharitableGivingOptimizer,/portal/charitable-giving,Tax Strategy,EMBED — named tab,/portal/tax-command,1054,taxBracketEngine,6,14,4,2,1,1,True,False,True,ts-nocheck,type checking disabled on the file ; thin input surface — cannot model a real scenario ; orphan URL — reachable only by typing it,"widen inputs to a full scenario (assumptions, ranges, alternatives) ; surface as a tab/accordion inside its hub — keep the URL, drop the top-level nav claim"
8.0,8.4,0.4,3.6,BeneficiaryOptimization,/portal/beneficiary-optimization,"Estate, Trust & Legacy",EMBED — named tab,/portal/estate-command,1561,taxBracketEngine,6,15,14,9,0,0,True,False,True,ts-nocheck,type checking disabled on the file ; no client-ready export ; invisible to the AI brain ; orphan URL — reachable only by typing it,"add branded PDF export with sources and method notes ; register in `pageRegistry.ts` with intent tags so the AI brain can cite and deep-link it ; surface as a tab/accordion inside its hub — keep the URL, drop the top-level nav claim"
8.0,8.4,0.4,3.6,BatchSlides,/portal/batch-slides,Advisor Practice & Sales Enablement,EMBED — named tab,/portal/practice-command,1481,slideThemes,7,19,15,12,0,0,True,False,True,ts-nocheck,type checking disabled on the file ; no client-ready export ; invisible to the AI brain ; orphan URL — reachable only by typing it,"add branded PDF export with sources and method notes ; register in `pageRegistry.ts` with intent tags so the AI brain can cite and deep-link it ; surface as a tab/accordion inside its hub — keep the URL, drop the top-level nav claim"
8.0,8.4,0.4,3.6,IllustrationCompare,/portal/illustration-compare,IUL & Policy Engineering,EMBED — named tab,/portal/time-machine-calculator,1448,taxBracketEngine,11,14,12,12,0,0,True,False,True,ts-nocheck,type checking disabled on the file ; no client-ready export ; invisible to the AI brain ; orphan URL — reachable only by typing it,"add branded PDF export with sources and method notes ; register in `pageRegistry.ts` with intent tags so the AI brain can cite and deep-link it ; surface as a tab/accordion inside its hub — keep the URL, drop the top-level nav claim"
8.0,8.4,0.4,3.6,MedicareIRMAA,/portal/medicare-irmaa,Tax Strategy,EMBED — named tab,/portal/tax-command,1410,taxBracketEngine,7,17,14,14,0,0,True,False,True,ts-nocheck,type checking disabled on the file ; no client-ready export ; invisible to the AI brain ; orphan URL — reachable only by typing it,"add branded PDF export with sources and method notes ; register in `pageRegistry.ts` with intent tags so the AI brain can cite and deep-link it ; surface as a tab/accordion inside its hub — keep the URL, drop the top-level nav claim"
8.0,8.4,0.4,3.6,TaxBracketVisualizer,/portal/tax-brackets,Tax Strategy,EMBED — named tab,/portal/tax-command,1361,taxBracketEngine,6,11,14,12,0,0,True,False,True,ts-nocheck,type checking disabled on the file ; no client-ready export ; invisible to the AI brain ; orphan URL — reachable only by typing it,"add branded PDF export with sources and method notes ; register in `pageRegistry.ts` with intent tags so the AI brain can cite and deep-link it ; surface as a tab/accordion inside its hub — keep the URL, drop the top-level nav claim"
8.0,8.4,0.4,3.6,TaxLossHarvestingScanner,/portal/tax-loss-harvesting,Tax Strategy,EMBED — named tab,/portal/tax-command,1323,taxBracketEngine,6,17,14,12,0,0,True,False,True,ts-nocheck,type checking disabled on the file ; no client-ready export ; invisible to the AI brain ; orphan URL — reachable only by typing it,"add branded PDF export with sources and method notes ; register in `pageRegistry.ts` with intent tags so the AI brain can cite and deep-link it ; surface as a tab/accordion inside its hub — keep the URL, drop the top-level nav claim"
8.0,8.4,0.4,3.6,PredictiveAnalytics,/portal/predictive-analytics,Scenario Lab & Comparison,EMBED — named tab,/portal/scenario-lab,1251,taxBracketEngine,6,12,28,12,0,0,True,False,True,ts-nocheck,type checking disabled on the file ; no client-ready export ; invisible to the AI brain ; orphan URL — reachable only by typing it,"add branded PDF export with sources and method notes ; register in `pageRegistry.ts` with intent tags so the AI brain can cite and deep-link it ; surface as a tab/accordion inside its hub — keep the URL, drop the top-level nav claim"
8.0,8.4,0.4,0.8,StrategyCompare,,Scenario Lab & Comparison,EMBED — named tab,/portal/scenario-lab,1238,iulCarriers|taxBracketEngine,7,13,12,6,0,0,False,False,True,ts-nocheck,type checking disabled on the file ; no client-ready export ; invisible to the AI brain ; orphan URL — reachable only by typing it,"add branded PDF export with sources and method notes ; register in `pageRegistry.ts` with intent tags so the AI brain can cite and deep-link it ; surface as a tab/accordion inside its hub — keep the URL, drop the top-level nav claim"
8.0,8.4,0.4,3.6,IncomeGapAnalyzer,/portal/income-gap,Retirement Income & Drawdown,EMBED — named tab,/portal/ecological-drivers,1229,taxBracketEngine,7,10,15,8,0,0,True,False,True,ts-nocheck,type checking disabled on the file ; no client-ready export ; invisible to the AI brain ; orphan URL — reachable only by typing it,"add branded PDF export with sources and method notes ; register in `pageRegistry.ts` with intent tags so the AI brain can cite and deep-link it ; surface as a tab/accordion inside its hub — keep the URL, drop the top-level nav claim"
7.9,8.3,0.4,3.6,MultiScenarioPlayZone,/portal/scenario-play,Scenario Lab & Comparison,EMBED — named tab,/portal/scenario-lab,1453,taxBracketEngine,6,12,6,12,0,0,True,False,True,ts-nocheck,type checking disabled on the file ; no client-ready export ; invisible to the AI brain ; orphan URL — reachable only by typing it,"add branded PDF export with sources and method notes ; register in `pageRegistry.ts` with intent tags so the AI brain can cite and deep-link it ; surface as a tab/accordion inside its hub — keep the URL, drop the top-level nav claim"
7.9,8.3,0.4,3.6,MarketScenarioStressTest,/portal/market-stress-test,Investments & Portfolio,EMBED — named tab,/portal/portfolio-command,1378,taxBracketEngine,6,16,10,14,0,0,True,False,True,ts-nocheck,type checking disabled on the file ; no client-ready export ; invisible to the AI brain ; orphan URL — reachable only by typing it,"add branded PDF export with sources and method notes ; register in `pageRegistry.ts` with intent tags so the AI brain can cite and deep-link it ; surface as a tab/accordion inside its hub — keep the URL, drop the top-level nav claim"
7.9,8.3,0.4,3.6,PortfolioDriftMonitor,/portal/portfolio-drift,Investments & Portfolio,EMBED — named tab,/portal/portfolio-command,1355,taxBracketEngine,7,21,9,10,0,0,True,False,True,ts-nocheck,type checking disabled on the file ; no client-ready export ; invisible to the AI brain ; orphan URL — reachable only by typing it,"add branded PDF export with sources and method notes ; register in `pageRegistry.ts` with intent tags so the AI brain can cite and deep-link it ; surface as a tab/accordion inside its hub — keep the URL, drop the top-level nav claim"
7.8,8.2,0.4,3.5,ClientDetail,/portal/clients/:id,Mortgage & Debt Elimination,EMBED — named tab,/portal/mortgage-killer,1534,api,33,4,13,4,0,0,True,False,True,ts-nocheck,type checking disabled on the file ; no client-ready export ; invisible to the AI brain ; orphan URL — reachable only by typing it,"add branded PDF export with sources and method notes ; register in `pageRegistry.ts` with intent tags so the AI brain can cite and deep-link it ; surface as a tab/accordion inside its hub — keep the URL, drop the top-level nav claim"
7.7,8.1,0.4,3.5,FeeTransparencyDashboard,/portal/fee-transparency,Investments & Portfolio,EMBED — named tab,/portal/portfolio-command,1478,,8,22,13,12,1,0,True,False,True,ts-nocheck,"type checking disabled on the file ; math inlined in the component — untestable, un-reusable, cannot be called by the AI brain ; invisible to the AI brain ; orphan URL — reachable only by typing it","extract the math into `shared/<name>Engine.ts` as a pure, deterministic module with a vitest suite ; register in `pageRegistry.ts` with intent tags so the AI brain can cite and deep-link it ; surface as a tab/accordion inside its hub — keep the URL, drop the top-level nav claim"
7.7,8.1,0.4,3.5,TaxOpportunityDetector,/portal/tax-opportunities,Tax Strategy,EMBED — named tab,/portal/tax-command,1331,taxBracketEngine,9,12,8,2,0,0,True,False,True,ts-nocheck,type checking disabled on the file ; no client-ready export ; invisible to the AI brain ; orphan URL — reachable only by typing it,"add branded PDF export with sources and method notes ; register in `pageRegistry.ts` with intent tags so the AI brain can cite and deep-link it ; surface as a tab/accordion inside its hub — keep the URL, drop the top-level nav claim"
7.7,8.1,0.4,3.5,ClientReportGenerator,/portal/client-report-generator,Mortgage & Debt Elimination,EMBED — named tab,/portal/mortgage-killer,1227,,5,18,29,10,1,0,True,False,True,ts-nocheck,"type checking disabled on the file ; math inlined in the component — untestable, un-reusable, cannot be called by the AI brain ; invisible to the AI brain ; orphan URL — reachable only by typing it","extract the math into `shared/<name>Engine.ts` as a pure, deterministic module with a vitest suite ; register in `pageRegistry.ts` with intent tags so the AI brain can cite and deep-link it ; surface as a tab/accordion inside its hub — keep the URL, drop the top-level nav claim"
7.7,8.1,0.4,3.5,BulkGeneration,/portal/bulk-generation,Advisor Practice & Sales Enablement,EMBED — named tab,/portal/practice-command,756,api|taxBracketEngine,8,4,10,2,1,0,True,False,True,ts-nocheck,type checking disabled on the file ; invisible to the AI brain ; orphan URL — reachable only by typing it,"register in `pageRegistry.ts` with intent tags so the AI brain can cite and deep-link it ; surface as a tab/accordion inside its hub — keep the URL, drop the top-level nav claim"
7.6,9.0,1.4,7.6,IbbotsonCharts,/portal/ibbotson-charts,Investments & Portfolio,EMBED — named tab,/portal/portfolio-command,1567,taxBracketEngine,7,16,6,12,1,0,True,True,True,ts-nocheck|literal-chart-data,"type checking disabled on the file ; chart is fed a literal array — the picture is decorative, not computed ; invisible to the AI brain",register in `pageRegistry.ts` with intent tags so the AI brain can cite and deep-link it
7.6,8.0,0.4,3.4,SuccessionPlanningWizard,/portal/succession-planning,"Estate, Trust & Legacy",EMBED — named tab,/portal/estate-command,1073,taxBracketEngine,7,8,36,12,0,0,True,False,True,ts-nocheck,type checking disabled on the file ; no client-ready export ; invisible to the AI brain ; orphan URL — reachable only by typing it,"add branded PDF export with sources and method notes ; register in `pageRegistry.ts` with intent tags so the AI brain can cite and deep-link it ; surface as a tab/accordion inside its hub — keep the URL, drop the top-level nav claim"
7.6,8.0,0.4,3.4,AnnuityMemory,/portal/annuity-memory,"Insurance, Annuity & Carrier",EMBED — named tab,/portal/carrier-command,987,annuityData,6,11,19,12,0,0,True,False,True,ts-nocheck,type checking disabled on the file ; no client-ready export ; invisible to the AI brain ; orphan URL — reachable only by typing it,"add branded PDF export with sources and method notes ; register in `pageRegistry.ts` with intent tags so the AI brain can cite and deep-link it ; surface as a tab/accordion inside its hub — keep the URL, drop the top-level nav claim"
7.5,7.9,0.4,3.4,WebsiteUsage,/portal/website-usage,Reports & Deliverables,EMBED — named tab,/portal/reports,1722,,9,14,13,8,0,0,True,False,True,ts-nocheck,"type checking disabled on the file ; math inlined in the component — untestable, un-reusable, cannot be called by the AI brain ; no client-ready export ; invisible to the AI brain ; orphan URL — reachable only by typing it","extract the math into `shared/<name>Engine.ts` as a pure, deterministic module with a vitest suite ; add branded PDF export with sources and method notes ; register in `pageRegistry.ts` with intent tags so the AI brain can cite and deep-link it ; surface as a tab/accordion inside its hub — keep the URL, drop the top-level nav claim"
7.5,7.9,0.4,3.4,PolicyReview,/portal/policy-review,IUL & Policy Engineering,EMBED — named tab,/portal/time-machine-calculator,1622,taxBracketEngine,6,13,5,10,0,0,True,False,True,ts-nocheck,type checking disabled on the file ; thin input surface — cannot model a real scenario ; no client-ready export ; invisible to the AI brain ; orphan URL — reachable only by typing it,"widen inputs to a full scenario (assumptions, ranges, alternatives) ; add branded PDF export with sources and method notes ; register in `pageRegistry.ts` with intent tags so the AI brain can cite and deep-link it ; surface as a tab/accordion inside its hub — keep the URL, drop the top-level nav claim"
7.5,7.9,0.4,3.4,AdvisorIncomeCalculator,/portal/advisor-income-calculator,Advisor Practice & Sales Enablement,EMBED — named tab,/portal/practice-command,1475,taxBracketEngine,5,16,2,6,0,0,True,False,True,ts-nocheck,type checking disabled on the file ; thin input surface — cannot model a real scenario ; no client-ready export ; invisible to the AI brain ; orphan URL — reachable only by typing it,"widen inputs to a full scenario (assumptions, ranges, alternatives) ; add branded PDF export with sources and method notes ; register in `pageRegistry.ts` with intent tags so the AI brain can cite and deep-link it ; surface as a tab/accordion inside its hub — keep the URL, drop the top-level nav claim"
7.5,7.9,0.4,3.4,AdvisorDirectory,/portal/advisor-directory,Advisor Practice & Sales Enablement,EMBED — named tab,/portal/practice-command,1138,advisorySummaryData,7,12,7,12,0,0,True,False,True,ts-nocheck,type checking disabled on the file ; no client-ready export ; invisible to the AI brain ; orphan URL — reachable only by typing it,"add branded PDF export with sources and method notes ; register in `pageRegistry.ts` with intent tags so the AI brain can cite and deep-link it ; surface as a tab/accordion inside its hub — keep the URL, drop the top-level nav claim"
7.5,7.9,0.4,3.4,PolicyLoans,/portal/policy-loans,Mortgage & Debt Elimination,EMBED — named tab,/portal/mortgage-killer,1066,ibbotsonModel|taxBracketEngine,7,12,7,14,0,0,True,False,True,ts-nocheck,type checking disabled on the file ; no client-ready export ; invisible to the AI brain ; orphan URL — reachable only by typing it,"add branded PDF export with sources and method notes ; register in `pageRegistry.ts` with intent tags so the AI brain can cite and deep-link it ; surface as a tab/accordion inside its hub — keep the URL, drop the top-level nav claim"
7.4,7.8,0.4,7.4,Clients,/portal/clients,Mortgage & Debt Elimination,EMBED — named tab,/portal/mortgage-killer,616,excelExport,12,7,15,2,0,0,True,True,True,ts-nocheck,type checking disabled on the file ; no client-ready export ; invisible to the AI brain,add branded PDF export with sources and method notes ; register in `pageRegistry.ts` with intent tags so the AI brain can cite and deep-link it
7.3,7.7,0.4,3.3,AIPolicyReviewGap,/portal/ai-policy-review,IUL & Policy Engineering,EMBED — named tab,/portal/time-machine-calculator,1271,taxBracketEngine,6,13,3,2,0,0,True,False,True,ts-nocheck,type checking disabled on the file ; thin input surface — cannot model a real scenario ; no client-ready export ; invisible to the AI brain ; orphan URL — reachable only by typing it,"widen inputs to a full scenario (assumptions, ranges, alternatives) ; add branded PDF export with sources and method notes ; register in `pageRegistry.ts` with intent tags so the AI brain can cite and deep-link it ; surface as a tab/accordion inside its hub — keep the URL, drop the top-level nav claim"
7.3,8.7,1.4,7.3,IULvsRoth,/portal/iul-vs-roth,Tax Strategy,EMBED — named tab,/portal/tax-command,1161,ibbotsonModel|taxBracketEngine,7,10,15,10,1,0,True,True,True,ts-nocheck|literal-chart-data,"type checking disabled on the file ; chart is fed a literal array — the picture is decorative, not computed ; invisible to the AI brain",register in `pageRegistry.ts` with intent tags so the AI brain can cite and deep-link it
7.3,7.3,0.0,7.3,ChainBuilder,/portal/chain,Cross-Cutting Reference Library,EMBED — named tab,/portal/library,357,chainEngine|chainStore|macroEngine|ultraEngine,4,0,15,8,1,0,True,True,True,,no visualisation of the outcome ; invisible to the AI brain,add projection + sensitivity + comparison charts ; register in `pageRegistry.ts` with intent tags so the AI brain can cite and deep-link it
7.2,7.6,0.4,3.2,HouseholdWealth,/portal/household-wealth,Client Management & CRM,EMBED — named tab,/portal/clients,1451,householdWealth|taxBracketEngine,3,19,28,6,0,0,True,False,True,ts-nocheck,type checking disabled on the file ; no client-ready export ; invisible to the AI brain ; orphan URL — reachable only by typing it,"add branded PDF export with sources and method notes ; register in `pageRegistry.ts` with intent tags so the AI brain can cite and deep-link it ; surface as a tab/accordion inside its hub — keep the URL, drop the top-level nav claim"
7.2,7.6,0.4,3.2,PremiumFinancing,/portal/premium-financing,IUL & Policy Engineering,EMBED — named tab,/portal/time-machine-calculator,1241,ibbotsonModel|monteCarloEngine|taxBracketEngine,1,12,12,14,0,0,True,False,True,ts-nocheck,type checking disabled on the file ; no client-ready export ; invisible to the AI brain ; orphan URL — reachable only by typing it,"add branded PDF export with sources and method notes ; register in `pageRegistry.ts` with intent tags so the AI brain can cite and deep-link it ; surface as a tab/accordion inside its hub — keep the URL, drop the top-level nav claim"
7.2,8.6,1.4,3.2,IndexStrategyComparison,/portal/index-strategies,Investments & Portfolio,EMBED — named tab,/portal/portfolio-command,1111,taxBracketEngine,6,12,9,8,1,0,True,False,True,ts-nocheck|literal-chart-data,"type checking disabled on the file ; chart is fed a literal array — the picture is decorative, not computed ; invisible to the AI brain ; orphan URL — reachable only by typing it","register in `pageRegistry.ts` with intent tags so the AI brain can cite and deep-link it ; surface as a tab/accordion inside its hub — keep the URL, drop the top-level nav claim"
7.1,7.5,0.4,3.2,FinancialVitalsScorecard,/portal/financial-vitals,Reports & Deliverables,EMBED — named tab,/portal/reports,1353,,7,15,17,2,1,0,True,False,True,ts-nocheck,type checking disabled on the file ; no real computation — display-only ; invisible to the AI brain ; orphan URL — reachable only by typing it,"extract the math into `shared/<name>Engine.ts` as a pure, deterministic module with a vitest suite ; register in `pageRegistry.ts` with intent tags so the AI brain can cite and deep-link it ; surface as a tab/accordion inside its hub — keep the URL, drop the top-level nav claim"
7.1,7.5,0.4,3.2,AthenePEPlus15,/portal/athene-pe-plus15,"Insurance, Annuity & Carrier",EMBED — named tab,/portal/carrier-command,1349,taxBracketEngine,6,12,0,12,0,0,True,False,True,ts-nocheck,type checking disabled on the file ; thin input surface — cannot model a real scenario ; no client-ready export ; invisible to the AI brain ; orphan URL — reachable only by typing it,"widen inputs to a full scenario (assumptions, ranges, alternatives) ; add branded PDF export with sources and method notes ; register in `pageRegistry.ts` with intent tags so the AI brain can cite and deep-link it ; surface as a tab/accordion inside its hub — keep the URL, drop the top-level nav claim"
7.1,7.5,0.4,3.2,PresentationBuilder,/portal/presentation-builder,Advisor Practice & Sales Enablement,EMBED — named tab,/portal/practice-command,1340,,6,12,14,12,1,0,True,False,True,ts-nocheck,type checking disabled on the file ; no real computation — display-only ; invisible to the AI brain ; orphan URL — reachable only by typing it,"extract the math into `shared/<name>Engine.ts` as a pure, deterministic module with a vitest suite ; register in `pageRegistry.ts` with intent tags so the AI brain can cite and deep-link it ; surface as a tab/accordion inside its hub — keep the URL, drop the top-level nav claim"
7.1,7.5,0.4,3.2,ComplianceExport,/portal/compliance,Compliance & Supervision,EMBED — named tab,/portal/compliance-center,1291,,10,15,18,2,1,0,True,False,True,ts-nocheck,type checking disabled on the file ; no real computation — display-only ; invisible to the AI brain ; orphan URL — reachable only by typing it,"extract the math into `shared/<name>Engine.ts` as a pure, deterministic module with a vitest suite ; register in `pageRegistry.ts` with intent tags so the AI brain can cite and deep-link it ; surface as a tab/accordion inside its hub — keep the URL, drop the top-level nav claim"
7.1,7.5,0.4,3.2,IncomeAnnuityTop10,/portal/income-annuity-top10,"Insurance, Annuity & Carrier",EMBED — named tab,/portal/carrier-command,963,annuityData|taxBracketEngine,5,13,5,6,0,0,True,False,True,ts-nocheck,type checking disabled on the file ; thin input surface — cannot model a real scenario ; no client-ready export ; invisible to the AI brain ; orphan URL — reachable only by typing it,"widen inputs to a full scenario (assumptions, ranges, alternatives) ; add branded PDF export with sources and method notes ; register in `pageRegistry.ts` with intent tags so the AI brain can cite and deep-link it ; surface as a tab/accordion inside its hub — keep the URL, drop the top-level nav claim"
7.1,7.1,0.0,7.1,AISlideGenerator,/portal/ai-slides,Advisor Practice & Sales Enablement,EMBED — named tab,/portal/practice-command,802,slideThemes,5,6,7,0,0,0,True,True,True,,no client-ready export ; invisible to the AI brain,add branded PDF export with sources and method notes ; register in `pageRegistry.ts` with intent tags so the AI brain can cite and deep-link it
7.1,7.5,0.4,7.1,StrategyLab,/portal/strategy,Scenario Lab & Comparison,EMBED — named tab,/portal/scenario-lab,501,taxBracketEngine,7,10,10,12,0,0,True,True,True,ts-nocheck,type checking disabled on the file ; no client-ready export ; invisible to the AI brain,add branded PDF export with sources and method notes ; register in `pageRegistry.ts` with intent tags so the AI brain can cite and deep-link it
7.0,7.4,0.4,3.1,TeamManagement,/portal/team-management,Advisor Practice & Sales Enablement,EMBED — named tab,/portal/practice-command,1772,,10,17,17,10,0,0,True,False,True,ts-nocheck,"type checking disabled on the file ; math inlined in the component — untestable, un-reusable, cannot be called by the AI brain ; no client-ready export ; invisible to the AI brain ; orphan URL — reachable only by typing it","extract the math into `shared/<name>Engine.ts` as a pure, deterministic module with a vitest suite ; add branded PDF export with sources and method notes ; register in `pageRegistry.ts` with intent tags so the AI brain can cite and deep-link it ; surface as a tab/accordion inside its hub — keep the URL, drop the top-level nav claim"
7.0,7.4,0.4,3.1,RebalanceAlerts,/portal/rebalance,Investments & Portfolio,EMBED — named tab,/portal/portfolio-command,1641,,10,22,14,2,0,0,True,False,True,ts-nocheck,"type checking disabled on the file ; math inlined in the component — untestable, un-reusable, cannot be called by the AI brain ; no client-ready export ; invisible to the AI brain ; orphan URL — reachable only by typing it","extract the math into `shared/<name>Engine.ts` as a pure, deterministic module with a vitest suite ; add branded PDF export with sources and method notes ; register in `pageRegistry.ts` with intent tags so the AI brain can cite and deep-link it ; surface as a tab/accordion inside its hub — keep the URL, drop the top-level nav claim"
7.0,7.4,0.4,3.1,BatchIllustration,/portal/batch-illustration,IUL & Policy Engineering,EMBED — named tab,/portal/time-machine-calculator,1423,,8,12,20,12,0,0,True,False,True,ts-nocheck,"type checking disabled on the file ; math inlined in the component — untestable, un-reusable, cannot be called by the AI brain ; no client-ready export ; invisible to the AI brain ; orphan URL — reachable only by typing it","extract the math into `shared/<name>Engine.ts` as a pure, deterministic module with a vitest suite ; add branded PDF export with sources and method notes ; register in `pageRegistry.ts` with intent tags so the AI brain can cite and deep-link it ; surface as a tab/accordion inside its hub — keep the URL, drop the top-level nav claim"
7.0,7.4,0.4,3.1,LeadGenerator,/portal/lead-generator,Client Management & CRM,EMBED — named tab,/portal/clients,1404,,7,12,17,12,0,0,True,False,True,ts-nocheck,"type checking disabled on the file ; math inlined in the component — untestable, un-reusable, cannot be called by the AI brain ; no client-ready export ; invisible to the AI brain ; orphan URL — reachable only by typing it","extract the math into `shared/<name>Engine.ts` as a pure, deterministic module with a vitest suite ; add branded PDF export with sources and method notes ; register in `pageRegistry.ts` with intent tags so the AI brain can cite and deep-link it ; surface as a tab/accordion inside its hub — keep the URL, drop the top-level nav claim"
7.0,8.4,1.4,3.1,RetirementGuardrails,/portal/retirement-guardrails,Retirement Income & Drawdown,EMBED — named tab,/portal/ecological-drivers,1388,taxBracketEngine,6,15,18,12,0,0,True,False,True,ts-nocheck|literal-chart-data,"type checking disabled on the file ; chart is fed a literal array — the picture is decorative, not computed ; no client-ready export ; invisible to the AI brain ; orphan URL — reachable only by typing it","add branded PDF export with sources and method notes ; register in `pageRegistry.ts` with intent tags so the AI brain can cite and deep-link it ; surface as a tab/accordion inside its hub — keep the URL, drop the top-level nav claim"
7.0,8.6,1.6,7.0,ScenarioAdjustments,/portal/scenarios,Scenario Lab & Comparison,EMBED — named tab,/portal/scenario-lab,1308,taxBracketEngine,8,11,5,12,1,0,True,True,True,ts-nocheck|fabricated-constant,type checking disabled on the file ; carries invented constants marked Simplified/Assumed in place of real limits ; thin input surface — cannot model a real scenario ; invisible to the AI brain,"widen inputs to a full scenario (assumptions, ranges, alternatives) ; register in `pageRegistry.ts` with intent tags so the AI brain can cite and deep-link it"
7.0,7.4,0.4,3.1,CarrierQuotes,/portal/quotes,"Insurance, Annuity & Carrier",EMBED — named tab,/portal/carrier-command,1184,,10,12,8,4,1,0,True,False,True,ts-nocheck,"type checking disabled on the file ; math inlined in the component — untestable, un-reusable, cannot be called by the AI brain ; invisible to the AI brain ; orphan URL — reachable only by typing it","extract the math into `shared/<name>Engine.ts` as a pure, deterministic module with a vitest suite ; register in `pageRegistry.ts` with intent tags so the AI brain can cite and deep-link it ; surface as a tab/accordion inside its hub — keep the URL, drop the top-level nav claim"
7.0,7.4,0.4,3.1,CryptoCurrencyCorner,/portal/crypto-corner,Investments & Portfolio,EMBED — named tab,/portal/portfolio-command,962,taxBracketEngine,3,20,4,10,1,0,True,False,True,ts-nocheck,type checking disabled on the file ; thin input surface — cannot model a real scenario ; invisible to the AI brain ; orphan URL — reachable only by typing it,"widen inputs to a full scenario (assumptions, ranges, alternatives) ; register in `pageRegistry.ts` with intent tags so the AI brain can cite and deep-link it ; surface as a tab/accordion inside its hub — keep the URL, drop the top-level nav claim"
6.9,7.3,0.4,3.1,OwnerOversight,/portal/owner-oversight,Business & Succession,EMBED — accordion section,/portal/business-command,1845,,10,14,10,10,0,0,True,False,True,ts-nocheck,"type checking disabled on the file ; math inlined in the component — untestable, un-reusable, cannot be called by the AI brain ; no client-ready export ; invisible to the AI brain ; orphan URL — reachable only by typing it","extract the math into `shared/<name>Engine.ts` as a pure, deterministic module with a vitest suite ; add branded PDF export with sources and method notes ; register in `pageRegistry.ts` with intent tags so the AI brain can cite and deep-link it ; surface as a tab/accordion inside its hub — keep the URL, drop the top-level nav claim"
6.9,8.3,1.4,3.1,EstateFlowChart,/portal/estate-flow,"Estate, Trust & Legacy",EMBED — accordion section,/portal/estate-command,1651,taxBracketEngine,6,15,10,6,0,0,True,False,True,ts-nocheck|literal-chart-data,"type checking disabled on the file ; chart is fed a literal array — the picture is decorative, not computed ; no client-ready export ; invisible to the AI brain ; orphan URL — reachable only by typing it","add branded PDF export with sources and method notes ; register in `pageRegistry.ts` with intent tags so the AI brain can cite and deep-link it ; surface as a tab/accordion inside its hub — keep the URL, drop the top-level nav claim"
6.9,8.3,1.4,3.1,TaxReturnUpload,/portal/tax-return-upload,Tax Strategy,EMBED — accordion section,/portal/tax-command,1275,taxBracketEngine,7,18,9,10,0,0,True,False,True,ts-nocheck|literal-chart-data,"type checking disabled on the file ; chart is fed a literal array — the picture is decorative, not computed ; no client-ready export ; invisible to the AI brain ; orphan URL — reachable only by typing it","add branded PDF export with sources and method notes ; register in `pageRegistry.ts` with intent tags so the AI brain can cite and deep-link it ; surface as a tab/accordion inside its hub — keep the URL, drop the top-level nav claim"
6.9,7.3,0.4,3.1,IncomeTimeline,/portal/income-timeline,Retirement Income & Drawdown,EMBED — accordion section,/portal/ecological-drivers,1087,taxBracketEngine,5,12,3,2,0,0,True,False,True,ts-nocheck,type checking disabled on the file ; thin input surface — cannot model a real scenario ; no client-ready export ; invisible to the AI brain ; orphan URL — reachable only by typing it,"widen inputs to a full scenario (assumptions, ranges, alternatives) ; add branded PDF export with sources and method notes ; register in `pageRegistry.ts` with intent tags so the AI brain can cite and deep-link it ; surface as a tab/accordion inside its hub — keep the URL, drop the top-level nav claim"
6.9,6.9,0.0,6.9,RentalEnterprise,/portal/rental-enterprise,Real Estate Intelligence,EMBED — accordion section,/portal/real-estate-mogul,342,mutualIulCarriers,8,0,21,10,0,0,True,True,True,,no visualisation of the outcome ; no client-ready export ; invisible to the AI brain,add projection + sensitivity + comparison charts ; add branded PDF export with sources and method notes ; register in `pageRegistry.ts` with intent tags so the AI brain can cite and deep-link it
6.8,7.2,0.4,3.1,ComplianceAuditTrail,/portal/compliance-audit-trail,Compliance & Supervision,EMBED — accordion section,/portal/compliance-center,1161,,7,13,8,2,0,0,True,False,True,ts-nocheck,"type checking disabled on the file ; math inlined in the component — untestable, un-reusable, cannot be called by the AI brain ; no client-ready export ; invisible to the AI brain ; orphan URL — reachable only by typing it","extract the math into `shared/<name>Engine.ts` as a pure, deterministic module with a vitest suite ; add branded PDF export with sources and method notes ; register in `pageRegistry.ts` with intent tags so the AI brain can cite and deep-link it ; surface as a tab/accordion inside its hub — keep the URL, drop the top-level nav claim"
6.8,7.2,0.4,3.1,AtheneGuaranteedIncome,/portal/athene-guaranteed-income,"Insurance, Annuity & Carrier",EMBED — accordion section,/portal/carrier-command,893,taxBracketEngine,5,5,2,10,0,0,True,False,True,ts-nocheck,type checking disabled on the file ; thin input surface — cannot model a real scenario ; no client-ready export ; invisible to the AI brain ; orphan URL — reachable only by typing it,"widen inputs to a full scenario (assumptions, ranges, alternatives) ; add branded PDF export with sources and method notes ; register in `pageRegistry.ts` with intent tags so the AI brain can cite and deep-link it ; surface as a tab/accordion inside its hub — keep the URL, drop the top-level nav claim"
6.7,8.3,1.6,3.0,RetirementIncomeProjection,/portal/retirement-projection,Retirement Income & Drawdown,EMBED — accordion section,/portal/ecological-drivers,1700,policyMechanics|taxBracketEngine,7,13,10,12,0,0,True,False,True,ts-nocheck|fabricated-constant,type checking disabled on the file ; carries invented constants marked Simplified/Assumed in place of real limits ; no client-ready export ; invisible to the AI brain ; orphan URL — reachable only by typing it,"add branded PDF export with sources and method notes ; register in `pageRegistry.ts` with intent tags so the AI brain can cite and deep-link it ; surface as a tab/accordion inside its hub — keep the URL, drop the top-level nav claim"
6.7,7.1,0.4,3.0,MeetingAgenda,/portal/meeting-agenda,Client Management & CRM,EMBED — accordion section,/portal/clients,1397,,11,12,16,4,1,0,True,False,True,ts-nocheck,type checking disabled on the file ; no real computation — display-only ; invisible to the AI brain ; orphan URL — reachable only by typing it,"extract the math into `shared/<name>Engine.ts` as a pure, deterministic module with a vitest suite ; register in `pageRegistry.ts` with intent tags so the AI brain can cite and deep-link it ; surface as a tab/accordion inside its hub — keep the URL, drop the top-level nav claim"
6.7,7.1,0.4,3.0,AdvancedReporting,/portal/advanced-reporting,Reports & Deliverables,EMBED — accordion section,/portal/reports,1228,,8,11,12,12,1,0,True,False,True,ts-nocheck,type checking disabled on the file ; no real computation — display-only ; invisible to the AI brain ; orphan URL — reachable only by typing it,"extract the math into `shared/<name>Engine.ts` as a pure, deterministic module with a vitest suite ; register in `pageRegistry.ts` with intent tags so the AI brain can cite and deep-link it ; surface as a tab/accordion inside its hub — keep the URL, drop the top-level nav claim"
6.7,7.1,0.4,3.0,LifetimeGuaranteedIncome,/portal/lifetime-income,"Insurance, Annuity & Carrier",EMBED — accordion section,/portal/carrier-command,1070,annuityData|taxBracketEngine,2,5,3,6,1,0,True,False,True,ts-nocheck,type checking disabled on the file ; thin input surface — cannot model a real scenario ; invisible to the AI brain ; orphan URL — reachable only by typing it,"widen inputs to a full scenario (assumptions, ranges, alternatives) ; register in `pageRegistry.ts` with intent tags so the AI brain can cite and deep-link it ; surface as a tab/accordion inside its hub — keep the URL, drop the top-level nav claim"
6.7,7.1,0.4,3.0,GrowthAnnuities,/portal/growth-annuities,"Insurance, Annuity & Carrier",EMBED — accordion section,/portal/carrier-command,1056,annuityData|taxBracketEngine,2,6,4,10,1,0,True,False,True,ts-nocheck,type checking disabled on the file ; thin input surface — cannot model a real scenario ; invisible to the AI brain ; orphan URL — reachable only by typing it,"widen inputs to a full scenario (assumptions, ranges, alternatives) ; register in `pageRegistry.ts` with intent tags so the AI brain can cite and deep-link it ; surface as a tab/accordion inside its hub — keep the URL, drop the top-level nav claim"
6.6,7.0,0.4,3.0,SalesStoryBuilder,/portal/sales-story,Advisor Practice & Sales Enablement,EMBED — accordion section,/portal/practice-command,1463,,6,12,1,8,0,0,True,False,True,ts-nocheck,"type checking disabled on the file ; math inlined in the component — untestable, un-reusable, cannot be called by the AI brain ; thin input surface — cannot model a real scenario ; no client-ready export ; invisible to the AI brain ; orphan URL — reachable only by typing it","extract the math into `shared/<name>Engine.ts` as a pure, deterministic module with a vitest suite ; widen inputs to a full scenario (assumptions, ranges, alternatives) ; add branded PDF export with sources and method notes ; register in `pageRegistry.ts` with intent tags so the AI brain can cite and deep-link it ; surface as a tab/accordion inside its hub — keep the URL, drop the top-level nav claim"
6.6,7.0,0.4,6.6,Integrations,/portal/integrations,"Admin, Ops & System",EMBED — accordion section,/portal/admin,1392,,5,9,11,10,0,0,True,True,True,ts-nocheck,"type checking disabled on the file ; math inlined in the component — untestable, un-reusable, cannot be called by the AI brain ; no client-ready export ; invisible to the AI brain","extract the math into `shared/<name>Engine.ts` as a pure, deterministic module with a vitest suite ; add branded PDF export with sources and method notes ; register in `pageRegistry.ts` with intent tags so the AI brain can cite and deep-link it"
6.6,8.0,1.4,3.0,BusinessOwnerPlanning,/portal/business-owner,Business & Succession,EMBED — accordion section,/portal/business-command,1146,taxBracketEngine,6,13,31,12,0,0,True,False,True,ts-nocheck|literal-chart-data,"type checking disabled on the file ; chart is fed a literal array — the picture is decorative, not computed ; no client-ready export ; invisible to the AI brain ; orphan URL — reachable only by typing it","add branded PDF export with sources and method notes ; register in `pageRegistry.ts` with intent tags so the AI brain can cite and deep-link it ; surface as a tab/accordion inside its hub — keep the URL, drop the top-level nav claim"
6.6,7.0,0.4,3.0,SmartRebalancingAlerts,/portal/smart-rebalancing,Investments & Portfolio,EMBED — accordion section,/portal/portfolio-command,1099,,7,12,14,4,0,0,True,False,True,ts-nocheck,"type checking disabled on the file ; math inlined in the component — untestable, un-reusable, cannot be called by the AI brain ; no client-ready export ; invisible to the AI brain ; orphan URL — reachable only by typing it","extract the math into `shared/<name>Engine.ts` as a pure, deterministic module with a vitest suite ; add branded PDF export with sources and method notes ; register in `pageRegistry.ts` with intent tags so the AI brain can cite and deep-link it ; surface as a tab/accordion inside its hub — keep the URL, drop the top-level nav claim"
6.6,8.0,1.4,3.0,FIATop10,/portal/fia-top10,"Insurance, Annuity & Carrier",EMBED — accordion section,/portal/carrier-command,1034,annuityData|taxBracketEngine,7,15,18,12,0,0,True,False,True,ts-nocheck|literal-chart-data,"type checking disabled on the file ; chart is fed a literal array — the picture is decorative, not computed ; no client-ready export ; invisible to the AI brain ; orphan URL — reachable only by typing it","add branded PDF export with sources and method notes ; register in `pageRegistry.ts` with intent tags so the AI brain can cite and deep-link it ; surface as a tab/accordion inside its hub — keep the URL, drop the top-level nav claim"
6.5,7.9,1.4,2.9,SavedScenariosHub,/portal/saved-scenarios,Scenario Lab & Comparison,EMBED — accordion section,/portal/scenario-lab,1480,taxBracketEngine,6,12,4,12,0,0,True,False,True,ts-nocheck|literal-chart-data,"type checking disabled on the file ; chart is fed a literal array — the picture is decorative, not computed ; thin input surface — cannot model a real scenario ; no client-ready export ; invisible to the AI brain ; orphan URL — reachable only by typing it","widen inputs to a full scenario (assumptions, ranges, alternatives) ; add branded PDF export with sources and method notes ; register in `pageRegistry.ts` with intent tags so the AI brain can cite and deep-link it ; surface as a tab/accordion inside its hub — keep the URL, drop the top-level nav claim"
6.5,8.1,1.6,2.9,AiStrategyRecommender,/portal/ai-recommender,AI Brain & Intelligence,EMBED — accordion section,/portal/ai-brain-hub,1286,taxBracketEngine,7,14,7,2,0,0,True,False,True,ts-nocheck|fabricated-constant,type checking disabled on the file ; carries invented constants marked Simplified/Assumed in place of real limits ; no client-ready export ; invisible to the AI brain ; orphan URL — reachable only by typing it,"add branded PDF export with sources and method notes ; register in `pageRegistry.ts` with intent tags so the AI brain can cite and deep-link it ; surface as a tab/accordion inside its hub — keep the URL, drop the top-level nav claim"
6.5,7.9,1.4,2.9,TaxAdvantagedGrowth,/portal/retirement-projection,Tax Strategy,EMBED — accordion section,/portal/tax-command,1175,ibbotsonModel|taxBracketEngine,5,16,6,14,0,0,True,False,True,ts-nocheck|literal-chart-data,"type checking disabled on the file ; chart is fed a literal array — the picture is decorative, not computed ; no client-ready export ; invisible to the AI brain ; orphan URL — reachable only by typing it","add branded PDF export with sources and method notes ; register in `pageRegistry.ts` with intent tags so the AI brain can cite and deep-link it ; surface as a tab/accordion inside its hub — keep the URL, drop the top-level nav claim"
6.5,6.9,0.4,2.9,TaxWaterfall,/portal/tax-waterfall,Tax Strategy,EMBED — accordion section,/portal/tax-command,1161,taxBracketEngine,1,14,3,10,1,0,True,False,True,ts-nocheck,type checking disabled on the file ; thin input surface — cannot model a real scenario ; invisible to the AI brain ; orphan URL — reachable only by typing it,"widen inputs to a full scenario (assumptions, ranges, alternatives) ; register in `pageRegistry.ts` with intent tags so the AI brain can cite and deep-link it ; surface as a tab/accordion inside its hub — keep the URL, drop the top-level nav claim"
6.4,6.8,0.4,6.4,CarrierSettings,/portal/carrier-settings,"Insurance, Annuity & Carrier",EMBED — accordion section,/portal/carrier-command,1627,,8,14,12,12,0,0,True,True,True,ts-nocheck,type checking disabled on the file ; no real computation — display-only ; no client-ready export ; invisible to the AI brain,"extract the math into `shared/<name>Engine.ts` as a pure, deterministic module with a vitest suite ; add branded PDF export with sources and method notes ; register in `pageRegistry.ts` with intent tags so the AI brain can cite and deep-link it"
6.4,8.3,1.9,2.9,QuickQuote,/portal/quick-quote,"Insurance, Annuity & Carrier",EMBED — accordion section,/portal/carrier-command,1265,taxBracketEngine,7,17,11,14,0,0,True,False,True,ts-nocheck|frozen-chart,type checking disabled on the file ; chart memo has empty deps — the graph never changes when inputs change ; no client-ready export ; invisible to the AI brain ; orphan URL — reachable only by typing it,"add branded PDF export with sources and method notes ; register in `pageRegistry.ts` with intent tags so the AI brain can cite and deep-link it ; surface as a tab/accordion inside its hub — keep the URL, drop the top-level nav claim"
6.4,6.8,0.4,2.9,ReverseHeloc,/portal/reverse-heloc,Mortgage & Debt Elimination,EMBED — accordion section,/portal/mortgage-killer,1032,reverseHeloc|taxBracketEngine,5,9,0,14,0,0,True,False,True,ts-nocheck,type checking disabled on the file ; thin input surface — cannot model a real scenario ; no client-ready export ; invisible to the AI brain ; orphan URL — reachable only by typing it,"widen inputs to a full scenario (assumptions, ranges, alternatives) ; add branded PDF export with sources and method notes ; register in `pageRegistry.ts` with intent tags so the AI brain can cite and deep-link it ; surface as a tab/accordion inside its hub — keep the URL, drop the top-level nav claim"
6.4,6.4,0.0,2.9,Controls,/portal/controls,Cross-Cutting Reference Library,EMBED — accordion section,/portal/library,448,consent,29,0,31,0,0,0,True,False,True,,no visualisation of the outcome ; no client-ready export ; invisible to the AI brain ; orphan URL — reachable only by typing it,"add projection + sensitivity + comparison charts ; add branded PDF export with sources and method notes ; register in `pageRegistry.ts` with intent tags so the AI brain can cite and deep-link it ; surface as a tab/accordion inside its hub — keep the URL, drop the top-level nav claim"
6.3,6.7,0.4,2.8,NaturalLanguageQuery,/portal/data-query,AI Brain & Intelligence,EMBED — accordion section,/portal/ai-brain-hub,1487,,7,11,7,14,0,0,True,False,True,ts-nocheck,type checking disabled on the file ; no real computation — display-only ; no client-ready export ; invisible to the AI brain ; orphan URL — reachable only by typing it,"extract the math into `shared/<name>Engine.ts` as a pure, deterministic module with a vitest suite ; add branded PDF export with sources and method notes ; register in `pageRegistry.ts` with intent tags so the AI brain can cite and deep-link it ; surface as a tab/accordion inside its hub — keep the URL, drop the top-level nav claim"
6.3,6.7,0.4,2.8,WorkspaceBranding,/portal/branding,Advisor Practice & Sales Enablement,EMBED — accordion section,/portal/practice-command,1214,,6,20,10,12,0,0,True,False,True,ts-nocheck,type checking disabled on the file ; no real computation — display-only ; no client-ready export ; invisible to the AI brain ; orphan URL — reachable only by typing it,"extract the math into `shared/<name>Engine.ts` as a pure, deterministic module with a vitest suite ; add branded PDF export with sources and method notes ; register in `pageRegistry.ts` with intent tags so the AI brain can cite and deep-link it ; surface as a tab/accordion inside its hub — keep the URL, drop the top-level nav claim"
6.2,6.6,0.4,2.8,DocumentTemplates,/portal/document-templates,Advisor Practice & Sales Enablement,EMBED — accordion section,/portal/practice-command,1445,,7,10,3,12,1,0,True,False,True,ts-nocheck,type checking disabled on the file ; no real computation — display-only ; thin input surface — cannot model a real scenario ; invisible to the AI brain ; orphan URL — reachable only by typing it,"extract the math into `shared/<name>Engine.ts` as a pure, deterministic module with a vitest suite ; widen inputs to a full scenario (assumptions, ranges, alternatives) ; register in `pageRegistry.ts` with intent tags so the AI brain can cite and deep-link it ; surface as a tab/accordion inside its hub — keep the URL, drop the top-level nav claim"
6.2,8.1,1.9,2.8,EnterpriseAdmin,/portal/admin,"Admin, Ops & System",EMBED — accordion section,/portal/admin,1294,,6,11,6,8,0,1,True,False,True,ts-nocheck|frozen-chart,"type checking disabled on the file ; chart memo has empty deps — the graph never changes when inputs change ; math inlined in the component — untestable, un-reusable, cannot be called by the AI brain ; no client-ready export ; orphan URL — reachable only by typing it","extract the math into `shared/<name>Engine.ts` as a pure, deterministic module with a vitest suite ; add branded PDF export with sources and method notes ; surface as a tab/accordion inside its hub — keep the URL, drop the top-level nav claim"
6.1,6.5,0.4,2.7,AnnuityAccumulationDB,/portal/annuity-accumulation-db,"Insurance, Annuity & Carrier",EMBED — accordion section,/portal/carrier-command,1251,annuityData|taxBracketEngine,1,6,9,4,0,0,True,False,True,ts-nocheck,type checking disabled on the file ; no client-ready export ; invisible to the AI brain ; orphan URL — reachable only by typing it,"add branded PDF export with sources and method notes ; register in `pageRegistry.ts` with intent tags so the AI brain can cite and deep-link it ; surface as a tab/accordion inside its hub — keep the URL, drop the top-level nav claim"
6.1,7.5,1.4,6.1,GoalsBasedPlanning,/portal/goals-planning,"Discovery, Calibration & Onboarding",EMBED — accordion section,/portal/onboarding,919,taxBracketEngine,5,14,3,12,0,0,True,True,True,ts-nocheck|literal-chart-data,"type checking disabled on the file ; chart is fed a literal array — the picture is decorative, not computed ; thin input surface — cannot model a real scenario ; no client-ready export ; invisible to the AI brain","widen inputs to a full scenario (assumptions, ranges, alternatives) ; add branded PDF export with sources and method notes ; register in `pageRegistry.ts` with intent tags so the AI brain can cite and deep-link it"
6.0,7.9,1.9,2.7,ClientHealthDashboard,/portal/client-health,Mortgage & Debt Elimination,EMBED — accordion section,/portal/mortgage-killer,1696,,7,17,14,2,0,0,True,False,True,ts-nocheck|frozen-chart,"type checking disabled on the file ; chart memo has empty deps — the graph never changes when inputs change ; math inlined in the component — untestable, un-reusable, cannot be called by the AI brain ; no client-ready export ; invisible to the AI brain ; orphan URL — reachable only by typing it","extract the math into `shared/<name>Engine.ts` as a pure, deterministic module with a vitest suite ; add branded PDF export with sources and method notes ; register in `pageRegistry.ts` with intent tags so the AI brain can cite and deep-link it ; surface as a tab/accordion inside its hub — keep the URL, drop the top-level nav claim"
6.0,6.4,0.4,2.7,ReferralTracker,/portal/referral-tracker,Client Management & CRM,EMBED — accordion section,/portal/clients,1369,,9,14,15,8,0,0,True,False,True,ts-nocheck,type checking disabled on the file ; no real computation — display-only ; no client-ready export ; invisible to the AI brain ; orphan URL — reachable only by typing it,"extract the math into `shared/<name>Engine.ts` as a pure, deterministic module with a vitest suite ; add branded PDF export with sources and method notes ; register in `pageRegistry.ts` with intent tags so the AI brain can cite and deep-link it ; surface as a tab/accordion inside its hub — keep the URL, drop the top-level nav claim"
6.0,6.4,0.4,2.7,EstateTax,/portal/estate-tax,Tax Strategy,EMBED — accordion section,/portal/tax-command,1313,taxBracketEngine,1,31,5,2,0,0,True,False,True,ts-nocheck,type checking disabled on the file ; thin input surface — cannot model a real scenario ; no client-ready export ; invisible to the AI brain ; orphan URL — reachable only by typing it,"widen inputs to a full scenario (assumptions, ranges, alternatives) ; add branded PDF export with sources and method notes ; register in `pageRegistry.ts` with intent tags so the AI brain can cite and deep-link it ; surface as a tab/accordion inside its hub — keep the URL, drop the top-level nav claim"
6.0,7.9,1.9,2.7,ClientEngagementScore,/portal/engagement-score,Engagement & Behavioral,EMBED — accordion section,/portal/engagement,1251,,7,16,12,10,0,0,True,False,True,ts-nocheck|frozen-chart,"type checking disabled on the file ; chart memo has empty deps — the graph never changes when inputs change ; math inlined in the component — untestable, un-reusable, cannot be called by the AI brain ; no client-ready export ; invisible to the AI brain ; orphan URL — reachable only by typing it","extract the math into `shared/<name>Engine.ts` as a pure, deterministic module with a vitest suite ; add branded PDF export with sources and method notes ; register in `pageRegistry.ts` with intent tags so the AI brain can cite and deep-link it ; surface as a tab/accordion inside its hub — keep the URL, drop the top-level nav claim"
6.0,6.4,0.4,6.0,AiAssist,/portal/ai,AI Brain & Intelligence,EMBED — accordion section,/portal/ai-brain-hub,1152,,6,16,12,12,0,0,True,True,True,ts-nocheck,type checking disabled on the file ; no real computation — display-only ; no client-ready export ; invisible to the AI brain,"extract the math into `shared/<name>Engine.ts` as a pure, deterministic module with a vitest suite ; add branded PDF export with sources and method notes ; register in `pageRegistry.ts` with intent tags so the AI brain can cite and deep-link it"
6.0,6.0,0.0,2.7,Whisperer,/portal/whisperer,AI Brain & Intelligence,EMBED — accordion section,/portal/ai-brain-hub,389,whispererEngine,12,0,10,0,0,0,True,False,True,,no visualisation of the outcome ; no client-ready export ; invisible to the AI brain ; orphan URL — reachable only by typing it,"add projection + sensitivity + comparison charts ; add branded PDF export with sources and method notes ; register in `pageRegistry.ts` with intent tags so the AI brain can cite and deep-link it ; surface as a tab/accordion inside its hub — keep the URL, drop the top-level nav claim"
5.9,7.8,1.9,2.7,AuditTimeline,/portal/audit-timeline,Compliance & Supervision,EMBED — accordion section,/portal/compliance-center,1707,,6,13,7,14,0,0,True,False,True,ts-nocheck|frozen-chart,"type checking disabled on the file ; chart memo has empty deps — the graph never changes when inputs change ; math inlined in the component — untestable, un-reusable, cannot be called by the AI brain ; no client-ready export ; invisible to the AI brain ; orphan URL — reachable only by typing it","extract the math into `shared/<name>Engine.ts` as a pure, deterministic module with a vitest suite ; add branded PDF export with sources and method notes ; register in `pageRegistry.ts` with intent tags so the AI brain can cite and deep-link it ; surface as a tab/accordion inside its hub — keep the URL, drop the top-level nav claim"
5.9,8.8,2.9,2.7,IndexBacktester,/portal/index-backtester,Cross-Cutting Reference Library,EMBED — accordion section,/portal/library,1532,taxBracketEngine,10,15,6,4,1,0,True,False,True,ts-nocheck|frozen-chart|literal-chart-data,"type checking disabled on the file ; chart memo has empty deps — the graph never changes when inputs change ; chart is fed a literal array — the picture is decorative, not computed ; invisible to the AI brain ; orphan URL — reachable only by typing it","register in `pageRegistry.ts` with intent tags so the AI brain can cite and deep-link it ; surface as a tab/accordion inside its hub — keep the URL, drop the top-level nav claim"
5.9,6.3,0.4,2.7,ClientSelfServicePortal,/portal/client-self-service,Mortgage & Debt Elimination,EMBED — accordion section,/portal/mortgage-killer,1147,,6,10,10,10,0,0,True,False,True,ts-nocheck,type checking disabled on the file ; no real computation — display-only ; no client-ready export ; invisible to the AI brain ; orphan URL — reachable only by typing it,"extract the math into `shared/<name>Engine.ts` as a pure, deterministic module with a vitest suite ; add branded PDF export with sources and method notes ; register in `pageRegistry.ts` with intent tags so the AI brain can cite and deep-link it ; surface as a tab/accordion inside its hub — keep the URL, drop the top-level nav claim"
5.9,7.8,1.9,5.9,InflationAnalysis,/portal/inflation,Investments & Portfolio,EMBED — accordion section,/portal/portfolio-command,1086,taxBracketEngine,7,16,1,12,1,0,True,True,True,ts-nocheck|frozen-chart,type checking disabled on the file ; chart memo has empty deps — the graph never changes when inputs change ; thin input surface — cannot model a real scenario ; invisible to the AI brain,"widen inputs to a full scenario (assumptions, ranges, alternatives) ; register in `pageRegistry.ts` with intent tags so the AI brain can cite and deep-link it"
5.9,6.3,0.4,2.7,AdvisorTraining,/portal/advisor-training,Advisor Practice & Sales Enablement,EMBED — accordion section,/portal/practice-command,994,,7,15,7,12,0,0,True,False,True,ts-nocheck,type checking disabled on the file ; no real computation — display-only ; no client-ready export ; invisible to the AI brain ; orphan URL — reachable only by typing it,"extract the math into `shared/<name>Engine.ts` as a pure, deterministic module with a vitest suite ; add branded PDF export with sources and method notes ; register in `pageRegistry.ts` with intent tags so the AI brain can cite and deep-link it ; surface as a tab/accordion inside its hub — keep the URL, drop the top-level nav claim"
5.9,6.3,0.4,2.7,ClientScorecard,/portal/client-scorecard,Mortgage & Debt Elimination,EMBED — accordion section,/portal/mortgage-killer,811,,5,10,6,12,0,0,True,False,True,ts-nocheck,type checking disabled on the file ; no real computation — display-only ; no client-ready export ; invisible to the AI brain ; orphan URL — reachable only by typing it,"extract the math into `shared/<name>Engine.ts` as a pure, deterministic module with a vitest suite ; add branded PDF export with sources and method notes ; register in `pageRegistry.ts` with intent tags so the AI brain can cite and deep-link it ; surface as a tab/accordion inside its hub — keep the URL, drop the top-level nav claim"
5.8,6.2,0.4,5.8,Pipeline,/portal/pipeline,Client Management & CRM,EMBED — accordion section,/portal/clients,1102,,10,8,13,4,0,0,True,True,True,ts-nocheck,type checking disabled on the file ; no real computation — display-only ; no client-ready export ; invisible to the AI brain,"extract the math into `shared/<name>Engine.ts` as a pure, deterministic module with a vitest suite ; add branded PDF export with sources and method notes ; register in `pageRegistry.ts` with intent tags so the AI brain can cite and deep-link it"
5.7,8.3,2.6,5.7,RealEstateMogul,/portal/real-estate-mogul,Real Estate Intelligence,EMBED — accordion section,/portal/real-estate-mogul,1719,ibbotsonModel|taxBracketEngine,5,18,9,6,0,0,True,True,True,ts-nocheck|fabricated-constant|literal-chart-data,"type checking disabled on the file ; carries invented constants marked Simplified/Assumed in place of real limits ; chart is fed a literal array — the picture is decorative, not computed ; no client-ready export ; invisible to the AI brain",add branded PDF export with sources and method notes ; register in `pageRegistry.ts` with intent tags so the AI brain can cite and deep-link it
5.7,6.1,0.4,5.7,HouseRecyclingStrategy,/portal/house-recycling,Mortgage & Debt Elimination,EMBED — accordion section,/portal/mortgage-killer,1399,taxBracketEngine,1,8,5,2,0,0,True,True,True,ts-nocheck,type checking disabled on the file ; thin input surface — cannot model a real scenario ; no client-ready export ; invisible to the AI brain,"widen inputs to a full scenario (assumptions, ranges, alternatives) ; add branded PDF export with sources and method notes ; register in `pageRegistry.ts` with intent tags so the AI brain can cite and deep-link it"
5.7,6.1,0.4,2.6,ClientOnboardingAutomation,/portal/client-onboarding-auto,Mortgage & Debt Elimination,EMBED — accordion section,/portal/mortgage-killer,1381,,6,17,8,4,0,0,True,False,True,ts-nocheck,type checking disabled on the file ; no real computation — display-only ; no client-ready export ; invisible to the AI brain ; orphan URL — reachable only by typing it,"extract the math into `shared/<name>Engine.ts` as a pure, deterministic module with a vitest suite ; add branded PDF export with sources and method notes ; register in `pageRegistry.ts` with intent tags so the AI brain can cite and deep-link it ; surface as a tab/accordion inside its hub — keep the URL, drop the top-level nav claim"
5.7,6.1,0.4,2.6,HiddenMaterial,/portal/hidden-material,Compliance & Supervision,EMBED — accordion section,/portal/compliance-center,1121,,7,18,6,4,0,0,True,False,True,ts-nocheck,type checking disabled on the file ; no real computation — display-only ; no client-ready export ; invisible to the AI brain ; orphan URL — reachable only by typing it,"extract the math into `shared/<name>Engine.ts` as a pure, deterministic module with a vitest suite ; add branded PDF export with sources and method notes ; register in `pageRegistry.ts` with intent tags so the AI brain can cite and deep-link it ; surface as a tab/accordion inside its hub — keep the URL, drop the top-level nav claim"
5.7,7.1,1.4,2.6,AxonicSP500,/portal/axonic-sp500,"Insurance, Annuity & Carrier",EMBED — accordion section,/portal/carrier-command,820,taxBracketEngine,6,12,0,12,0,0,True,False,True,ts-nocheck|literal-chart-data,"type checking disabled on the file ; chart is fed a literal array — the picture is decorative, not computed ; thin input surface — cannot model a real scenario ; no client-ready export ; invisible to the AI brain ; orphan URL — reachable only by typing it","widen inputs to a full scenario (assumptions, ranges, alternatives) ; add branded PDF export with sources and method notes ; register in `pageRegistry.ts` with intent tags so the AI brain can cite and deep-link it ; surface as a tab/accordion inside its hub — keep the URL, drop the top-level nav claim"
5.6,7.2,1.6,2.5,ClientComparison,/portal/client-comparison,Mortgage & Debt Elimination,EMBED — accordion section,/portal/mortgage-killer,1283,,8,18,7,2,1,0,True,False,True,ts-nocheck|fabricated-constant,type checking disabled on the file ; carries invented constants marked Simplified/Assumed in place of real limits ; no real computation — display-only ; invisible to the AI brain ; orphan URL — reachable only by typing it,"extract the math into `shared/<name>Engine.ts` as a pure, deterministic module with a vitest suite ; register in `pageRegistry.ts` with intent tags so the AI brain can cite and deep-link it ; surface as a tab/accordion inside its hub — keep the URL, drop the top-level nav claim"
5.6,6.0,0.4,2.5,Team,/portal/team,Advisor Practice & Sales Enablement,EMBED — accordion section,/portal/practice-command,1166,,9,14,12,8,0,0,True,False,True,ts-nocheck,type checking disabled on the file ; no real computation — display-only ; no client-ready export ; invisible to the AI brain ; orphan URL — reachable only by typing it,"extract the math into `shared/<name>Engine.ts` as a pure, deterministic module with a vitest suite ; add branded PDF export with sources and method notes ; register in `pageRegistry.ts` with intent tags so the AI brain can cite and deep-link it ; surface as a tab/accordion inside its hub — keep the URL, drop the top-level nav claim"
5.6,7.5,1.9,2.5,AdvisorySummary,/portal/advisory-summary,Advisor Practice & Sales Enablement,EMBED — accordion section,/portal/practice-command,1115,advisorySummaryData,6,13,4,12,0,0,True,False,True,ts-nocheck|frozen-chart,type checking disabled on the file ; chart memo has empty deps — the graph never changes when inputs change ; thin input surface — cannot model a real scenario ; no client-ready export ; invisible to the AI brain ; orphan URL — reachable only by typing it,"widen inputs to a full scenario (assumptions, ranges, alternatives) ; add branded PDF export with sources and method notes ; register in `pageRegistry.ts` with intent tags so the AI brain can cite and deep-link it ; surface as a tab/accordion inside its hub — keep the URL, drop the top-level nav claim"
5.6,5.6,0.0,2.5,LeadInbox,/portal/leads,Client Management & CRM,EMBED — accordion section,/portal/clients,379,leadTypes,5,0,5,0,0,0,True,False,True,,no visualisation of the outcome ; thin input surface — cannot model a real scenario ; no client-ready export ; invisible to the AI brain ; orphan URL — reachable only by typing it,"add projection + sensitivity + comparison charts ; widen inputs to a full scenario (assumptions, ranges, alternatives) ; add branded PDF export with sources and method notes ; register in `pageRegistry.ts` with intent tags so the AI brain can cite and deep-link it ; surface as a tab/accordion inside its hub — keep the URL, drop the top-level nav claim"
5.5,5.9,0.4,2.5,PolicyReviewChecklist,/portal/policy-review-checklist,IUL & Policy Engineering,EMBED — accordion section,/portal/time-machine-calculator,1733,,5,20,5,12,0,0,True,False,True,ts-nocheck,type checking disabled on the file ; no real computation — display-only ; thin input surface — cannot model a real scenario ; no client-ready export ; invisible to the AI brain ; orphan URL — reachable only by typing it,"extract the math into `shared/<name>Engine.ts` as a pure, deterministic module with a vitest suite ; widen inputs to a full scenario (assumptions, ranges, alternatives) ; add branded PDF export with sources and method notes ; register in `pageRegistry.ts` with intent tags so the AI brain can cite and deep-link it ; surface as a tab/accordion inside its hub — keep the URL, drop the top-level nav claim"
5.5,7.4,1.9,2.5,StaleDigest,/portal/stale-digest,Compliance & Supervision,EMBED — accordion section,/portal/compliance-center,1600,,6,15,13,12,0,0,True,False,True,ts-nocheck|frozen-chart,"type checking disabled on the file ; chart memo has empty deps — the graph never changes when inputs change ; math inlined in the component — untestable, un-reusable, cannot be called by the AI brain ; no client-ready export ; invisible to the AI brain ; orphan URL — reachable only by typing it","extract the math into `shared/<name>Engine.ts` as a pure, deterministic module with a vitest suite ; add branded PDF export with sources and method notes ; register in `pageRegistry.ts` with intent tags so the AI brain can cite and deep-link it ; surface as a tab/accordion inside its hub — keep the URL, drop the top-level nav claim"
5.5,7.4,1.9,2.5,OwnerWarRoom,/portal/command-center,Reports & Deliverables,EMBED — accordion section,/portal/reports,1321,,10,14,3,6,0,0,True,False,True,ts-nocheck|frozen-chart,"type checking disabled on the file ; chart memo has empty deps — the graph never changes when inputs change ; math inlined in the component — untestable, un-reusable, cannot be called by the AI brain ; thin input surface — cannot model a real scenario ; no client-ready export ; invisible to the AI brain ; orphan URL — reachable only by typing it","extract the math into `shared/<name>Engine.ts` as a pure, deterministic module with a vitest suite ; widen inputs to a full scenario (assumptions, ranges, alternatives) ; add branded PDF export with sources and method notes ; register in `pageRegistry.ts` with intent tags so the AI brain can cite and deep-link it ; surface as a tab/accordion inside its hub — keep the URL, drop the top-level nav claim"
5.5,5.9,0.4,2.5,MarketDataDashboard,/portal/market-data,Investments & Portfolio,EMBED — accordion section,/portal/portfolio-command,1100,,7,13,6,10,0,0,True,False,True,ts-nocheck,type checking disabled on the file ; no real computation — display-only ; no client-ready export ; invisible to the AI brain ; orphan URL — reachable only by typing it,"extract the math into `shared/<name>Engine.ts` as a pure, deterministic module with a vitest suite ; add branded PDF export with sources and method notes ; register in `pageRegistry.ts` with intent tags so the AI brain can cite and deep-link it ; surface as a tab/accordion inside its hub — keep the URL, drop the top-level nav claim"
5.5,5.5,0.0,5.5,FinancialAssessment,/portal/financial-assessment,Cross-Cutting Reference Library,EMBED — accordion section,/portal/library,302,clientFactFinder,2,0,5,0,1,0,True,True,True,,no visualisation of the outcome ; thin input surface — cannot model a real scenario ; invisible to the AI brain,"add projection + sensitivity + comparison charts ; widen inputs to a full scenario (assumptions, ranges, alternatives) ; register in `pageRegistry.ts` with intent tags so the AI brain can cite and deep-link it"
5.5,5.5,0.0,5.5,ShortTermRentals,/portal/short-term-rentals,Real Estate Intelligence,EMBED — accordion section,/portal/real-estate-mogul,267,strEngine|strSources|zipEngine,4,0,6,4,0,0,True,True,True,,no visualisation of the outcome ; no client-ready export ; invisible to the AI brain,add projection + sensitivity + comparison charts ; add branded PDF export with sources and method notes ; register in `pageRegistry.ts` with intent tags so the AI brain can cite and deep-link it
5.4,6.8,1.4,2.4,SeminarGenerator,/portal/seminar-generator,Advisor Practice & Sales Enablement,EMBED — accordion section,/portal/practice-command,1718,,10,14,19,4,0,0,True,False,True,ts-nocheck|literal-chart-data,"type checking disabled on the file ; chart is fed a literal array — the picture is decorative, not computed ; no real computation — display-only ; no client-ready export ; invisible to the AI brain ; orphan URL — reachable only by typing it","extract the math into `shared/<name>Engine.ts` as a pure, deterministic module with a vitest suite ; add branded PDF export with sources and method notes ; register in `pageRegistry.ts` with intent tags so the AI brain can cite and deep-link it ; surface as a tab/accordion inside its hub — keep the URL, drop the top-level nav claim"
5.4,6.8,1.4,5.4,AdvisorChat,/portal/advisor-chat,Advisor Practice & Sales Enablement,EMBED — accordion section,/portal/practice-command,1365,,8,14,13,4,0,0,True,True,True,ts-nocheck|literal-chart-data,"type checking disabled on the file ; chart is fed a literal array — the picture is decorative, not computed ; no real computation — display-only ; no client-ready export ; invisible to the AI brain","extract the math into `shared/<name>Engine.ts` as a pure, deterministic module with a vitest suite ; add branded PDF export with sources and method notes ; register in `pageRegistry.ts` with intent tags so the AI brain can cite and deep-link it"
5.4,6.8,1.4,2.4,ClientOnboardingWizard,/portal/client-onboarding,Mortgage & Debt Elimination,EMBED — accordion section,/portal/mortgage-killer,1169,,5,17,13,0,0,0,True,False,True,ts-nocheck|literal-chart-data,"type checking disabled on the file ; chart is fed a literal array — the picture is decorative, not computed ; math inlined in the component — untestable, un-reusable, cannot be called by the AI brain ; no client-ready export ; invisible to the AI brain ; orphan URL — reachable only by typing it","extract the math into `shared/<name>Engine.ts` as a pure, deterministic module with a vitest suite ; add branded PDF export with sources and method notes ; register in `pageRegistry.ts` with intent tags so the AI brain can cite and deep-link it ; surface as a tab/accordion inside its hub — keep the URL, drop the top-level nav claim"
5.4,5.8,0.4,5.4,Meetings,/portal/meetings,Client Management & CRM,EMBED — accordion section,/portal/clients,680,,7,5,13,2,0,0,True,True,True,ts-nocheck,type checking disabled on the file ; no real computation — display-only ; no client-ready export ; invisible to the AI brain,"extract the math into `shared/<name>Engine.ts` as a pure, deterministic module with a vitest suite ; add branded PDF export with sources and method notes ; register in `pageRegistry.ts` with intent tags so the AI brain can cite and deep-link it"
5.4,7.3,1.9,2.4,CarrierComparison,/portal/carrier-comparison,"Insurance, Annuity & Carrier",EMBED — accordion section,/portal/carrier-command,655,taxBracketEngine,7,16,2,2,0,0,True,False,True,ts-nocheck|frozen-chart,type checking disabled on the file ; chart memo has empty deps — the graph never changes when inputs change ; thin input surface — cannot model a real scenario ; no client-ready export ; invisible to the AI brain ; orphan URL — reachable only by typing it,"widen inputs to a full scenario (assumptions, ranges, alternatives) ; add branded PDF export with sources and method notes ; register in `pageRegistry.ts` with intent tags so the AI brain can cite and deep-link it ; surface as a tab/accordion inside its hub — keep the URL, drop the top-level nav claim"
5.3,5.7,0.4,2.4,Recommendations,/portal/recommendations,AI Brain & Intelligence,EMBED — accordion section,/portal/ai-brain-hub,1456,taxBracketEngine,0,20,3,2,0,0,True,False,True,ts-nocheck,"type checking disabled on the file ; no live data — nothing persists, no client record ; thin input surface — cannot model a real scenario ; no client-ready export ; invisible to the AI brain ; orphan URL — reachable only by typing it","add a tRPC procedure so scenarios save against the client record ; widen inputs to a full scenario (assumptions, ranges, alternatives) ; add branded PDF export with sources and method notes ; register in `pageRegistry.ts` with intent tags so the AI brain can cite and deep-link it ; surface as a tab/accordion inside its hub — keep the URL, drop the top-level nav claim"
5.3,5.7,0.4,2.4,TimeMachineMethod,/portal/time-machine-method,IUL & Policy Engineering,EMBED — accordion section,/portal/time-machine-calculator,1307,taxBracketEngine|timeMachineEngine,0,11,5,2,0,0,True,False,True,ts-nocheck,"type checking disabled on the file ; no live data — nothing persists, no client record ; thin input surface — cannot model a real scenario ; no client-ready export ; invisible to the AI brain ; orphan URL — reachable only by typing it","add a tRPC procedure so scenarios save against the client record ; widen inputs to a full scenario (assumptions, ranges, alternatives) ; add branded PDF export with sources and method notes ; register in `pageRegistry.ts` with intent tags so the AI brain can cite and deep-link it ; surface as a tab/accordion inside its hub — keep the URL, drop the top-level nav claim"
5.3,5.3,0.0,2.4,IncomeForLife,/portal/income-for-life,Retirement Income & Drawdown,EMBED — accordion section,/portal/ecological-drivers,221,,7,0,26,4,1,0,True,False,True,,no real computation — display-only ; no visualisation of the outcome ; invisible to the AI brain ; orphan URL — reachable only by typing it ; stub depth,"extract the math into `shared/<name>Engine.ts` as a pure, deterministic module with a vitest suite ; add projection + sensitivity + comparison charts ; register in `pageRegistry.ts` with intent tags so the AI brain can cite and deep-link it ; write the explanatory layer: source, method, what the number means, what to do next ; surface as a tab/accordion inside its hub — keep the URL, drop the top-level nav claim"
5.2,6.8,1.6,2.3,CommissionCalculator,/portal/commission-calculator,Advisor Practice & Sales Enablement,EMBED — accordion section,/portal/practice-command,1474,,5,12,13,6,0,0,True,False,True,ts-nocheck|fabricated-constant,type checking disabled on the file ; carries invented constants marked Simplified/Assumed in place of real limits ; no real computation — display-only ; no client-ready export ; invisible to the AI brain ; orphan URL — reachable only by typing it,"extract the math into `shared/<name>Engine.ts` as a pure, deterministic module with a vitest suite ; add branded PDF export with sources and method notes ; register in `pageRegistry.ts` with intent tags so the AI brain can cite and deep-link it ; surface as a tab/accordion inside its hub — keep the URL, drop the top-level nav claim"
5.2,5.6,0.4,2.3,TimeMachineAG49,/portal/time-machine-ag49,IUL & Policy Engineering,EMBED — accordion section,/portal/time-machine-calculator,1288,taxBracketEngine,0,7,2,6,0,0,True,False,True,ts-nocheck,"type checking disabled on the file ; no live data — nothing persists, no client record ; thin input surface — cannot model a real scenario ; no client-ready export ; invisible to the AI brain ; orphan URL — reachable only by typing it","add a tRPC procedure so scenarios save against the client record ; widen inputs to a full scenario (assumptions, ranges, alternatives) ; add branded PDF export with sources and method notes ; register in `pageRegistry.ts` with intent tags so the AI brain can cite and deep-link it ; surface as a tab/accordion inside its hub — keep the URL, drop the top-level nav claim"
5.2,7.1,1.9,2.3,CompetitiveAnalysis,/portal/competitive,Advisor Practice & Sales Enablement,EMBED — accordion section,/portal/practice-command,1091,taxBracketEngine,6,13,0,16,0,0,True,False,True,ts-nocheck|frozen-chart,type checking disabled on the file ; chart memo has empty deps — the graph never changes when inputs change ; thin input surface — cannot model a real scenario ; no client-ready export ; invisible to the AI brain ; orphan URL — reachable only by typing it,"widen inputs to a full scenario (assumptions, ranges, alternatives) ; add branded PDF export with sources and method notes ; register in `pageRegistry.ts` with intent tags so the AI brain can cite and deep-link it ; surface as a tab/accordion inside its hub — keep the URL, drop the top-level nav claim"
5.1,5.5,0.4,2.3,TimeMachineCalculator,/portal/time-machine-calculator,IUL & Policy Engineering,EMBED — accordion section,/portal/time-machine-calculator,1159,taxBracketEngine|timeMachineEngine,0,12,4,6,0,0,True,False,True,ts-nocheck,"type checking disabled on the file ; no live data — nothing persists, no client record ; thin input surface — cannot model a real scenario ; no client-ready export ; invisible to the AI brain ; orphan URL — reachable only by typing it","add a tRPC procedure so scenarios save against the client record ; widen inputs to a full scenario (assumptions, ranges, alternatives) ; add branded PDF export with sources and method notes ; register in `pageRegistry.ts` with intent tags so the AI brain can cite and deep-link it ; surface as a tab/accordion inside its hub — keep the URL, drop the top-level nav claim"
5.1,5.5,0.4,2.3,ClientPortal,/portal/client-portal-config,Mortgage & Debt Elimination,EMBED — accordion section,/portal/mortgage-killer,1136,,8,10,2,6,0,0,True,False,True,ts-nocheck,type checking disabled on the file ; no real computation — display-only ; thin input surface — cannot model a real scenario ; no client-ready export ; invisible to the AI brain ; orphan URL — reachable only by typing it,"extract the math into `shared/<name>Engine.ts` as a pure, deterministic module with a vitest suite ; widen inputs to a full scenario (assumptions, ranges, alternatives) ; add branded PDF export with sources and method notes ; register in `pageRegistry.ts` with intent tags so the AI brain can cite and deep-link it ; surface as a tab/accordion inside its hub — keep the URL, drop the top-level nav claim"
5.1,5.5,0.4,2.3,SlackIntegration,/portal/slack,"Admin, Ops & System",EMBED — accordion section,/portal/admin,1111,,8,6,8,0,0,0,True,False,True,ts-nocheck,type checking disabled on the file ; no real computation — display-only ; no client-ready export ; invisible to the AI brain ; orphan URL — reachable only by typing it,"extract the math into `shared/<name>Engine.ts` as a pure, deterministic module with a vitest suite ; add branded PDF export with sources and method notes ; register in `pageRegistry.ts` with intent tags so the AI brain can cite and deep-link it ; surface as a tab/accordion inside its hub — keep the URL, drop the top-level nav claim"
5.1,5.5,0.4,2.3,OnboardingWizardV2,/portal/onboarding-v2,"Discovery, Calibration & Onboarding",EMBED — accordion section,/portal/onboarding,802,,6,13,5,12,0,0,True,False,True,ts-nocheck,type checking disabled on the file ; no real computation — display-only ; thin input surface — cannot model a real scenario ; no client-ready export ; invisible to the AI brain ; orphan URL — reachable only by typing it,"extract the math into `shared/<name>Engine.ts` as a pure, deterministic module with a vitest suite ; widen inputs to a full scenario (assumptions, ranges, alternatives) ; add branded PDF export with sources and method notes ; register in `pageRegistry.ts` with intent tags so the AI brain can cite and deep-link it ; surface as a tab/accordion inside its hub — keep the URL, drop the top-level nav claim"
5.0,5.0,0.0,0.5,ComponentShowcase,,"Public, Marketing & Legal",EMBED — accordion section,/,1438,,1,0,14,2,0,0,False,False,True,,static — no motion or cinematic treatment,apply the CinematicEngine treatment (Ken Burns + breath-locked bloom)
5.0,5.4,0.4,2.2,HotIncome,/portal/hot-income,Retirement Income & Drawdown,EMBED — accordion section,/portal/ecological-drivers,1206,taxBracketEngine,0,7,5,2,0,0,True,False,True,ts-nocheck,"type checking disabled on the file ; no live data — nothing persists, no client record ; thin input surface — cannot model a real scenario ; no client-ready export ; invisible to the AI brain ; orphan URL — reachable only by typing it","add a tRPC procedure so scenarios save against the client record ; widen inputs to a full scenario (assumptions, ranges, alternatives) ; add branded PDF export with sources and method notes ; register in `pageRegistry.ts` with intent tags so the AI brain can cite and deep-link it ; surface as a tab/accordion inside its hub — keep the URL, drop the top-level nav claim"
5.0,6.9,1.9,2.2,ComplianceMonitoringDashboard,/portal/compliance-monitoring,Compliance & Supervision,EMBED — accordion section,/portal/compliance-center,1189,,6,12,10,12,0,0,True,False,True,ts-nocheck|frozen-chart,"type checking disabled on the file ; chart memo has empty deps — the graph never changes when inputs change ; math inlined in the component — untestable, un-reusable, cannot be called by the AI brain ; no client-ready export ; invisible to the AI brain ; orphan URL — reachable only by typing it","extract the math into `shared/<name>Engine.ts` as a pure, deterministic module with a vitest suite ; add branded PDF export with sources and method notes ; register in `pageRegistry.ts` with intent tags so the AI brain can cite and deep-link it ; surface as a tab/accordion inside its hub — keep the URL, drop the top-level nav claim"
5.0,6.4,1.4,2.2,ComplianceReportGenerator,/portal/compliance-reports,Compliance & Supervision,EMBED — accordion section,/portal/compliance-center,1127,,6,12,12,6,0,0,True,False,True,ts-nocheck|literal-chart-data,"type checking disabled on the file ; chart is fed a literal array — the picture is decorative, not computed ; no real computation — display-only ; no client-ready export ; invisible to the AI brain ; orphan URL — reachable only by typing it","extract the math into `shared/<name>Engine.ts` as a pure, deterministic module with a vitest suite ; add branded PDF export with sources and method notes ; register in `pageRegistry.ts` with intent tags so the AI brain can cite and deep-link it ; surface as a tab/accordion inside its hub — keep the URL, drop the top-level nav claim"
5.0,5.4,0.4,2.2,Leaderboard,/portal/leaderboard,Client Management & CRM,EMBED — accordion section,/portal/clients,660,,10,6,6,4,0,0,True,False,True,ts-nocheck,type checking disabled on the file ; no real computation — display-only ; no client-ready export ; invisible to the AI brain ; orphan URL — reachable only by typing it,"extract the math into `shared/<name>Engine.ts` as a pure, deterministic module with a vitest suite ; add branded PDF export with sources and method notes ; register in `pageRegistry.ts` with intent tags so the AI brain can cite and deep-link it ; surface as a tab/accordion inside its hub — keep the URL, drop the top-level nav claim"
5.0,5.0,0.0,5.0,Pricing,/pricing,"Public, Marketing & Legal",EMBED — accordion section,/,588,,3,0,0,2,0,0,True,True,True,,static — no motion or cinematic treatment,apply the CinematicEngine treatment (Ken Burns + breath-locked bloom)
5.0,5.0,0.0,5.0,UltraCalculatorPage,/ultra-calculator,"Public, Marketing & Legal",EMBED — accordion section,/,500,ultraEngine,2,0,12,2,0,0,True,True,True,,static — no motion or cinematic treatment,apply the CinematicEngine treatment (Ken Burns + breath-locked bloom)
4.9,6.8,1.9,2.2,ReferralTracking,/portal/referral-tracking,Client Management & CRM,EMBED — reference card,/portal/clients,1832,,5,24,13,12,0,0,True,False,True,ts-nocheck|frozen-chart,type checking disabled on the file ; chart memo has empty deps — the graph never changes when inputs change ; no real computation — display-only ; no client-ready export ; invisible to the AI brain ; orphan URL — reachable only by typing it,"extract the math into `shared/<name>Engine.ts` as a pure, deterministic module with a vitest suite ; add branded PDF export with sources and method notes ; register in `pageRegistry.ts` with intent tags so the AI brain can cite and deep-link it ; surface as a tab/accordion inside its hub — keep the URL, drop the top-level nav claim"
4.9,6.8,1.9,2.2,DocumentVault,/portal/document-vault,Advisor Practice & Sales Enablement,EMBED — reference card,/portal/practice-command,1292,,9,15,12,12,0,0,True,False,True,ts-nocheck|frozen-chart,type checking disabled on the file ; chart memo has empty deps — the graph never changes when inputs change ; no real computation — display-only ; no client-ready export ; invisible to the AI brain ; orphan URL — reachable only by typing it,"extract the math into `shared/<name>Engine.ts` as a pure, deterministic module with a vitest suite ; add branded PDF export with sources and method notes ; register in `pageRegistry.ts` with intent tags so the AI brain can cite and deep-link it ; surface as a tab/accordion inside its hub — keep the URL, drop the top-level nav claim"
4.9,5.3,0.4,2.2,ClientPortfolioDashboard,/portal/client-portfolio,Mortgage & Debt Elimination,EMBED — reference card,/portal/mortgage-killer,1282,mygaWaterfall,0,17,0,2,0,0,True,False,True,ts-nocheck,"type checking disabled on the file ; no live data — nothing persists, no client record ; thin input surface — cannot model a real scenario ; no client-ready export ; invisible to the AI brain ; orphan URL — reachable only by typing it","add a tRPC procedure so scenarios save against the client record ; widen inputs to a full scenario (assumptions, ranges, alternatives) ; add branded PDF export with sources and method notes ; register in `pageRegistry.ts` with intent tags so the AI brain can cite and deep-link it ; surface as a tab/accordion inside its hub — keep the URL, drop the top-level nav claim"
4.9,5.3,0.4,2.2,CollaborativePlanning,/portal/collaborative-planning,Client Management & CRM,EMBED — reference card,/portal/clients,1131,,4,14,7,2,0,0,True,False,True,ts-nocheck,type checking disabled on the file ; no real computation — display-only ; no client-ready export ; invisible to the AI brain ; orphan URL — reachable only by typing it,"extract the math into `shared/<name>Engine.ts` as a pure, deterministic module with a vitest suite ; add branded PDF export with sources and method notes ; register in `pageRegistry.ts` with intent tags so the AI brain can cite and deep-link it ; surface as a tab/accordion inside its hub — keep the URL, drop the top-level nav claim"
4.9,5.3,0.4,4.9,Dashboard,/portal/dashboard,Reports & Deliverables,EMBED — reference card,/portal/reports,834,,10,10,0,2,0,0,True,True,True,ts-nocheck,type checking disabled on the file ; no real computation — display-only ; thin input surface — cannot model a real scenario ; no client-ready export ; invisible to the AI brain,"extract the math into `shared/<name>Engine.ts` as a pure, deterministic module with a vitest suite ; widen inputs to a full scenario (assumptions, ranges, alternatives) ; add branded PDF export with sources and method notes ; register in `pageRegistry.ts` with intent tags so the AI brain can cite and deep-link it"
4.8,6.7,1.9,2.2,ComplianceAuditCenter,/portal/compliance-audit,Compliance & Supervision,EMBED — reference card,/portal/compliance-center,1360,,7,21,10,10,0,0,True,False,True,ts-nocheck|frozen-chart,type checking disabled on the file ; chart memo has empty deps — the graph never changes when inputs change ; no real computation — display-only ; no client-ready export ; invisible to the AI brain ; orphan URL — reachable only by typing it,"extract the math into `shared/<name>Engine.ts` as a pure, deterministic module with a vitest suite ; add branded PDF export with sources and method notes ; register in `pageRegistry.ts` with intent tags so the AI brain can cite and deep-link it ; surface as a tab/accordion inside its hub — keep the URL, drop the top-level nav claim"
4.8,6.7,1.9,4.8,MySlides,/portal/my-slides,Advisor Practice & Sales Enablement,EMBED — reference card,/portal/practice-command,1343,,10,12,6,12,0,0,True,True,True,ts-nocheck|frozen-chart,type checking disabled on the file ; chart memo has empty deps — the graph never changes when inputs change ; no real computation — display-only ; no client-ready export ; invisible to the AI brain,"extract the math into `shared/<name>Engine.ts` as a pure, deterministic module with a vitest suite ; add branded PDF export with sources and method notes ; register in `pageRegistry.ts` with intent tags so the AI brain can cite and deep-link it"
4.8,6.2,1.4,2.2,ExistingAnnuities,/portal/existing-annuities,"Insurance, Annuity & Carrier",EMBED — reference card,/portal/carrier-command,1259,annuityData|taxBracketEngine,1,4,7,0,0,0,True,False,True,ts-nocheck|literal-chart-data,"type checking disabled on the file ; chart is fed a literal array — the picture is decorative, not computed ; no client-ready export ; invisible to the AI brain ; orphan URL — reachable only by typing it","add branded PDF export with sources and method notes ; register in `pageRegistry.ts` with intent tags so the AI brain can cite and deep-link it ; surface as a tab/accordion inside its hub — keep the URL, drop the top-level nav claim"
4.8,6.2,1.4,2.2,ClientSnapshotMap,/portal/client-snapshot,Mortgage & Debt Elimination,EMBED — reference card,/portal/mortgage-killer,1041,taxBracketEngine,1,5,24,0,0,0,True,False,True,ts-nocheck|literal-chart-data,"type checking disabled on the file ; chart is fed a literal array — the picture is decorative, not computed ; no client-ready export ; invisible to the AI brain ; orphan URL — reachable only by typing it","add branded PDF export with sources and method notes ; register in `pageRegistry.ts` with intent tags so the AI brain can cite and deep-link it ; surface as a tab/accordion inside its hub — keep the URL, drop the top-level nav claim"
4.7,6.3,1.6,2.1,SocialSecurityOptimizer,/portal/social-security,Retirement Income & Drawdown,EMBED — reference card,/portal/ecological-drivers,1515,taxBracketEngine,0,14,6,16,0,0,True,False,True,ts-nocheck|fabricated-constant,"type checking disabled on the file ; carries invented constants marked Simplified/Assumed in place of real limits ; no live data — nothing persists, no client record ; no client-ready export ; invisible to the AI brain ; orphan URL — reachable only by typing it","add a tRPC procedure so scenarios save against the client record ; add branded PDF export with sources and method notes ; register in `pageRegistry.ts` with intent tags so the AI brain can cite and deep-link it ; surface as a tab/accordion inside its hub — keep the URL, drop the top-level nav claim"
4.7,5.1,0.4,2.1,SupervisorMonitoringAgreement,/portal/monitoring-agreement,Compliance & Supervision,EMBED — reference card,/portal/compliance-center,1117,,2,13,4,10,0,0,True,False,True,ts-nocheck,type checking disabled on the file ; no real computation — display-only ; thin input surface — cannot model a real scenario ; no client-ready export ; invisible to the AI brain ; orphan URL — reachable only by typing it,"extract the math into `shared/<name>Engine.ts` as a pure, deterministic module with a vitest suite ; widen inputs to a full scenario (assumptions, ranges, alternatives) ; add branded PDF export with sources and method notes ; register in `pageRegistry.ts` with intent tags so the AI brain can cite and deep-link it ; surface as a tab/accordion inside its hub — keep the URL, drop the top-level nav claim"
4.7,5.1,0.4,2.1,WarRoom,/portal/war-room,Reports & Deliverables,EMBED — reference card,/portal/reports,699,,7,1,8,0,0,0,True,False,True,ts-nocheck,type checking disabled on the file ; no real computation — display-only ; no client-ready export ; invisible to the AI brain ; orphan URL — reachable only by typing it,"extract the math into `shared/<name>Engine.ts` as a pure, deterministic module with a vitest suite ; add projection + sensitivity + comparison charts ; add branded PDF export with sources and method notes ; register in `pageRegistry.ts` with intent tags so the AI brain can cite and deep-link it ; surface as a tab/accordion inside its hub — keep the URL, drop the top-level nav claim"
4.7,5.1,0.4,2.1,Knowledge,/portal/knowledge,AI Brain & Intelligence,EMBED — reference card,/portal/ai-brain-hub,551,,4,5,12,0,0,1,True,False,True,ts-nocheck,type checking disabled on the file ; no real computation — display-only ; no client-ready export ; orphan URL — reachable only by typing it,"extract the math into `shared/<name>Engine.ts` as a pure, deterministic module with a vitest suite ; add branded PDF export with sources and method notes ; surface as a tab/accordion inside its hub — keep the URL, drop the top-level nav claim"
4.7,4.7,0.0,4.7,AIFinancialAdvisor,/portal/ai-advisor,Advisor Practice & Sales Enablement,EMBED — reference card,/portal/practice-command,195,clientFactFinder,6,0,1,0,0,0,True,True,True,,no visualisation of the outcome ; thin input surface — cannot model a real scenario ; no client-ready export ; invisible to the AI brain ; stub depth,"add projection + sensitivity + comparison charts ; widen inputs to a full scenario (assumptions, ranges, alternatives) ; add branded PDF export with sources and method notes ; register in `pageRegistry.ts` with intent tags so the AI brain can cite and deep-link it ; write the explanatory layer: source, method, what the number means, what to do next"
4.6,6.0,1.4,2.1,MYGAFixedRate,/portal/myga-fixed-rate,"Insurance, Annuity & Carrier",EMBED — reference card,/portal/carrier-command,2809,annuityData|mygaWaterfall|taxBracketEngine,0,23,1,22,0,0,True,False,True,ts-nocheck|literal-chart-data,"type checking disabled on the file ; chart is fed a literal array — the picture is decorative, not computed ; no live data — nothing persists, no client record ; thin input surface — cannot model a real scenario ; no client-ready export ; invisible to the AI brain ; orphan URL — reachable only by typing it","add a tRPC procedure so scenarios save against the client record ; widen inputs to a full scenario (assumptions, ranges, alternatives) ; add branded PDF export with sources and method notes ; register in `pageRegistry.ts` with intent tags so the AI brain can cite and deep-link it ; surface as a tab/accordion inside its hub — keep the URL, drop the top-level nav claim"
4.6,7.7,3.1,2.1,WithdrawalSequencing,/portal/withdrawal-sequencing,Retirement Income & Drawdown,EMBED — reference card,/portal/ecological-drivers,1119,taxBracketEngine,8,10,8,4,0,0,True,False,True,ts-nocheck|frozen-chart|fabricated-constant,type checking disabled on the file ; chart memo has empty deps — the graph never changes when inputs change ; carries invented constants marked Simplified/Assumed in place of real limits ; no client-ready export ; invisible to the AI brain ; orphan URL — reachable only by typing it,"add branded PDF export with sources and method notes ; register in `pageRegistry.ts` with intent tags so the AI brain can cite and deep-link it ; surface as a tab/accordion inside its hub — keep the URL, drop the top-level nav claim"
4.6,5.0,0.4,2.1,Onboarding,/onboarding,"Discovery, Calibration & Onboarding",EMBED — reference card,/portal/onboarding,1098,,3,0,18,0,0,0,True,False,True,ts-nocheck,"type checking disabled on the file ; math inlined in the component — untestable, un-reusable, cannot be called by the AI brain ; no visualisation of the outcome ; no client-ready export ; invisible to the AI brain ; orphan URL — reachable only by typing it","extract the math into `shared/<name>Engine.ts` as a pure, deterministic module with a vitest suite ; add projection + sensitivity + comparison charts ; add branded PDF export with sources and method notes ; register in `pageRegistry.ts` with intent tags so the AI brain can cite and deep-link it ; surface as a tab/accordion inside its hub — keep the URL, drop the top-level nav claim"
4.6,5.0,0.4,2.1,ClientFiles,/portal/client-files,Mortgage & Debt Elimination,EMBED — reference card,/portal/mortgage-killer,1091,,10,17,5,0,0,0,True,False,True,ts-nocheck,type checking disabled on the file ; no real computation — display-only ; thin input surface — cannot model a real scenario ; no client-ready export ; invisible to the AI brain ; orphan URL — reachable only by typing it,"extract the math into `shared/<name>Engine.ts` as a pure, deterministic module with a vitest suite ; widen inputs to a full scenario (assumptions, ranges, alternatives) ; add branded PDF export with sources and method notes ; register in `pageRegistry.ts` with intent tags so the AI brain can cite and deep-link it ; surface as a tab/accordion inside its hub — keep the URL, drop the top-level nav claim"
4.6,7.5,2.9,2.1,ScenarioSideBySide,/portal/scenario-side-by-side,Scenario Lab & Comparison,EMBED — reference card,/portal/scenario-lab,1056,taxBracketEngine,6,15,4,6,0,0,True,False,True,ts-nocheck|frozen-chart|literal-chart-data,"type checking disabled on the file ; chart memo has empty deps — the graph never changes when inputs change ; chart is fed a literal array — the picture is decorative, not computed ; thin input surface — cannot model a real scenario ; no client-ready export ; invisible to the AI brain ; orphan URL — reachable only by typing it","widen inputs to a full scenario (assumptions, ranges, alternatives) ; add branded PDF export with sources and method notes ; register in `pageRegistry.ts` with intent tags so the AI brain can cite and deep-link it ; surface as a tab/accordion inside its hub — keep the URL, drop the top-level nav claim"
4.6,4.6,0.0,4.6,ZipEngine,/portal/zip-engine,Cross-Cutting Reference Library,EMBED — reference card,/portal/library,194,zipEngine,4,0,5,2,0,0,True,True,True,,no visualisation of the outcome ; thin input surface — cannot model a real scenario ; no client-ready export ; invisible to the AI brain ; stub depth,"add projection + sensitivity + comparison charts ; widen inputs to a full scenario (assumptions, ranges, alternatives) ; add branded PDF export with sources and method notes ; register in `pageRegistry.ts` with intent tags so the AI brain can cite and deep-link it ; write the explanatory layer: source, method, what the number means, what to do next"
4.5,5.9,1.4,4.5,EcologicalDrivers,/portal/ecological-drivers,Retirement Income & Drawdown,EMBED — reference card,/portal/ecological-drivers,1718,,5,27,0,40,0,0,True,True,True,ts-nocheck|literal-chart-data,"type checking disabled on the file ; chart is fed a literal array — the picture is decorative, not computed ; no real computation — display-only ; thin input surface — cannot model a real scenario ; no client-ready export ; invisible to the AI brain","extract the math into `shared/<name>Engine.ts` as a pure, deterministic module with a vitest suite ; widen inputs to a full scenario (assumptions, ranges, alternatives) ; add branded PDF export with sources and method notes ; register in `pageRegistry.ts` with intent tags so the AI brain can cite and deep-link it"
4.5,7.4,2.9,2.0,Webhooks,/portal/webhooks,Advisor Practice & Sales Enablement,EMBED — reference card,/portal/practice-command,1710,,8,12,16,12,0,0,True,False,True,ts-nocheck|frozen-chart|literal-chart-data,"type checking disabled on the file ; chart memo has empty deps — the graph never changes when inputs change ; chart is fed a literal array — the picture is decorative, not computed ; math inlined in the component — untestable, un-reusable, cannot be called by the AI brain ; no client-ready export ; invisible to the AI brain ; orphan URL — reachable only by typing it","extract the math into `shared/<name>Engine.ts` as a pure, deterministic module with a vitest suite ; add branded PDF export with sources and method notes ; register in `pageRegistry.ts` with intent tags so the AI brain can cite and deep-link it ; surface as a tab/accordion inside its hub — keep the URL, drop the top-level nav claim"
4.5,5.0,0.0,4.5,MortgageKillerV3,/portal/mortgage-killer-v3,Mortgage & Debt Elimination,MERGE into canonical version,MortgageKiller,1540,,0,24,1,6,0,0,True,True,True,,"math inlined in the component — untestable, un-reusable, cannot be called by the AI brain ; no live data — nothing persists, no client record ; thin input surface — cannot model a real scenario ; no client-ready export ; invisible to the AI brain","extract the math into `shared/<name>Engine.ts` as a pure, deterministic module with a vitest suite ; add a tRPC procedure so scenarios save against the client record ; widen inputs to a full scenario (assumptions, ranges, alternatives) ; add branded PDF export with sources and method notes ; register in `pageRegistry.ts` with intent tags so the AI brain can cite and deep-link it"
4.5,5.0,0.4,2.0,OnboardingWizard,/portal/welcome,"Discovery, Calibration & Onboarding",MERGE into canonical version,OnboardingWizardV2,1098,,3,0,18,0,0,0,True,False,True,ts-nocheck,"type checking disabled on the file ; math inlined in the component — untestable, un-reusable, cannot be called by the AI brain ; no visualisation of the outcome ; no client-ready export ; invisible to the AI brain ; orphan URL — reachable only by typing it","extract the math into `shared/<name>Engine.ts` as a pure, deterministic module with a vitest suite ; add projection + sensitivity + comparison charts ; add branded PDF export with sources and method notes ; register in `pageRegistry.ts` with intent tags so the AI brain can cite and deep-link it ; surface as a tab/accordion inside its hub — keep the URL, drop the top-level nav claim"
4.5,4.9,0.4,4.5,NerveCenter,/portal/nerve-center,Cross-Cutting Reference Library,EMBED — reference card,/portal/library,647,,6,1,0,0,0,0,True,True,True,ts-nocheck,"type checking disabled on the file ; math inlined in the component — untestable, un-reusable, cannot be called by the AI brain ; thin input surface — cannot model a real scenario ; no client-ready export ; invisible to the AI brain","extract the math into `shared/<name>Engine.ts` as a pure, deterministic module with a vitest suite ; add projection + sensitivity + comparison charts ; widen inputs to a full scenario (assumptions, ranges, alternatives) ; add branded PDF export with sources and method notes ; register in `pageRegistry.ts` with intent tags so the AI brain can cite and deep-link it"
4.5,4.5,0.0,2.0,PolicyCostLab,/portal/policy-cost-lab,IUL & Policy Engineering,EMBED — reference card,/portal/time-machine-calculator,560,,5,0,4,6,0,0,True,False,True,,no real computation — display-only ; no visualisation of the outcome ; thin input surface — cannot model a real scenario ; no client-ready export ; invisible to the AI brain ; orphan URL — reachable only by typing it,"extract the math into `shared/<name>Engine.ts` as a pure, deterministic module with a vitest suite ; add projection + sensitivity + comparison charts ; widen inputs to a full scenario (assumptions, ranges, alternatives) ; add branded PDF export with sources and method notes ; register in `pageRegistry.ts` with intent tags so the AI brain can cite and deep-link it ; surface as a tab/accordion inside its hub — keep the URL, drop the top-level nav claim"
4.4,4.8,0.4,2.0,WillWriter,/portal/will-writer,"Estate, Trust & Legacy",EMBED — reference card,/portal/estate-command,794,,5,0,24,0,0,0,True,False,True,ts-nocheck,type checking disabled on the file ; no real computation — display-only ; no visualisation of the outcome ; no client-ready export ; invisible to the AI brain ; orphan URL — reachable only by typing it,"extract the math into `shared/<name>Engine.ts` as a pure, deterministic module with a vitest suite ; add projection + sensitivity + comparison charts ; add branded PDF export with sources and method notes ; register in `pageRegistry.ts` with intent tags so the AI brain can cite and deep-link it ; surface as a tab/accordion inside its hub — keep the URL, drop the top-level nav claim"
4.4,4.4,0.0,4.4,HouseholdGenome,/portal/household-genome,Client Management & CRM,EMBED — reference card,/portal/clients,501,genomeStrategyFit|householdGenome|wealthGenomeFactors,0,0,4,2,0,0,True,True,True,,"no live data — nothing persists, no client record ; no visualisation of the outcome ; thin input surface — cannot model a real scenario ; no client-ready export ; invisible to the AI brain","add a tRPC procedure so scenarios save against the client record ; add projection + sensitivity + comparison charts ; widen inputs to a full scenario (assumptions, ranges, alternatives) ; add branded PDF export with sources and method notes ; register in `pageRegistry.ts` with intent tags so the AI brain can cite and deep-link it"
4.4,4.4,0.0,2.0,SpecialtyPage,/for/:slug,"Public, Marketing & Legal",EMBED — reference card,/,251,careerEngine,4,0,13,4,0,0,True,False,True,,static — no motion or cinematic treatment,apply the CinematicEngine treatment (Ken Burns + breath-locked bloom)
4.3,5.3,1.0,4.3,DivorceCalculator,/portal/divorce-calculator,"Risk, Divorce & Protection",EMBED — reference card,/portal/risk-command,1126,,0,10,20,0,0,0,True,True,True,literal-chart-data,"chart is fed a literal array — the picture is decorative, not computed ; math inlined in the component — untestable, un-reusable, cannot be called by the AI brain ; no live data — nothing persists, no client record ; no client-ready export ; invisible to the AI brain","extract the math into `shared/<name>Engine.ts` as a pure, deterministic module with a vitest suite ; add a tRPC procedure so scenarios save against the client record ; add branded PDF export with sources and method notes ; register in `pageRegistry.ts` with intent tags so the AI brain can cite and deep-link it"
4.3,4.7,0.4,1.9,VideoProposalGenerator,/portal/video-proposals,Reports & Deliverables,EMBED — reference card,/portal/reports,806,,17,1,5,0,0,0,True,False,True,ts-nocheck,type checking disabled on the file ; no real computation — display-only ; thin input surface — cannot model a real scenario ; no client-ready export ; invisible to the AI brain ; orphan URL — reachable only by typing it,"extract the math into `shared/<name>Engine.ts` as a pure, deterministic module with a vitest suite ; add projection + sensitivity + comparison charts ; widen inputs to a full scenario (assumptions, ranges, alternatives) ; add branded PDF export with sources and method notes ; register in `pageRegistry.ts` with intent tags so the AI brain can cite and deep-link it ; surface as a tab/accordion inside its hub — keep the URL, drop the top-level nav claim"
4.3,4.7,0.4,1.9,EmailCampaignManager,/portal/email-campaigns,Advisor Practice & Sales Enablement,EMBED — reference card,/portal/practice-command,538,,13,5,7,0,0,0,True,False,True,ts-nocheck,type checking disabled on the file ; no real computation — display-only ; no client-ready export ; invisible to the AI brain ; orphan URL — reachable only by typing it,"extract the math into `shared/<name>Engine.ts` as a pure, deterministic module with a vitest suite ; add branded PDF export with sources and method notes ; register in `pageRegistry.ts` with intent tags so the AI brain can cite and deep-link it ; surface as a tab/accordion inside its hub — keep the URL, drop the top-level nav claim"
4.3,4.3,0.0,4.3,RoleDashboard,/portal/advisor,Reports & Deliverables,EMBED — reference card,/portal/reports,213,aiIntakeScript,3,0,2,0,0,0,True,True,True,,no visualisation of the outcome ; thin input surface — cannot model a real scenario ; no client-ready export ; invisible to the AI brain ; stub depth,"add projection + sensitivity + comparison charts ; widen inputs to a full scenario (assumptions, ranges, alternatives) ; add branded PDF export with sources and method notes ; register in `pageRegistry.ts` with intent tags so the AI brain can cite and deep-link it ; write the explanatory layer: source, method, what the number means, what to do next"
4.2,6.1,1.9,1.9,HubSpotSync,/portal/hubspot,"Admin, Ops & System",EMBED — reference card,/portal/admin,1111,,9,12,7,2,0,0,True,False,True,ts-nocheck|frozen-chart,type checking disabled on the file ; chart memo has empty deps — the graph never changes when inputs change ; no real computation — display-only ; no client-ready export ; invisible to the AI brain ; orphan URL — reachable only by typing it,"extract the math into `shared/<name>Engine.ts` as a pure, deterministic module with a vitest suite ; add branded PDF export with sources and method notes ; register in `pageRegistry.ts` with intent tags so the AI brain can cite and deep-link it ; surface as a tab/accordion inside its hub — keep the URL, drop the top-level nav claim"
4.2,6.1,1.9,1.9,CommissionTracker,/portal/commission-tracker,Advisor Practice & Sales Enablement,EMBED — reference card,/portal/practice-command,1090,,5,22,7,2,0,0,True,False,True,ts-nocheck|frozen-chart,type checking disabled on the file ; chart memo has empty deps — the graph never changes when inputs change ; no real computation — display-only ; no client-ready export ; invisible to the AI brain ; orphan URL — reachable only by typing it,"extract the math into `shared/<name>Engine.ts` as a pure, deterministic module with a vitest suite ; add branded PDF export with sources and method notes ; register in `pageRegistry.ts` with intent tags so the AI brain can cite and deep-link it ; surface as a tab/accordion inside its hub — keep the URL, drop the top-level nav claim"
4.2,6.1,1.9,1.9,ComplianceAlerts,/portal/compliance-alerts,Compliance & Supervision,EMBED — reference card,/portal/compliance-center,982,,9,15,7,2,0,0,True,False,True,ts-nocheck|frozen-chart,type checking disabled on the file ; chart memo has empty deps — the graph never changes when inputs change ; no real computation — display-only ; no client-ready export ; invisible to the AI brain ; orphan URL — reachable only by typing it,"extract the math into `shared/<name>Engine.ts` as a pure, deterministic module with a vitest suite ; add branded PDF export with sources and method notes ; register in `pageRegistry.ts` with intent tags so the AI brain can cite and deep-link it ; surface as a tab/accordion inside its hub — keep the URL, drop the top-level nav claim"
4.2,4.6,0.4,1.9,FIACollateralStrategy,/portal/fia-collateral,"Insurance, Annuity & Carrier",EMBED — reference card,/portal/carrier-command,727,fiaCollateralEngine|taxBracketEngine,0,8,1,2,0,0,True,False,True,ts-nocheck,"type checking disabled on the file ; no live data — nothing persists, no client record ; thin input surface — cannot model a real scenario ; no client-ready export ; invisible to the AI brain ; orphan URL — reachable only by typing it","add a tRPC procedure so scenarios save against the client record ; widen inputs to a full scenario (assumptions, ranges, alternatives) ; add branded PDF export with sources and method notes ; register in `pageRegistry.ts` with intent tags so the AI brain can cite and deep-link it ; surface as a tab/accordion inside its hub — keep the URL, drop the top-level nav claim"
4.2,4.2,0.0,1.9,Forgiveness,/portal/forgiveness,Cross-Cutting Reference Library,EMBED — reference card,/portal/library,158,,5,0,17,4,0,0,True,False,True,,no real computation — display-only ; no visualisation of the outcome ; no client-ready export ; invisible to the AI brain ; orphan URL — reachable only by typing it ; stub depth,"extract the math into `shared/<name>Engine.ts` as a pure, deterministic module with a vitest suite ; add projection + sensitivity + comparison charts ; add branded PDF export with sources and method notes ; register in `pageRegistry.ts` with intent tags so the AI brain can cite and deep-link it ; write the explanatory layer: source, method, what the number means, what to do next ; surface as a tab/accordion inside its hub — keep the URL, drop the top-level nav claim"
4.2,4.2,0.0,1.9,TaxSchedule,/portal/tax-schedule,Tax Strategy,EMBED — reference card,/portal/tax-command,134,,5,0,23,2,0,0,True,False,True,,no real computation — display-only ; no visualisation of the outcome ; no client-ready export ; invisible to the AI brain ; orphan URL — reachable only by typing it ; stub depth,"extract the math into `shared/<name>Engine.ts` as a pure, deterministic module with a vitest suite ; add projection + sensitivity + comparison charts ; add branded PDF export with sources and method notes ; register in `pageRegistry.ts` with intent tags so the AI brain can cite and deep-link it ; write the explanatory layer: source, method, what the number means, what to do next ; surface as a tab/accordion inside its hub — keep the URL, drop the top-level nav claim"
4.1,4.1,0.0,4.1,MortgageLedger,/portal/mortgage-ledger,Mortgage & Debt Elimination,EMBED — reference card,/portal/mortgage-killer,267,mortgageLedger,1,0,3,4,0,0,True,True,True,,no visualisation of the outcome ; thin input surface — cannot model a real scenario ; no client-ready export ; invisible to the AI brain,"add projection + sensitivity + comparison charts ; widen inputs to a full scenario (assumptions, ranges, alternatives) ; add branded PDF export with sources and method notes ; register in `pageRegistry.ts` with intent tags so the AI brain can cite and deep-link it"
4.0,5.9,1.9,4.0,ClientIntakeInterview,/portal/client-intake,Mortgage & Debt Elimination,EMBED — reference card,/portal/mortgage-killer,1401,,7,18,3,12,0,0,True,True,True,ts-nocheck|frozen-chart,type checking disabled on the file ; chart memo has empty deps — the graph never changes when inputs change ; no real computation — display-only ; thin input surface — cannot model a real scenario ; no client-ready export ; invisible to the AI brain,"extract the math into `shared/<name>Engine.ts` as a pure, deterministic module with a vitest suite ; widen inputs to a full scenario (assumptions, ranges, alternatives) ; add branded PDF export with sources and method notes ; register in `pageRegistry.ts` with intent tags so the AI brain can cite and deep-link it"
4.0,5.9,1.9,1.8,EstateDocumentGenerator,/portal/estate-document-gen,"Estate, Trust & Legacy",EMBED — reference card,/portal/estate-command,1366,,6,20,5,12,0,0,True,False,True,ts-nocheck|frozen-chart,type checking disabled on the file ; chart memo has empty deps — the graph never changes when inputs change ; no real computation — display-only ; thin input surface — cannot model a real scenario ; no client-ready export ; invisible to the AI brain ; orphan URL — reachable only by typing it,"extract the math into `shared/<name>Engine.ts` as a pure, deterministic module with a vitest suite ; widen inputs to a full scenario (assumptions, ranges, alternatives) ; add branded PDF export with sources and method notes ; register in `pageRegistry.ts` with intent tags so the AI brain can cite and deep-link it ; surface as a tab/accordion inside its hub — keep the URL, drop the top-level nav claim"
4.0,5.9,1.9,1.8,WorkflowAutomations,/portal/workflow-automations,Advisor Practice & Sales Enablement,EMBED — reference card,/portal/practice-command,1134,,5,17,11,8,0,0,True,False,True,ts-nocheck|frozen-chart,type checking disabled on the file ; chart memo has empty deps — the graph never changes when inputs change ; no real computation — display-only ; no client-ready export ; invisible to the AI brain ; orphan URL — reachable only by typing it,"extract the math into `shared/<name>Engine.ts` as a pure, deterministic module with a vitest suite ; add branded PDF export with sources and method notes ; register in `pageRegistry.ts` with intent tags so the AI brain can cite and deep-link it ; surface as a tab/accordion inside its hub — keep the URL, drop the top-level nav claim"
4.0,4.4,0.4,1.8,VideoViewer,/video/:token,"Public, Marketing & Legal",EMBED — reference card,/,325,,2,0,0,0,0,0,True,False,True,ts-nocheck,type checking disabled on the file ; static — no motion or cinematic treatment,apply the CinematicEngine treatment (Ken Burns + breath-locked bloom)
4.0,4.0,0.0,1.8,SharedProjection,/shared/:token,"Public, Marketing & Legal",EMBED — reference card,/,280,,1,2,0,4,0,0,True,False,True,,static — no motion or cinematic treatment ; weak call-to-action,apply the CinematicEngine treatment (Ken Burns + breath-locked bloom) ; add a primary CTA into the portal funnel
4.0,4.0,0.0,4.0,Erosion,/portal/erosion,Cross-Cutting Reference Library,EMBED — reference card,/portal/library,252,,13,0,9,8,0,0,True,True,True,,no real computation — display-only ; no visualisation of the outcome ; no client-ready export ; invisible to the AI brain,"extract the math into `shared/<name>Engine.ts` as a pure, deterministic module with a vitest suite ; add projection + sensitivity + comparison charts ; add branded PDF export with sources and method notes ; register in `pageRegistry.ts` with intent tags so the AI brain can cite and deep-link it"
4.0,4.0,0.0,4.0,SequencePlanner,/portal/sequence-planner,Retirement Income & Drawdown,EMBED — reference card,/portal/ecological-drivers,208,sequenceArchetypes|sequencePlanner|thresholds,0,0,6,0,0,0,True,True,True,,"no live data — nothing persists, no client record ; no visualisation of the outcome ; no client-ready export ; invisible to the AI brain ; stub depth","add a tRPC procedure so scenarios save against the client record ; add projection + sensitivity + comparison charts ; add branded PDF export with sources and method notes ; register in `pageRegistry.ts` with intent tags so the AI brain can cite and deep-link it ; write the explanatory layer: source, method, what the number means, what to do next"
3.9,5.3,1.4,1.8,VoicePlanBuilder,/portal/voice-plan,AI Brain & Intelligence,EMBED — reference card,/portal/ai-brain-hub,1023,,7,17,5,2,0,0,True,False,True,ts-nocheck|literal-chart-data,"type checking disabled on the file ; chart is fed a literal array — the picture is decorative, not computed ; no real computation — display-only ; thin input surface — cannot model a real scenario ; no client-ready export ; invisible to the AI brain ; orphan URL — reachable only by typing it","extract the math into `shared/<name>Engine.ts` as a pure, deterministic module with a vitest suite ; widen inputs to a full scenario (assumptions, ranges, alternatives) ; add branded PDF export with sources and method notes ; register in `pageRegistry.ts` with intent tags so the AI brain can cite and deep-link it ; surface as a tab/accordion inside its hub — keep the URL, drop the top-level nav claim"
3.9,3.9,0.0,3.9,STRStrategy,/portal/str-strategy,Real Estate Intelligence,EMBED — reference card,/portal/real-estate-mogul,956,,0,11,1,2,0,0,True,True,True,,"math inlined in the component — untestable, un-reusable, cannot be called by the AI brain ; no live data — nothing persists, no client record ; thin input surface — cannot model a real scenario ; no client-ready export ; invisible to the AI brain","extract the math into `shared/<name>Engine.ts` as a pure, deterministic module with a vitest suite ; add a tRPC procedure so scenarios save against the client record ; widen inputs to a full scenario (assumptions, ranges, alternatives) ; add branded PDF export with sources and method notes ; register in `pageRegistry.ts` with intent tags so the AI brain can cite and deep-link it"
3.9,3.9,0.0,1.8,ClientPortalView,/portal/retirement-projection,Mortgage & Debt Elimination,EMBED — reference card,/portal/mortgage-killer,731,,1,2,0,4,0,0,True,False,True,,"math inlined in the component — untestable, un-reusable, cannot be called by the AI brain ; thin input surface — cannot model a real scenario ; no client-ready export ; invisible to the AI brain ; orphan URL — reachable only by typing it","extract the math into `shared/<name>Engine.ts` as a pure, deterministic module with a vitest suite ; add projection + sensitivity + comparison charts ; widen inputs to a full scenario (assumptions, ranges, alternatives) ; add branded PDF export with sources and method notes ; register in `pageRegistry.ts` with intent tags so the AI brain can cite and deep-link it ; surface as a tab/accordion inside its hub — keep the URL, drop the top-level nav claim"
3.9,3.9,0.0,1.8,MatchAndDeployPage,/portal/match-and-deploy,"Public, Marketing & Legal",EMBED — reference card,/,272,,0,0,4,2,0,0,True,False,True,,static — no motion or cinematic treatment,apply the CinematicEngine treatment (Ken Burns + breath-locked bloom)
3.9,3.9,0.0,3.9,PlanLedger,/portal/plan-ledger,Cross-Cutting Reference Library,EMBED — reference card,/portal/library,126,clientFactFinder|planLedger,3,0,1,0,0,0,True,True,True,,no visualisation of the outcome ; thin input surface — cannot model a real scenario ; no client-ready export ; invisible to the AI brain ; stub depth,"add projection + sensitivity + comparison charts ; widen inputs to a full scenario (assumptions, ranges, alternatives) ; add branded PDF export with sources and method notes ; register in `pageRegistry.ts` with intent tags so the AI brain can cite and deep-link it ; write the explanatory layer: source, method, what the number means, what to do next"
3.7,3.7,0.0,1.7,MechanismDetail,/portal/mechanism/:slug,Retirement Income & Drawdown,EMBED — reference card,/portal/ecological-drivers,378,cycleEngine|mechanismDossiers|sequenceOrderings,0,0,0,0,0,0,True,False,True,,"no live data — nothing persists, no client record ; no visualisation of the outcome ; thin input surface — cannot model a real scenario ; no client-ready export ; invisible to the AI brain ; orphan URL — reachable only by typing it","add a tRPC procedure so scenarios save against the client record ; add projection + sensitivity + comparison charts ; widen inputs to a full scenario (assumptions, ranges, alternatives) ; add branded PDF export with sources and method notes ; register in `pageRegistry.ts` with intent tags so the AI brain can cite and deep-link it ; surface as a tab/accordion inside its hub — keep the URL, drop the top-level nav claim"
3.6,4.0,0.4,3.6,Arena,/portal/arena,Cross-Cutting Reference Library,EMBED — reference card,/portal/library,607,,7,0,0,0,0,0,True,True,True,ts-nocheck,type checking disabled on the file ; no real computation — display-only ; no visualisation of the outcome ; thin input surface — cannot model a real scenario ; no client-ready export ; invisible to the AI brain,"extract the math into `shared/<name>Engine.ts` as a pure, deterministic module with a vitest suite ; add projection + sensitivity + comparison charts ; widen inputs to a full scenario (assumptions, ranges, alternatives) ; add branded PDF export with sources and method notes ; register in `pageRegistry.ts` with intent tags so the AI brain can cite and deep-link it"
3.6,3.6,0.0,3.6,InfiniteBanking,/portal/infinite-banking,Cross-Cutting Reference Library,EMBED — reference card,/portal/library,377,cycleEngine|cycleScenarios,0,0,2,0,0,0,True,True,True,,"no live data — nothing persists, no client record ; no visualisation of the outcome ; thin input surface — cannot model a real scenario ; no client-ready export ; invisible to the AI brain","add a tRPC procedure so scenarios save against the client record ; add projection + sensitivity + comparison charts ; widen inputs to a full scenario (assumptions, ranges, alternatives) ; add branded PDF export with sources and method notes ; register in `pageRegistry.ts` with intent tags so the AI brain can cite and deep-link it"
3.6,3.6,0.0,1.6,LongTermCare,/portal/long-term-care,"Insurance, Annuity & Carrier",EMBED — reference card,/portal/carrier-command,165,,3,0,17,6,0,0,True,False,True,,no real computation — display-only ; no visualisation of the outcome ; no client-ready export ; invisible to the AI brain ; orphan URL — reachable only by typing it ; stub depth,"extract the math into `shared/<name>Engine.ts` as a pure, deterministic module with a vitest suite ; add projection + sensitivity + comparison charts ; add branded PDF export with sources and method notes ; register in `pageRegistry.ts` with intent tags so the AI brain can cite and deep-link it ; write the explanatory layer: source, method, what the number means, what to do next ; surface as a tab/accordion inside its hub — keep the URL, drop the top-level nav claim"
3.5,3.9,0.4,1.6,RiskToleranceScoring,/portal/risk-tolerance,Cross-Cutting Reference Library,EMBED — reference card,/portal/library,775,,3,6,0,0,0,0,True,False,True,ts-nocheck,type checking disabled on the file ; no real computation — display-only ; thin input surface — cannot model a real scenario ; no client-ready export ; invisible to the AI brain ; orphan URL — reachable only by typing it,"extract the math into `shared/<name>Engine.ts` as a pure, deterministic module with a vitest suite ; widen inputs to a full scenario (assumptions, ranges, alternatives) ; add branded PDF export with sources and method notes ; register in `pageRegistry.ts` with intent tags so the AI brain can cite and deep-link it ; surface as a tab/accordion inside its hub — keep the URL, drop the top-level nav claim"
3.5,3.5,0.0,1.6,ClientIntakeRecommender,/portal/client-intake-recommender,AI Brain & Intelligence,EMBED — reference card,/portal/ai-brain-hub,686,,0,4,7,0,0,0,True,False,True,,"no real computation — display-only ; no live data — nothing persists, no client record ; no client-ready export ; invisible to the AI brain ; orphan URL — reachable only by typing it","extract the math into `shared/<name>Engine.ts` as a pure, deterministic module with a vitest suite ; add a tRPC procedure so scenarios save against the client record ; add branded PDF export with sources and method notes ; register in `pageRegistry.ts` with intent tags so the AI brain can cite and deep-link it ; surface as a tab/accordion inside its hub — keep the URL, drop the top-level nav claim"
3.5,3.9,0.4,1.6,AffiliateLinkManager,/portal/affiliate-links,Advisor Practice & Sales Enablement,EMBED — reference card,/portal/practice-command,562,,4,7,5,0,0,0,True,False,True,ts-nocheck,type checking disabled on the file ; no real computation — display-only ; thin input surface — cannot model a real scenario ; no client-ready export ; invisible to the AI brain ; orphan URL — reachable only by typing it,"extract the math into `shared/<name>Engine.ts` as a pure, deterministic module with a vitest suite ; widen inputs to a full scenario (assumptions, ranges, alternatives) ; add branded PDF export with sources and method notes ; register in `pageRegistry.ts` with intent tags so the AI brain can cite and deep-link it ; surface as a tab/accordion inside its hub — keep the URL, drop the top-level nav claim"
3.5,3.5,0.0,3.5,PlanningCases,/portal/planning-cases,Cross-Cutting Reference Library,EMBED — reference card,/portal/library,281,,7,0,9,0,0,0,True,True,True,,no real computation — display-only ; no visualisation of the outcome ; no client-ready export ; invisible to the AI brain,"extract the math into `shared/<name>Engine.ts` as a pure, deterministic module with a vitest suite ; add projection + sensitivity + comparison charts ; add branded PDF export with sources and method notes ; register in `pageRegistry.ts` with intent tags so the AI brain can cite and deep-link it"
3.5,3.5,0.0,1.6,QbiOptimizer,/portal/qbi-optimizer,Tax Strategy,EMBED — reference card,/portal/tax-command,259,qbiDeduction|retirementLimits,0,0,10,0,0,0,True,False,True,,"no live data — nothing persists, no client record ; no visualisation of the outcome ; no client-ready export ; invisible to the AI brain ; orphan URL — reachable only by typing it","add a tRPC procedure so scenarios save against the client record ; add projection + sensitivity + comparison charts ; add branded PDF export with sources and method notes ; register in `pageRegistry.ts` with intent tags so the AI brain can cite and deep-link it ; surface as a tab/accordion inside its hub — keep the URL, drop the top-level nav claim"
3.4,3.4,0.0,1.5,RECINWorkspace,/portal/recin,Advisor Practice & Sales Enablement,UPGRADE or fold into library,/portal/practice-command,855,,3,1,0,4,0,0,True,False,True,,no real computation — display-only ; thin input surface — cannot model a real scenario ; no client-ready export ; invisible to the AI brain ; orphan URL — reachable only by typing it,"extract the math into `shared/<name>Engine.ts` as a pure, deterministic module with a vitest suite ; add projection + sensitivity + comparison charts ; widen inputs to a full scenario (assumptions, ranges, alternatives) ; add branded PDF export with sources and method notes ; register in `pageRegistry.ts` with intent tags so the AI brain can cite and deep-link it ; surface as a tab/accordion inside its hub — keep the URL, drop the top-level nav claim"
3.4,3.4,0.0,3.4,TrialLogin,/trial,"Public, Marketing & Legal",UPGRADE or fold into library,/,287,api|branding,0,0,2,0,0,0,True,True,True,,static — no motion or cinematic treatment,apply the CinematicEngine treatment (Ken Burns + breath-locked bloom)
3.4,3.4,0.0,0.3,Landing,,"Public, Marketing & Legal",UPGRADE or fold into library,/,258,api,0,0,0,0,0,0,False,False,True,,static — no motion or cinematic treatment,apply the CinematicEngine treatment (Ken Burns + breath-locked bloom)
3.2,5.1,1.9,1.4,EducationHub,/portal/education,Education & Knowledge,UPGRADE or fold into library,/portal/education,917,,5,16,1,12,0,0,True,False,True,ts-nocheck|frozen-chart,type checking disabled on the file ; chart memo has empty deps — the graph never changes when inputs change ; no real computation — display-only ; thin input surface — cannot model a real scenario ; no client-ready export ; invisible to the AI brain ; orphan URL — reachable only by typing it,"extract the math into `shared/<name>Engine.ts` as a pure, deterministic module with a vitest suite ; widen inputs to a full scenario (assumptions, ranges, alternatives) ; add branded PDF export with sources and method notes ; register in `pageRegistry.ts` with intent tags so the AI brain can cite and deep-link it ; surface as a tab/accordion inside its hub — keep the URL, drop the top-level nav claim"
3.2,3.6,0.4,3.2,InfiniteScroll,/portal,Cross-Cutting Reference Library,UPGRADE or fold into library,/portal/library,522,,6,0,0,0,0,0,True,True,True,ts-nocheck,type checking disabled on the file ; no real computation — display-only ; no visualisation of the outcome ; thin input surface — cannot model a real scenario ; no client-ready export ; invisible to the AI brain,"extract the math into `shared/<name>Engine.ts` as a pure, deterministic module with a vitest suite ; add projection + sensitivity + comparison charts ; widen inputs to a full scenario (assumptions, ranges, alternatives) ; add branded PDF export with sources and method notes ; register in `pageRegistry.ts` with intent tags so the AI brain can cite and deep-link it"
3.2,3.6,0.4,1.4,CouplesMode,/portal/couples,Cross-Cutting Reference Library,UPGRADE or fold into library,/portal/library,480,,5,0,2,0,0,0,True,False,True,ts-nocheck,type checking disabled on the file ; no real computation — display-only ; no visualisation of the outcome ; thin input surface — cannot model a real scenario ; no client-ready export ; invisible to the AI brain ; orphan URL — reachable only by typing it,"extract the math into `shared/<name>Engine.ts` as a pure, deterministic module with a vitest suite ; add projection + sensitivity + comparison charts ; widen inputs to a full scenario (assumptions, ranges, alternatives) ; add branded PDF export with sources and method notes ; register in `pageRegistry.ts` with intent tags so the AI brain can cite and deep-link it ; surface as a tab/accordion inside its hub — keep the URL, drop the top-level nav claim"
3.2,3.2,0.0,3.2,GenomeStrategies,/portal/genome-strategies,"Discovery, Calibration & Onboarding",UPGRADE or fold into library,/portal/onboarding,403,genomeStrategyFit|wealthGenomeFactors,0,0,1,0,0,0,True,True,True,,"no live data — nothing persists, no client record ; no visualisation of the outcome ; thin input surface — cannot model a real scenario ; no client-ready export ; invisible to the AI brain","add a tRPC procedure so scenarios save against the client record ; add projection + sensitivity + comparison charts ; widen inputs to a full scenario (assumptions, ranges, alternatives) ; add branded PDF export with sources and method notes ; register in `pageRegistry.ts` with intent tags so the AI brain can cite and deep-link it"
3.2,3.2,0.0,1.4,PatentShowcase,/portal/patent-showcase,Cross-Cutting Reference Library,UPGRADE or fold into library,/portal/library,346,patentCatalog|patentStatus,0,0,0,0,0,0,True,False,True,,"no live data — nothing persists, no client record ; no visualisation of the outcome ; thin input surface — cannot model a real scenario ; no client-ready export ; invisible to the AI brain ; orphan URL — reachable only by typing it","add a tRPC procedure so scenarios save against the client record ; add projection + sensitivity + comparison charts ; widen inputs to a full scenario (assumptions, ranges, alternatives) ; add branded PDF export with sources and method notes ; register in `pageRegistry.ts` with intent tags so the AI brain can cite and deep-link it ; surface as a tab/accordion inside its hub — keep the URL, drop the top-level nav claim"
3.2,3.2,0.0,1.4,Register,/register,"Public, Marketing & Legal",UPGRADE or fold into library,/,213,passwordPolicy,1,0,5,0,0,0,True,False,True,,static — no motion or cinematic treatment ; thin copy,"apply the CinematicEngine treatment (Ken Burns + breath-locked bloom) ; expand copy: proof, mechanism, outcome"
3.2,3.2,0.0,1.4,ResetPassword,/reset-password,"Public, Marketing & Legal",UPGRADE or fold into library,/,191,passwordPolicy,1,0,2,0,0,0,True,False,True,,static — no motion or cinematic treatment ; thin copy,"apply the CinematicEngine treatment (Ken Burns + breath-locked bloom) ; expand copy: proof, mechanism, outcome"
3.2,3.2,0.0,3.2,ForgotPassword,/forgot-password,"Public, Marketing & Legal",UPGRADE or fold into library,/,134,,1,0,1,0,0,0,True,True,True,,static — no motion or cinematic treatment ; thin copy,"apply the CinematicEngine treatment (Ken Burns + breath-locked bloom) ; expand copy: proof, mechanism, outcome"
3.2,3.2,0.0,3.2,Mechanisms,/portal/mechanisms,Cross-Cutting Reference Library,UPGRADE or fold into library,/portal/library,130,cycleEngine|mechanismDossiers|sequenceOrderings,0,0,0,0,0,0,True,True,True,,"no live data — nothing persists, no client record ; no visualisation of the outcome ; thin input surface — cannot model a real scenario ; no client-ready export ; invisible to the AI brain ; stub depth","add a tRPC procedure so scenarios save against the client record ; add projection + sensitivity + comparison charts ; widen inputs to a full scenario (assumptions, ranges, alternatives) ; add branded PDF export with sources and method notes ; register in `pageRegistry.ts` with intent tags so the AI brain can cite and deep-link it ; write the explanatory layer: source, method, what the number means, what to do next"
3.1,3.5,0.4,1.4,AgencyTutorial,/portal/agency-tutorial,Education & Knowledge,UPGRADE or fold into library,/portal/education,979,,3,0,1,2,0,0,True,False,True,ts-nocheck,type checking disabled on the file ; no real computation — display-only ; no visualisation of the outcome ; thin input surface — cannot model a real scenario ; no client-ready export ; invisible to the AI brain ; orphan URL — reachable only by typing it,"extract the math into `shared/<name>Engine.ts` as a pure, deterministic module with a vitest suite ; add projection + sensitivity + comparison charts ; widen inputs to a full scenario (assumptions, ranges, alternatives) ; add branded PDF export with sources and method notes ; register in `pageRegistry.ts` with intent tags so the AI brain can cite and deep-link it ; surface as a tab/accordion inside its hub — keep the URL, drop the top-level nav claim"
3.1,3.1,0.0,1.4,VoiceStudio,/portal/voice,Cross-Cutting Reference Library,UPGRADE or fold into library,/portal/library,152,,5,0,3,0,0,0,True,False,True,,no real computation — display-only ; no visualisation of the outcome ; thin input surface — cannot model a real scenario ; no client-ready export ; invisible to the AI brain ; orphan URL — reachable only by typing it ; stub depth,"extract the math into `shared/<name>Engine.ts` as a pure, deterministic module with a vitest suite ; add projection + sensitivity + comparison charts ; widen inputs to a full scenario (assumptions, ranges, alternatives) ; add branded PDF export with sources and method notes ; register in `pageRegistry.ts` with intent tags so the AI brain can cite and deep-link it ; write the explanatory layer: source, method, what the number means, what to do next ; surface as a tab/accordion inside its hub — keep the URL, drop the top-level nav claim"
3.0,3.0,0.0,1.4,Inheritance,/portal/inheritance,"Estate, Trust & Legacy",UPGRADE or fold into library,/portal/estate-command,192,,3,0,10,4,0,0,True,False,True,,no real computation — display-only ; no visualisation of the outcome ; no client-ready export ; invisible to the AI brain ; orphan URL — reachable only by typing it ; stub depth,"extract the math into `shared/<name>Engine.ts` as a pure, deterministic module with a vitest suite ; add projection + sensitivity + comparison charts ; add branded PDF export with sources and method notes ; register in `pageRegistry.ts` with intent tags so the AI brain can cite and deep-link it ; write the explanatory layer: source, method, what the number means, what to do next ; surface as a tab/accordion inside its hub — keep the URL, drop the top-level nav claim"
2.8,4.2,1.4,1.3,IndividualAgentTutorial,/portal/agent-tutorial,Advisor Practice & Sales Enablement,UPGRADE or fold into library,/portal/practice-command,988,,3,4,1,2,0,0,True,False,True,ts-nocheck|literal-chart-data,"type checking disabled on the file ; chart is fed a literal array — the picture is decorative, not computed ; no real computation — display-only ; thin input surface — cannot model a real scenario ; no client-ready export ; invisible to the AI brain ; orphan URL — reachable only by typing it","extract the math into `shared/<name>Engine.ts` as a pure, deterministic module with a vitest suite ; widen inputs to a full scenario (assumptions, ranges, alternatives) ; add branded PDF export with sources and method notes ; register in `pageRegistry.ts` with intent tags so the AI brain can cite and deep-link it ; surface as a tab/accordion inside its hub — keep the URL, drop the top-level nav claim"
2.8,3.2,0.4,2.8,MorningRitual,/portal/morning-ritual,Cross-Cutting Reference Library,UPGRADE or fold into library,/portal/library,484,,8,0,1,0,0,0,True,True,True,ts-nocheck,type checking disabled on the file ; no real computation — display-only ; no visualisation of the outcome ; thin input surface — cannot model a real scenario ; no client-ready export ; invisible to the AI brain,"extract the math into `shared/<name>Engine.ts` as a pure, deterministic module with a vitest suite ; add projection + sensitivity + comparison charts ; widen inputs to a full scenario (assumptions, ranges, alternatives) ; add branded PDF export with sources and method notes ; register in `pageRegistry.ts` with intent tags so the AI brain can cite and deep-link it"
2.8,3.2,0.4,1.3,DailyBriefing,/portal/daily-briefing,Cross-Cutting Reference Library,UPGRADE or fold into library,/portal/library,453,,7,0,0,0,0,0,True,False,True,ts-nocheck,type checking disabled on the file ; no real computation — display-only ; no visualisation of the outcome ; thin input surface — cannot model a real scenario ; no client-ready export ; invisible to the AI brain ; orphan URL — reachable only by typing it,"extract the math into `shared/<name>Engine.ts` as a pure, deterministic module with a vitest suite ; add projection + sensitivity + comparison charts ; widen inputs to a full scenario (assumptions, ranges, alternatives) ; add branded PDF export with sources and method notes ; register in `pageRegistry.ts` with intent tags so the AI brain can cite and deep-link it ; surface as a tab/accordion inside its hub — keep the URL, drop the top-level nav claim"
2.8,3.2,0.4,1.3,RewardsVault,/portal/rewards,Engagement & Behavioral,UPGRADE or fold into library,/portal/engagement,338,,5,0,0,0,0,0,True,False,True,ts-nocheck,type checking disabled on the file ; no real computation — display-only ; no visualisation of the outcome ; thin input surface — cannot model a real scenario ; no client-ready export ; invisible to the AI brain ; orphan URL — reachable only by typing it,"extract the math into `shared/<name>Engine.ts` as a pure, deterministic module with a vitest suite ; add projection + sensitivity + comparison charts ; widen inputs to a full scenario (assumptions, ranges, alternatives) ; add branded PDF export with sources and method notes ; register in `pageRegistry.ts` with intent tags so the AI brain can cite and deep-link it ; surface as a tab/accordion inside its hub — keep the URL, drop the top-level nav claim"
2.8,2.8,0.0,2.8,IulEngine,/portal/iul-engine,IUL & Policy Engineering,UPGRADE or fold into library,/portal/time-machine-calculator,112,,2,0,4,6,0,0,True,True,True,,no real computation — display-only ; no visualisation of the outcome ; thin input surface — cannot model a real scenario ; no client-ready export ; invisible to the AI brain ; stub depth,"extract the math into `shared/<name>Engine.ts` as a pure, deterministic module with a vitest suite ; add projection + sensitivity + comparison charts ; widen inputs to a full scenario (assumptions, ranges, alternatives) ; add branded PDF export with sources and method notes ; register in `pageRegistry.ts` with intent tags so the AI brain can cite and deep-link it ; write the explanatory layer: source, method, what the number means, what to do next"
2.7,2.7,0.0,0.3,ComplianceDisclosure,,Compliance & Supervision,UPGRADE or fold into library,/portal/compliance-center,841,,1,0,5,0,0,0,False,False,True,,no real computation — display-only ; no visualisation of the outcome ; thin input surface — cannot model a real scenario ; no client-ready export ; invisible to the AI brain ; orphan URL — reachable only by typing it,"extract the math into `shared/<name>Engine.ts` as a pure, deterministic module with a vitest suite ; add projection + sensitivity + comparison charts ; widen inputs to a full scenario (assumptions, ranges, alternatives) ; add branded PDF export with sources and method notes ; register in `pageRegistry.ts` with intent tags so the AI brain can cite and deep-link it ; surface as a tab/accordion inside its hub — keep the URL, drop the top-level nav claim"
2.7,2.7,0.0,2.7,Login,/login,"Public, Marketing & Legal",UPGRADE or fold into library,/,195,aiIntakeScript|api|loginDisclaimers,0,0,4,0,0,0,True,True,True,,static — no motion or cinematic treatment ; thin copy,"apply the CinematicEngine treatment (Ken Burns + breath-locked bloom) ; expand copy: proof, mechanism, outcome"
2.7,2.7,0.0,2.7,MassiveCalculatorsPage,/calculators,"Public, Marketing & Legal",UPGRADE or fold into library,/,194,calculatorCatalog,0,0,1,0,0,0,True,True,True,,static — no motion or cinematic treatment ; thin copy,"apply the CinematicEngine treatment (Ken Burns + breath-locked bloom) ; expand copy: proof, mechanism, outcome"
2.7,2.7,0.0,2.7,LiquidityRoutes,/portal/liquidity-routes,Cross-Cutting Reference Library,UPGRADE or fold into library,/portal/library,184,liquidityRoutes,0,0,0,0,0,0,True,True,True,,"no live data — nothing persists, no client record ; no visualisation of the outcome ; thin input surface — cannot model a real scenario ; no client-ready export ; invisible to the AI brain ; stub depth","add a tRPC procedure so scenarios save against the client record ; add projection + sensitivity + comparison charts ; widen inputs to a full scenario (assumptions, ranges, alternatives) ; add branded PDF export with sources and method notes ; register in `pageRegistry.ts` with intent tags so the AI brain can cite and deep-link it ; write the explanatory layer: source, method, what the number means, what to do next"
2.7,2.7,0.0,1.2,HowAFigureIsMade,/portal/how-a-figure-is-made,Education & Knowledge,UPGRADE or fold into library,/portal/education,180,provenance,0,0,0,0,0,0,True,False,True,,"no live data — nothing persists, no client record ; no visualisation of the outcome ; thin input surface — cannot model a real scenario ; no client-ready export ; invisible to the AI brain ; orphan URL — reachable only by typing it ; stub depth","add a tRPC procedure so scenarios save against the client record ; add projection + sensitivity + comparison charts ; widen inputs to a full scenario (assumptions, ranges, alternatives) ; add branded PDF export with sources and method notes ; register in `pageRegistry.ts` with intent tags so the AI brain can cite and deep-link it ; write the explanatory layer: source, method, what the number means, what to do next ; surface as a tab/accordion inside its hub — keep the URL, drop the top-level nav claim"
2.7,2.7,0.0,1.2,CareerPathPage,/portal/career-path,"Public, Marketing & Legal",UPGRADE or fold into library,/,179,,0,0,3,0,0,0,True,False,True,,static — no motion or cinematic treatment ; thin copy,"apply the CinematicEngine treatment (Ken Burns + breath-locked bloom) ; expand copy: proof, mechanism, outcome"
2.7,2.7,0.0,1.2,CertificationsPage,/portal/certifications,"Public, Marketing & Legal",UPGRADE or fold into library,/,176,,0,0,3,0,0,0,True,False,True,,static — no motion or cinematic treatment ; thin copy,"apply the CinematicEngine treatment (Ken Burns + breath-locked bloom) ; expand copy: proof, mechanism, outcome"
2.7,2.7,0.0,1.2,AutoCloserPage,/portal/auto-closer,"Public, Marketing & Legal",UPGRADE or fold into library,/,174,,0,0,2,0,0,0,True,False,True,,static — no motion or cinematic treatment ; thin copy,"apply the CinematicEngine treatment (Ken Burns + breath-locked bloom) ; expand copy: proof, mechanism, outcome"
2.7,2.7,0.0,1.2,DealRoomPage,/portal/deal-room,"Public, Marketing & Legal",UPGRADE or fold into library,/,170,,0,0,1,0,0,0,True,False,True,,static — no motion or cinematic treatment ; thin copy,"apply the CinematicEngine treatment (Ken Burns + breath-locked bloom) ; expand copy: proof, mechanism, outcome"
2.7,2.7,0.0,1.2,SecondaryInformation,/portal/secondary-information,Cross-Cutting Reference Library,UPGRADE or fold into library,/portal/library,119,secondaryCatalog,0,0,1,0,0,0,True,False,True,,"no live data — nothing persists, no client record ; no visualisation of the outcome ; thin input surface — cannot model a real scenario ; no client-ready export ; invisible to the AI brain ; orphan URL — reachable only by typing it ; stub depth","add a tRPC procedure so scenarios save against the client record ; add projection + sensitivity + comparison charts ; widen inputs to a full scenario (assumptions, ranges, alternatives) ; add branded PDF export with sources and method notes ; register in `pageRegistry.ts` with intent tags so the AI brain can cite and deep-link it ; write the explanatory layer: source, method, what the number means, what to do next ; surface as a tab/accordion inside its hub — keep the URL, drop the top-level nav claim"
2.7,2.7,0.0,1.2,RiskScorePage,/portal/risk-score,"Public, Marketing & Legal",UPGRADE or fold into library,/,101,,0,0,0,0,0,0,True,False,True,,static — no motion or cinematic treatment ; thin copy,"apply the CinematicEngine treatment (Ken Burns + breath-locked bloom) ; expand copy: proof, mechanism, outcome"
2.7,2.7,0.0,2.7,Thresholds,/portal/thresholds,Cross-Cutting Reference Library,UPGRADE or fold into library,/portal/library,82,cycleEngine|thresholds,0,0,0,0,0,0,True,True,True,,"no live data — nothing persists, no client record ; no visualisation of the outcome ; thin input surface — cannot model a real scenario ; no client-ready export ; invisible to the AI brain ; stub depth","add a tRPC procedure so scenarios save against the client record ; add projection + sensitivity + comparison charts ; widen inputs to a full scenario (assumptions, ranges, alternatives) ; add branded PDF export with sources and method notes ; register in `pageRegistry.ts` with intent tags so the AI brain can cite and deep-link it ; write the explanatory layer: source, method, what the number means, what to do next"
2.7,2.7,0.0,1.2,OilGasPage,/portal/oil-gas,"Public, Marketing & Legal",UPGRADE or fold into library,/,67,,0,0,2,0,0,0,True,False,True,,static — no motion or cinematic treatment ; thin copy,"apply the CinematicEngine treatment (Ken Burns + breath-locked bloom) ; expand copy: proof, mechanism, outcome"
2.7,2.7,0.0,1.2,IndexBacktesterPage,/portal/index-backtester-pro,"Public, Marketing & Legal",MERGE into canonical version,IndexBacktester,65,,0,0,2,0,0,0,True,False,True,,static — no motion or cinematic treatment ; thin copy,"apply the CinematicEngine treatment (Ken Burns + breath-locked bloom) ; expand copy: proof, mechanism, outcome"
2.7,2.7,0.0,2.7,Sphere,/portal/sphere,Cross-Cutting Reference Library,UPGRADE or fold into library,/portal/library,59,sphere,0,0,0,0,0,0,True,True,True,,"no live data — nothing persists, no client record ; no visualisation of the outcome ; thin input surface — cannot model a real scenario ; no client-ready export ; invisible to the AI brain ; stub depth","add a tRPC procedure so scenarios save against the client record ; add projection + sensitivity + comparison charts ; widen inputs to a full scenario (assumptions, ranges, alternatives) ; add branded PDF export with sources and method notes ; register in `pageRegistry.ts` with intent tags so the AI brain can cite and deep-link it ; write the explanatory layer: source, method, what the number means, what to do next"
2.7,2.7,0.0,1.2,NotFound,/404,"Public, Marketing & Legal",UPGRADE or fold into library,/,56,,0,0,0,0,0,0,True,False,True,,static — no motion or cinematic treatment ; thin copy,"apply the CinematicEngine treatment (Ken Burns + breath-locked bloom) ; expand copy: proof, mechanism, outcome"
2.7,2.7,0.0,1.2,ExecutiveEntrance,/executive,"Public, Marketing & Legal",UPGRADE or fold into library,/,29,,0,0,0,0,0,0,True,False,True,,static — no motion or cinematic treatment ; thin copy,"apply the CinematicEngine treatment (Ken Burns + breath-locked bloom) ; expand copy: proof, mechanism, outcome"
2.6,2.6,0.0,2.6,TrustsPage,/portal/trusts,"Estate, Trust & Legacy",UPGRADE or fold into library,/portal/estate-command,883,,0,4,0,2,0,0,True,True,True,,"no real computation — display-only ; no live data — nothing persists, no client record ; thin input surface — cannot model a real scenario ; no client-ready export ; invisible to the AI brain","extract the math into `shared/<name>Engine.ts` as a pure, deterministic module with a vitest suite ; add a tRPC procedure so scenarios save against the client record ; widen inputs to a full scenario (assumptions, ranges, alternatives) ; add branded PDF export with sources and method notes ; register in `pageRegistry.ts` with intent tags so the AI brain can cite and deep-link it"
2.6,3.0,0.4,2.6,ComparisonDashboard,/portal/comparison,Scenario Lab & Comparison,UPGRADE or fold into library,/portal/scenario-lab,697,,0,8,1,4,0,0,True,True,True,ts-nocheck,"type checking disabled on the file ; no real computation — display-only ; no live data — nothing persists, no client record ; thin input surface — cannot model a real scenario ; no client-ready export ; invisible to the AI brain","extract the math into `shared/<name>Engine.ts` as a pure, deterministic module with a vitest suite ; add a tRPC procedure so scenarios save against the client record ; widen inputs to a full scenario (assumptions, ranges, alternatives) ; add branded PDF export with sources and method notes ; register in `pageRegistry.ts` with intent tags so the AI brain can cite and deep-link it"
2.6,2.6,0.0,2.6,StrategyCompareTool,/portal/strategy-compare,Scenario Lab & Comparison,UPGRADE or fold into library,/portal/scenario-lab,517,,0,7,1,4,0,0,True,True,True,,"no real computation — display-only ; no live data — nothing persists, no client record ; thin input surface — cannot model a real scenario ; no client-ready export ; invisible to the AI brain","extract the math into `shared/<name>Engine.ts` as a pure, deterministic module with a vitest suite ; add a tRPC procedure so scenarios save against the client record ; widen inputs to a full scenario (assumptions, ranges, alternatives) ; add branded PDF export with sources and method notes ; register in `pageRegistry.ts` with intent tags so the AI brain can cite and deep-link it"
2.5,4.0,1.5,1.1,ComboDetail,/portal/tax-combos/:id,Tax Strategy,UPGRADE or fold into library,/portal/tax-command,733,,0,19,2,0,0,0,True,False,True,frozen-chart,"chart memo has empty deps — the graph never changes when inputs change ; math inlined in the component — untestable, un-reusable, cannot be called by the AI brain ; no live data — nothing persists, no client record ; thin input surface — cannot model a real scenario ; no client-ready export ; invisible to the AI brain ; orphan URL — reachable only by typing it","extract the math into `shared/<name>Engine.ts` as a pure, deterministic module with a vitest suite ; add a tRPC procedure so scenarios save against the client record ; widen inputs to a full scenario (assumptions, ranges, alternatives) ; add branded PDF export with sources and method notes ; register in `pageRegistry.ts` with intent tags so the AI brain can cite and deep-link it ; surface as a tab/accordion inside its hub — keep the URL, drop the top-level nav claim"
2.5,4.0,1.5,1.1,SecretDetail,/portal/secret-secrets/:id,Education & Knowledge,UPGRADE or fold into library,/portal/education,698,,0,16,2,0,0,0,True,False,True,frozen-chart,"chart memo has empty deps — the graph never changes when inputs change ; math inlined in the component — untestable, un-reusable, cannot be called by the AI brain ; no live data — nothing persists, no client record ; thin input surface — cannot model a real scenario ; no client-ready export ; invisible to the AI brain ; orphan URL — reachable only by typing it","extract the math into `shared/<name>Engine.ts` as a pure, deterministic module with a vitest suite ; add a tRPC procedure so scenarios save against the client record ; widen inputs to a full scenario (assumptions, ranges, alternatives) ; add branded PDF export with sources and method notes ; register in `pageRegistry.ts` with intent tags so the AI brain can cite and deep-link it ; surface as a tab/accordion inside its hub — keep the URL, drop the top-level nav claim"
2.5,2.9,0.4,1.1,RussellNumber,/portal/russell-number,Cross-Cutting Reference Library,UPGRADE or fold into library,/portal/library,208,,2,0,0,0,0,0,True,False,True,ts-nocheck,"type checking disabled on the file ; math inlined in the component — untestable, un-reusable, cannot be called by the AI brain ; no visualisation of the outcome ; thin input surface — cannot model a real scenario ; no client-ready export ; invisible to the AI brain ; orphan URL — reachable only by typing it ; stub depth","extract the math into `shared/<name>Engine.ts` as a pure, deterministic module with a vitest suite ; add projection + sensitivity + comparison charts ; widen inputs to a full scenario (assumptions, ranges, alternatives) ; add branded PDF export with sources and method notes ; register in `pageRegistry.ts` with intent tags so the AI brain can cite and deep-link it ; write the explanatory layer: source, method, what the number means, what to do next ; surface as a tab/accordion inside its hub — keep the URL, drop the top-level nav claim"
2.5,2.5,0.0,1.1,AcceptInvite,/invite,"Public, Marketing & Legal",UPGRADE or fold into library,/,104,,1,0,0,0,0,0,True,False,True,,static — no motion or cinematic treatment ; weak call-to-action ; thin copy,"apply the CinematicEngine treatment (Ken Burns + breath-locked bloom) ; add a primary CTA into the portal funnel ; expand copy: proof, mechanism, outcome"
2.5,2.5,0.0,2.5,SpecialtyIndexPage,/for,"Public, Marketing & Legal",UPGRADE or fold into library,/,40,careerEngine,1,0,0,0,0,0,True,True,True,,static — no motion or cinematic treatment ; weak call-to-action ; thin copy,"apply the CinematicEngine treatment (Ken Burns + breath-locked bloom) ; add a primary CTA into the portal funnel ; expand copy: proof, mechanism, outcome"
2.2,3.8,1.6,2.2,TheStrategyTable,/portal/the-strategy-table,Cross-Cutting Reference Library,UPGRADE or fold into library,/portal/library,289,policyMechanics,0,2,6,0,0,0,True,True,True,ts-nocheck|fabricated-constant,"type checking disabled on the file ; carries invented constants marked Simplified/Assumed in place of real limits ; no live data — nothing persists, no client record ; no client-ready export ; invisible to the AI brain",add a tRPC procedure so scenarios save against the client record ; add projection + sensitivity + comparison charts ; add branded PDF export with sources and method notes ; register in `pageRegistry.ts` with intent tags so the AI brain can cite and deep-link it
2.2,2.2,0.0,1.0,STRTaxEliminatorPage,/portal/str-tax-eliminator,Real Estate Intelligence,UPGRADE or fold into library,/portal/real-estate-mogul,268,,0,0,6,2,0,0,True,False,True,,"no real computation — display-only ; no live data — nothing persists, no client record ; no visualisation of the outcome ; no client-ready export ; invisible to the AI brain ; orphan URL — reachable only by typing it","extract the math into `shared/<name>Engine.ts` as a pure, deterministic module with a vitest suite ; add a tRPC procedure so scenarios save against the client record ; add projection + sensitivity + comparison charts ; add branded PDF export with sources and method notes ; register in `pageRegistry.ts` with intent tags so the AI brain can cite and deep-link it ; surface as a tab/accordion inside its hub — keep the URL, drop the top-level nav claim"
2.2,2.2,0.0,1.0,ComboRecommender,/portal/strategy-combos,AI Brain & Intelligence,UPGRADE or fold into library,/portal/ai-brain-hub,229,,1,0,5,0,0,0,True,False,True,,no real computation — display-only ; no visualisation of the outcome ; thin input surface — cannot model a real scenario ; no client-ready export ; invisible to the AI brain ; orphan URL — reachable only by typing it ; stub depth,"extract the math into `shared/<name>Engine.ts` as a pure, deterministic module with a vitest suite ; add projection + sensitivity + comparison charts ; widen inputs to a full scenario (assumptions, ranges, alternatives) ; add branded PDF export with sources and method notes ; register in `pageRegistry.ts` with intent tags so the AI brain can cite and deep-link it ; write the explanatory layer: source, method, what the number means, what to do next ; surface as a tab/accordion inside its hub — keep the URL, drop the top-level nav claim"
2.2,2.2,0.0,1.0,MortgageKillerV2Page,/portal/mortgage-killer-v2,Mortgage & Debt Elimination,MERGE into canonical version,MortgageKiller,202,,0,0,7,2,0,0,True,False,True,,"no real computation — display-only ; no live data — nothing persists, no client record ; no visualisation of the outcome ; no client-ready export ; invisible to the AI brain ; orphan URL — reachable only by typing it ; stub depth","extract the math into `shared/<name>Engine.ts` as a pure, deterministic module with a vitest suite ; add a tRPC procedure so scenarios save against the client record ; add projection + sensitivity + comparison charts ; add branded PDF export with sources and method notes ; register in `pageRegistry.ts` with intent tags so the AI brain can cite and deep-link it ; write the explanatory layer: source, method, what the number means, what to do next ; surface as a tab/accordion inside its hub — keep the URL, drop the top-level nav claim"
2.2,2.2,0.0,1.0,SiteHealth,/portal/site-health,Cross-Cutting Reference Library,UPGRADE or fold into library,/portal/library,115,,4,0,0,2,0,0,True,False,True,,no real computation — display-only ; no visualisation of the outcome ; thin input surface — cannot model a real scenario ; no client-ready export ; invisible to the AI brain ; orphan URL — reachable only by typing it ; stub depth,"extract the math into `shared/<name>Engine.ts` as a pure, deterministic module with a vitest suite ; add projection + sensitivity + comparison charts ; widen inputs to a full scenario (assumptions, ranges, alternatives) ; add branded PDF export with sources and method notes ; register in `pageRegistry.ts` with intent tags so the AI brain can cite and deep-link it ; write the explanatory layer: source, method, what the number means, what to do next ; surface as a tab/accordion inside its hub — keep the URL, drop the top-level nav claim"
2.2,2.2,0.0,1.0,CarrierRatings,/portal/carrier-rates,"Insurance, Annuity & Carrier",UPGRADE or fold into library,/portal/carrier-command,95,,3,0,1,2,0,0,True,False,True,,no real computation — display-only ; no visualisation of the outcome ; thin input surface — cannot model a real scenario ; no client-ready export ; invisible to the AI brain ; orphan URL — reachable only by typing it ; stub depth,"extract the math into `shared/<name>Engine.ts` as a pure, deterministic module with a vitest suite ; add projection + sensitivity + comparison charts ; widen inputs to a full scenario (assumptions, ranges, alternatives) ; add branded PDF export with sources and method notes ; register in `pageRegistry.ts` with intent tags so the AI brain can cite and deep-link it ; write the explanatory layer: source, method, what the number means, what to do next ; surface as a tab/accordion inside its hub — keep the URL, drop the top-level nav claim"
2.0,2.4,0.4,2.0,PetSystem,/portal/pet,Engagement & Behavioral,UPGRADE or fold into library,/portal/engagement,443,,4,0,1,0,0,0,True,True,True,ts-nocheck,type checking disabled on the file ; no real computation — display-only ; no visualisation of the outcome ; thin input surface — cannot model a real scenario ; no client-ready export ; invisible to the AI brain,"extract the math into `shared/<name>Engine.ts` as a pure, deterministic module with a vitest suite ; add projection + sensitivity + comparison charts ; widen inputs to a full scenario (assumptions, ranges, alternatives) ; add branded PDF export with sources and method notes ; register in `pageRegistry.ts` with intent tags so the AI brain can cite and deep-link it"
2.0,2.4,0.4,0.9,DailyDiscovery,/portal/daily-discovery,"Discovery, Calibration & Onboarding",UPGRADE or fold into library,/portal/onboarding,407,,3,0,0,0,0,0,True,False,True,ts-nocheck,type checking disabled on the file ; no real computation — display-only ; no visualisation of the outcome ; thin input surface — cannot model a real scenario ; no client-ready export ; invisible to the AI brain ; orphan URL — reachable only by typing it,"extract the math into `shared/<name>Engine.ts` as a pure, deterministic module with a vitest suite ; add projection + sensitivity + comparison charts ; widen inputs to a full scenario (assumptions, ranges, alternatives) ; add branded PDF export with sources and method notes ; register in `pageRegistry.ts` with intent tags so the AI brain can cite and deep-link it ; surface as a tab/accordion inside its hub — keep the URL, drop the top-level nav claim"
2.0,2.4,0.4,0.9,MyWorld,/portal/my-world,Cross-Cutting Reference Library,UPGRADE or fold into library,/portal/library,401,,2,0,0,0,0,0,True,False,True,ts-nocheck,type checking disabled on the file ; no real computation — display-only ; no visualisation of the outcome ; thin input surface — cannot model a real scenario ; no client-ready export ; invisible to the AI brain ; orphan URL — reachable only by typing it,"extract the math into `shared/<name>Engine.ts` as a pure, deterministic module with a vitest suite ; add projection + sensitivity + comparison charts ; widen inputs to a full scenario (assumptions, ranges, alternatives) ; add branded PDF export with sources and method notes ; register in `pageRegistry.ts` with intent tags so the AI brain can cite and deep-link it ; surface as a tab/accordion inside its hub — keep the URL, drop the top-level nav claim"
2.0,2.0,0.0,0.9,InteropEnginePage,/portal/interop-engine,"Public, Marketing & Legal",UPGRADE or fold into library,/,210,,0,0,3,0,0,0,True,False,True,,static — no motion or cinematic treatment ; weak call-to-action ; thin copy,"apply the CinematicEngine treatment (Ken Burns + breath-locked bloom) ; add a primary CTA into the portal funnel ; expand copy: proof, mechanism, outcome"
2.0,2.0,0.0,0.9,ExplorePage,/portal/explore,"Public, Marketing & Legal",UPGRADE or fold into library,/,129,,0,0,1,0,0,0,True,False,True,,static — no motion or cinematic treatment ; weak call-to-action ; thin copy,"apply the CinematicEngine treatment (Ken Burns + breath-locked bloom) ; add a primary CTA into the portal funnel ; expand copy: proof, mechanism, outcome"
2.0,2.0,0.0,0.9,CommandPage,/portal/command,"Public, Marketing & Legal",UPGRADE or fold into library,/,105,,0,0,1,0,0,0,True,False,True,,static — no motion or cinematic treatment ; weak call-to-action ; thin copy,"apply the CinematicEngine treatment (Ken Burns + breath-locked bloom) ; add a primary CTA into the portal funnel ; expand copy: proof, mechanism, outcome"
2.0,2.0,0.0,0.9,CompetePage,/portal/compete,"Public, Marketing & Legal",UPGRADE or fold into library,/,102,,0,0,1,0,0,0,True,False,True,,static — no motion or cinematic treatment ; weak call-to-action ; thin copy,"apply the CinematicEngine treatment (Ken Burns + breath-locked bloom) ; add a primary CTA into the portal funnel ; expand copy: proof, mechanism, outcome"
2.0,2.0,0.0,0.9,EarnPage,/portal/earn,"Public, Marketing & Legal",UPGRADE or fold into library,/,100,,0,0,1,0,0,0,True,False,True,,static — no motion or cinematic treatment ; weak call-to-action ; thin copy,"apply the CinematicEngine treatment (Ken Burns + breath-locked bloom) ; add a primary CTA into the portal funnel ; expand copy: proof, mechanism, outcome"
2.0,2.0,0.0,2.0,Legal,/privacy,"Public, Marketing & Legal",UPGRADE or fold into library,/,84,,0,0,0,0,0,0,True,True,True,,static — no motion or cinematic treatment ; weak call-to-action ; thin copy,"apply the CinematicEngine treatment (Ken Burns + breath-locked bloom) ; add a primary CTA into the portal funnel ; expand copy: proof, mechanism, outcome"
2.0,2.0,0.0,0.9,TheExperiencePage,/portal/the-experience,"Public, Marketing & Legal",UPGRADE or fold into library,/,68,,0,0,0,0,0,0,True,False,True,,static — no motion or cinematic treatment ; weak call-to-action ; thin copy,"apply the CinematicEngine treatment (Ken Burns + breath-locked bloom) ; add a primary CTA into the portal funnel ; expand copy: proof, mechanism, outcome"
2.0,2.0,0.0,2.0,ManagedAuthLegacy,/forgot-password,"Public, Marketing & Legal",UPGRADE or fold into library,/,57,,0,0,0,0,0,0,True,True,True,,static — no motion or cinematic treatment ; weak call-to-action ; thin copy,"apply the CinematicEngine treatment (Ken Burns + breath-locked bloom) ; add a primary CTA into the portal funnel ; expand copy: proof, mechanism, outcome"
2.0,2.0,0.0,0.9,TranscendPage,/portal/transcend,"Public, Marketing & Legal",UPGRADE or fold into library,/,42,,0,0,0,0,0,0,True,False,True,,static — no motion or cinematic treatment ; weak call-to-action ; thin copy,"apply the CinematicEngine treatment (Ken Burns + breath-locked bloom) ; add a primary CTA into the portal funnel ; expand copy: proof, mechanism, outcome"
2.0,2.0,0.0,0.9,SupportPage,/portal/support-desk,"Public, Marketing & Legal",UPGRADE or fold into library,/,33,,0,0,3,0,0,0,True,False,True,,static — no motion or cinematic treatment ; weak call-to-action ; thin copy,"apply the CinematicEngine treatment (Ken Burns + breath-locked bloom) ; add a primary CTA into the portal funnel ; expand copy: proof, mechanism, outcome"
2.0,2.0,0.0,0.9,LegalPaymentFolder,/portal/legal-payment-folder,"Public, Marketing & Legal",UPGRADE or fold into library,/,30,,0,0,0,0,0,0,True,False,True,,static — no motion or cinematic treatment ; weak call-to-action ; thin copy,"apply the CinematicEngine treatment (Ken Burns + breath-locked bloom) ; add a primary CTA into the portal funnel ; expand copy: proof, mechanism, outcome"
2.0,2.0,0.0,0.2,Home,,"Public, Marketing & Legal",UPGRADE or fold into library,/,23,,0,0,0,0,0,0,False,False,True,,static — no motion or cinematic treatment ; weak call-to-action ; thin copy,"apply the CinematicEngine treatment (Ken Burns + breath-locked bloom) ; add a primary CTA into the portal funnel ; expand copy: proof, mechanism, outcome"
1.9,2.3,0.4,0.9,AvatarTwins,/portal/avatar-twins,Engagement & Behavioral,UPGRADE or fold into library,/portal/engagement,597,,1,0,3,0,0,0,True,False,True,ts-nocheck,type checking disabled on the file ; no real computation — display-only ; no visualisation of the outcome ; thin input surface — cannot model a real scenario ; no client-ready export ; invisible to the AI brain ; orphan URL — reachable only by typing it,"extract the math into `shared/<name>Engine.ts` as a pure, deterministic module with a vitest suite ; add projection + sensitivity + comparison charts ; widen inputs to a full scenario (assumptions, ranges, alternatives) ; add branded PDF export with sources and method notes ; register in `pageRegistry.ts` with intent tags so the AI brain can cite and deep-link it ; surface as a tab/accordion inside its hub — keep the URL, drop the top-level nav claim"
1.9,2.3,0.4,0.9,RussellWrapped,/portal/wrapped,Cross-Cutting Reference Library,UPGRADE or fold into library,/portal/library,226,,2,0,0,0,0,0,True,False,True,ts-nocheck,type checking disabled on the file ; no real computation — display-only ; no visualisation of the outcome ; thin input surface — cannot model a real scenario ; no client-ready export ; invisible to the AI brain ; orphan URL — reachable only by typing it ; stub depth,"extract the math into `shared/<name>Engine.ts` as a pure, deterministic module with a vitest suite ; add projection + sensitivity + comparison charts ; widen inputs to a full scenario (assumptions, ranges, alternatives) ; add branded PDF export with sources and method notes ; register in `pageRegistry.ts` with intent tags so the AI brain can cite and deep-link it ; write the explanatory layer: source, method, what the number means, what to do next ; surface as a tab/accordion inside its hub — keep the URL, drop the top-level nav claim"
1.9,1.9,0.0,0.9,Connections,/portal/connections,Cross-Cutting Reference Library,UPGRADE or fold into library,/portal/library,89,,2,0,1,0,0,0,True,False,True,,no real computation — display-only ; no visualisation of the outcome ; thin input surface — cannot model a real scenario ; no client-ready export ; invisible to the AI brain ; orphan URL — reachable only by typing it ; stub depth,"extract the math into `shared/<name>Engine.ts` as a pure, deterministic module with a vitest suite ; add projection + sensitivity + comparison charts ; widen inputs to a full scenario (assumptions, ranges, alternatives) ; add branded PDF export with sources and method notes ; register in `pageRegistry.ts` with intent tags so the AI brain can cite and deep-link it ; write the explanatory layer: source, method, what the number means, what to do next ; surface as a tab/accordion inside its hub — keep the URL, drop the top-level nav claim"
1.9,1.9,0.0,0.9,SystemHealth,/portal/system-health,"Admin, Ops & System",UPGRADE or fold into library,/portal/admin,77,,4,0,0,0,0,0,True,False,True,,no real computation — display-only ; no visualisation of the outcome ; thin input surface — cannot model a real scenario ; no client-ready export ; invisible to the AI brain ; orphan URL — reachable only by typing it ; stub depth,"extract the math into `shared/<name>Engine.ts` as a pure, deterministic module with a vitest suite ; add projection + sensitivity + comparison charts ; widen inputs to a full scenario (assumptions, ranges, alternatives) ; add branded PDF export with sources and method notes ; register in `pageRegistry.ts` with intent tags so the AI brain can cite and deep-link it ; write the explanatory layer: source, method, what the number means, what to do next ; surface as a tab/accordion inside its hub — keep the URL, drop the top-level nav claim"
1.8,2.2,0.4,0.8,TimeMachine,/portal/time-machine,IUL & Policy Engineering,UPGRADE or fold into library,/portal/time-machine-calculator,296,,1,0,3,0,0,0,True,False,True,ts-nocheck,type checking disabled on the file ; no real computation — display-only ; no visualisation of the outcome ; thin input surface — cannot model a real scenario ; no client-ready export ; invisible to the AI brain ; orphan URL — reachable only by typing it,"extract the math into `shared/<name>Engine.ts` as a pure, deterministic module with a vitest suite ; add projection + sensitivity + comparison charts ; widen inputs to a full scenario (assumptions, ranges, alternatives) ; add branded PDF export with sources and method notes ; register in `pageRegistry.ts` with intent tags so the AI brain can cite and deep-link it ; surface as a tab/accordion inside its hub — keep the URL, drop the top-level nav claim"
1.8,1.8,0.0,0.8,SharedSlidesViewer,/shared-slides/:token,Advisor Practice & Sales Enablement,UPGRADE or fold into library,/portal/practice-command,246,,1,0,0,0,0,0,True,False,True,,no real computation — display-only ; no visualisation of the outcome ; thin input surface — cannot model a real scenario ; no client-ready export ; invisible to the AI brain ; orphan URL — reachable only by typing it ; stub depth,"extract the math into `shared/<name>Engine.ts` as a pure, deterministic module with a vitest suite ; add projection + sensitivity + comparison charts ; widen inputs to a full scenario (assumptions, ranges, alternatives) ; add branded PDF export with sources and method notes ; register in `pageRegistry.ts` with intent tags so the AI brain can cite and deep-link it ; write the explanatory layer: source, method, what the number means, what to do next ; surface as a tab/accordion inside its hub — keep the URL, drop the top-level nav claim"
1.8,2.2,0.4,0.8,ClientStoryGenerator,/portal/story-generator,Advisor Practice & Sales Enablement,UPGRADE or fold into library,/portal/practice-command,234,,1,0,3,0,0,0,True,False,True,ts-nocheck,type checking disabled on the file ; no real computation — display-only ; no visualisation of the outcome ; thin input surface — cannot model a real scenario ; no client-ready export ; invisible to the AI brain ; orphan URL — reachable only by typing it ; stub depth,"extract the math into `shared/<name>Engine.ts` as a pure, deterministic module with a vitest suite ; add projection + sensitivity + comparison charts ; widen inputs to a full scenario (assumptions, ranges, alternatives) ; add branded PDF export with sources and method notes ; register in `pageRegistry.ts` with intent tags so the AI brain can cite and deep-link it ; write the explanatory layer: source, method, what the number means, what to do next ; surface as a tab/accordion inside its hub — keep the URL, drop the top-level nav claim"
1.8,2.2,0.4,1.8,TheMap,/portal/the-map,Cross-Cutting Reference Library,UPGRADE or fold into library,/portal/library,159,,0,4,2,0,0,0,True,True,True,ts-nocheck,"type checking disabled on the file ; no real computation — display-only ; no live data — nothing persists, no client record ; thin input surface — cannot model a real scenario ; no client-ready export ; invisible to the AI brain ; stub depth","extract the math into `shared/<name>Engine.ts` as a pure, deterministic module with a vitest suite ; add a tRPC procedure so scenarios save against the client record ; widen inputs to a full scenario (assumptions, ranges, alternatives) ; add branded PDF export with sources and method notes ; register in `pageRegistry.ts` with intent tags so the AI brain can cite and deep-link it ; write the explanatory layer: source, method, what the number means, what to do next"
1.7,1.7,0.0,0.8,OutsideForces,/portal/outside-forces,Cross-Cutting Reference Library,UPGRADE or fold into library,/portal/library,130,,1,0,0,4,0,0,True,False,True,,no real computation — display-only ; no visualisation of the outcome ; thin input surface — cannot model a real scenario ; no client-ready export ; invisible to the AI brain ; orphan URL — reachable only by typing it ; stub depth,"extract the math into `shared/<name>Engine.ts` as a pure, deterministic module with a vitest suite ; add projection + sensitivity + comparison charts ; widen inputs to a full scenario (assumptions, ranges, alternatives) ; add branded PDF export with sources and method notes ; register in `pageRegistry.ts` with intent tags so the AI brain can cite and deep-link it ; write the explanatory layer: source, method, what the number means, what to do next ; surface as a tab/accordion inside its hub — keep the URL, drop the top-level nav claim"
1.6,2.0,0.4,0.7,BlackMirror,/portal/black-mirror,Cross-Cutting Reference Library,UPGRADE or fold into library,/portal/library,704,,0,0,0,0,0,0,True,False,True,ts-nocheck,"type checking disabled on the file ; no real computation — display-only ; no live data — nothing persists, no client record ; no visualisation of the outcome ; thin input surface — cannot model a real scenario ; no client-ready export ; invisible to the AI brain ; orphan URL — reachable only by typing it","extract the math into `shared/<name>Engine.ts` as a pure, deterministic module with a vitest suite ; add a tRPC procedure so scenarios save against the client record ; add projection + sensitivity + comparison charts ; widen inputs to a full scenario (assumptions, ranges, alternatives) ; add branded PDF export with sources and method notes ; register in `pageRegistry.ts` with intent tags so the AI brain can cite and deep-link it ; surface as a tab/accordion inside its hub — keep the URL, drop the top-level nav claim"
1.6,2.0,0.4,0.7,SocialNarcotic,/portal/social,Cross-Cutting Reference Library,UPGRADE or fold into library,/portal/library,621,,0,0,1,0,0,0,True,False,True,ts-nocheck,"type checking disabled on the file ; no real computation — display-only ; no live data — nothing persists, no client record ; no visualisation of the outcome ; thin input surface — cannot model a real scenario ; no client-ready export ; invisible to the AI brain ; orphan URL — reachable only by typing it","extract the math into `shared/<name>Engine.ts` as a pure, deterministic module with a vitest suite ; add a tRPC procedure so scenarios save against the client record ; add projection + sensitivity + comparison charts ; widen inputs to a full scenario (assumptions, ranges, alternatives) ; add branded PDF export with sources and method notes ; register in `pageRegistry.ts` with intent tags so the AI brain can cite and deep-link it ; surface as a tab/accordion inside its hub — keep the URL, drop the top-level nav claim"
1.6,2.0,0.4,0.7,Endgame,/portal/endgame,Cross-Cutting Reference Library,UPGRADE or fold into library,/portal/library,606,,0,0,0,0,0,0,True,False,True,ts-nocheck,"type checking disabled on the file ; no real computation — display-only ; no live data — nothing persists, no client record ; no visualisation of the outcome ; thin input surface — cannot model a real scenario ; no client-ready export ; invisible to the AI brain ; orphan URL — reachable only by typing it","extract the math into `shared/<name>Engine.ts` as a pure, deterministic module with a vitest suite ; add a tRPC procedure so scenarios save against the client record ; add projection + sensitivity + comparison charts ; widen inputs to a full scenario (assumptions, ranges, alternatives) ; add branded PDF export with sources and method notes ; register in `pageRegistry.ts` with intent tags so the AI brain can cite and deep-link it ; surface as a tab/accordion inside its hub — keep the URL, drop the top-level nav claim"
1.5,1.9,0.4,1.5,TheLegacy,/portal/the-legacy,"Estate, Trust & Legacy",UPGRADE or fold into library,/portal/estate-command,180,,0,0,12,0,0,0,True,True,True,ts-nocheck,"type checking disabled on the file ; no real computation — display-only ; no live data — nothing persists, no client record ; no visualisation of the outcome ; no client-ready export ; invisible to the AI brain ; stub depth","extract the math into `shared/<name>Engine.ts` as a pure, deterministic module with a vitest suite ; add a tRPC procedure so scenarios save against the client record ; add projection + sensitivity + comparison charts ; add branded PDF export with sources and method notes ; register in `pageRegistry.ts` with intent tags so the AI brain can cite and deep-link it ; write the explanatory layer: source, method, what the number means, what to do next"
1.5,1.5,0.0,0.7,AIBrainHubPage,/portal/ai-brain-hub,AI Brain & Intelligence,UPGRADE or fold into library,/portal/ai-brain-hub,179,,0,0,1,0,0,1,True,False,True,,"no real computation — display-only ; no live data — nothing persists, no client record ; no visualisation of the outcome ; thin input surface — cannot model a real scenario ; no client-ready export ; orphan URL — reachable only by typing it ; stub depth","extract the math into `shared/<name>Engine.ts` as a pure, deterministic module with a vitest suite ; add a tRPC procedure so scenarios save against the client record ; add projection + sensitivity + comparison charts ; widen inputs to a full scenario (assumptions, ranges, alternatives) ; add branded PDF export with sources and method notes ; write the explanatory layer: source, method, what the number means, what to do next ; surface as a tab/accordion inside its hub — keep the URL, drop the top-level nav claim"
1.5,1.9,0.4,1.5,ToiletDashboard,/portal/toilet,Reports & Deliverables,UPGRADE or fold into library,/portal/reports,151,,3,0,0,0,0,0,True,True,True,ts-nocheck,type checking disabled on the file ; no real computation — display-only ; no visualisation of the outcome ; thin input surface — cannot model a real scenario ; no client-ready export ; invisible to the AI brain ; stub depth,"extract the math into `shared/<name>Engine.ts` as a pure, deterministic module with a vitest suite ; add projection + sensitivity + comparison charts ; widen inputs to a full scenario (assumptions, ranges, alternatives) ; add branded PDF export with sources and method notes ; register in `pageRegistry.ts` with intent tags so the AI brain can cite and deep-link it ; write the explanatory layer: source, method, what the number means, what to do next"
1.4,1.8,0.4,0.6,TimeLapse,/portal/time-lapse,IUL & Policy Engineering,UPGRADE or fold into library,/portal/time-machine-calculator,267,,1,0,2,0,0,0,True,False,True,ts-nocheck,type checking disabled on the file ; no real computation — display-only ; no visualisation of the outcome ; thin input surface — cannot model a real scenario ; no client-ready export ; invisible to the AI brain ; orphan URL — reachable only by typing it,"extract the math into `shared/<name>Engine.ts` as a pure, deterministic module with a vitest suite ; add projection + sensitivity + comparison charts ; widen inputs to a full scenario (assumptions, ranges, alternatives) ; add branded PDF export with sources and method notes ; register in `pageRegistry.ts` with intent tags so the AI brain can cite and deep-link it ; surface as a tab/accordion inside its hub — keep the URL, drop the top-level nav claim"
1.4,1.8,0.4,1.4,WarStoryGenerator,/portal/war-story-generator,Advisor Practice & Sales Enablement,UPGRADE or fold into library,/portal/practice-command,265,,1,0,4,0,0,0,True,True,True,ts-nocheck,type checking disabled on the file ; no real computation — display-only ; no visualisation of the outcome ; thin input surface — cannot model a real scenario ; no client-ready export ; invisible to the AI brain,"extract the math into `shared/<name>Engine.ts` as a pure, deterministic module with a vitest suite ; add projection + sensitivity + comparison charts ; widen inputs to a full scenario (assumptions, ranges, alternatives) ; add branded PDF export with sources and method notes ; register in `pageRegistry.ts` with intent tags so the AI brain can cite and deep-link it"
1.4,1.4,0.0,0.6,Interior,/portal/interior,Cross-Cutting Reference Library,UPGRADE or fold into library,/portal/library,255,,0,0,3,2,0,0,True,False,True,,"no real computation — display-only ; no live data — nothing persists, no client record ; no visualisation of the outcome ; thin input surface — cannot model a real scenario ; no client-ready export ; invisible to the AI brain ; orphan URL — reachable only by typing it","extract the math into `shared/<name>Engine.ts` as a pure, deterministic module with a vitest suite ; add a tRPC procedure so scenarios save against the client record ; add projection + sensitivity + comparison charts ; widen inputs to a full scenario (assumptions, ranges, alternatives) ; add branded PDF export with sources and method notes ; register in `pageRegistry.ts` with intent tags so the AI brain can cite and deep-link it ; surface as a tab/accordion inside its hub — keep the URL, drop the top-level nav claim"
1.4,1.4,0.0,1.4,WealthGenomePage,/portal/wealth-genome,"Discovery, Calibration & Onboarding",UPGRADE or fold into library,/portal/onboarding,149,,1,0,0,0,0,0,True,True,True,,no real computation — display-only ; no visualisation of the outcome ; thin input surface — cannot model a real scenario ; no client-ready export ; invisible to the AI brain ; stub depth,"extract the math into `shared/<name>Engine.ts` as a pure, deterministic module with a vitest suite ; add projection + sensitivity + comparison charts ; widen inputs to a full scenario (assumptions, ranges, alternatives) ; add branded PDF export with sources and method notes ; register in `pageRegistry.ts` with intent tags so the AI brain can cite and deep-link it ; write the explanatory layer: source, method, what the number means, what to do next"
1.4,1.4,0.0,1.4,MyJourney,/portal/my-journey,Cross-Cutting Reference Library,UPGRADE or fold into library,/portal/library,95,,1,0,0,0,0,0,True,True,True,,no real computation — display-only ; no visualisation of the outcome ; thin input surface — cannot model a real scenario ; no client-ready export ; invisible to the AI brain ; stub depth,"extract the math into `shared/<name>Engine.ts` as a pure, deterministic module with a vitest suite ; add projection + sensitivity + comparison charts ; widen inputs to a full scenario (assumptions, ranges, alternatives) ; add branded PDF export with sources and method notes ; register in `pageRegistry.ts` with intent tags so the AI brain can cite and deep-link it ; write the explanatory layer: source, method, what the number means, what to do next"
1.2,1.2,0.0,0.5,AltCreditDetail,/portal/alt-credit/:slug,Cross-Cutting Reference Library,UPGRADE or fold into library,/portal/library,427,,0,0,0,0,0,0,True,False,True,,"no real computation — display-only ; no live data — nothing persists, no client record ; no visualisation of the outcome ; thin input surface — cannot model a real scenario ; no client-ready export ; invisible to the AI brain ; orphan URL — reachable only by typing it","extract the math into `shared/<name>Engine.ts` as a pure, deterministic module with a vitest suite ; add a tRPC procedure so scenarios save against the client record ; add projection + sensitivity + comparison charts ; widen inputs to a full scenario (assumptions, ranges, alternatives) ; add branded PDF export with sources and method notes ; register in `pageRegistry.ts` with intent tags so the AI brain can cite and deep-link it ; surface as a tab/accordion inside its hub — keep the URL, drop the top-level nav claim"
1.2,1.2,0.0,0.5,PhysiciansEdge,/portal/physicians-edge,Cross-Cutting Reference Library,UPGRADE or fold into library,/portal/library,336,,0,0,0,0,0,0,True,False,True,,"no real computation — display-only ; no live data — nothing persists, no client record ; no visualisation of the outcome ; thin input surface — cannot model a real scenario ; no client-ready export ; invisible to the AI brain ; orphan URL — reachable only by typing it","extract the math into `shared/<name>Engine.ts` as a pure, deterministic module with a vitest suite ; add a tRPC procedure so scenarios save against the client record ; add projection + sensitivity + comparison charts ; widen inputs to a full scenario (assumptions, ranges, alternatives) ; add branded PDF export with sources and method notes ; register in `pageRegistry.ts` with intent tags so the AI brain can cite and deep-link it ; surface as a tab/accordion inside its hub — keep the URL, drop the top-level nav claim"
1.2,1.6,0.4,0.5,RevenueGuarantee,/portal/revenue-guarantee,Cross-Cutting Reference Library,UPGRADE or fold into library,/portal/library,316,,0,0,4,0,0,0,True,False,True,ts-nocheck,"type checking disabled on the file ; no real computation — display-only ; no live data — nothing persists, no client record ; no visualisation of the outcome ; thin input surface — cannot model a real scenario ; no client-ready export ; invisible to the AI brain ; orphan URL — reachable only by typing it","extract the math into `shared/<name>Engine.ts` as a pure, deterministic module with a vitest suite ; add a tRPC procedure so scenarios save against the client record ; add projection + sensitivity + comparison charts ; widen inputs to a full scenario (assumptions, ranges, alternatives) ; add branded PDF export with sources and method notes ; register in `pageRegistry.ts` with intent tags so the AI brain can cite and deep-link it ; surface as a tab/accordion inside its hub — keep the URL, drop the top-level nav claim"
1.1,1.1,0.0,1.1,AltCreditHub,/portal/alt-credit,Cross-Cutting Reference Library,UPGRADE or fold into library,/portal/library,277,,0,0,1,0,0,0,True,True,True,,"no real computation — display-only ; no live data — nothing persists, no client record ; no visualisation of the outcome ; thin input surface — cannot model a real scenario ; no client-ready export ; invisible to the AI brain","extract the math into `shared/<name>Engine.ts` as a pure, deterministic module with a vitest suite ; add a tRPC procedure so scenarios save against the client record ; add projection + sensitivity + comparison charts ; widen inputs to a full scenario (assumptions, ranges, alternatives) ; add branded PDF export with sources and method notes ; register in `pageRegistry.ts` with intent tags so the AI brain can cite and deep-link it"
1.1,1.5,0.4,0.5,TheArrival,/portal/the-arrival,Cross-Cutting Reference Library,UPGRADE or fold into library,/portal/library,256,,0,0,8,0,0,0,True,False,True,ts-nocheck,"type checking disabled on the file ; no real computation — display-only ; no live data — nothing persists, no client record ; no visualisation of the outcome ; no client-ready export ; invisible to the AI brain ; orphan URL — reachable only by typing it","extract the math into `shared/<name>Engine.ts` as a pure, deterministic module with a vitest suite ; add a tRPC procedure so scenarios save against the client record ; add projection + sensitivity + comparison charts ; add branded PDF export with sources and method notes ; register in `pageRegistry.ts` with intent tags so the AI brain can cite and deep-link it ; surface as a tab/accordion inside its hub — keep the URL, drop the top-level nav claim"
1.1,1.1,0.0,1.1,TaxFreeWealthCombos,/portal/tax-combos,Tax Strategy,UPGRADE or fold into library,/portal/tax-command,169,,0,0,3,0,0,0,True,True,True,,"no real computation — display-only ; no live data — nothing persists, no client record ; no visualisation of the outcome ; thin input surface — cannot model a real scenario ; no client-ready export ; invisible to the AI brain ; stub depth","extract the math into `shared/<name>Engine.ts` as a pure, deterministic module with a vitest suite ; add a tRPC procedure so scenarios save against the client record ; add projection + sensitivity + comparison charts ; widen inputs to a full scenario (assumptions, ranges, alternatives) ; add branded PDF export with sources and method notes ; register in `pageRegistry.ts` with intent tags so the AI brain can cite and deep-link it ; write the explanatory layer: source, method, what the number means, what to do next"
1.1,1.1,0.0,0.5,IncomeAnnuityPage,/portal/income-annuity,"Insurance, Annuity & Carrier",UPGRADE or fold into library,/portal/carrier-command,167,,0,0,3,0,0,0,True,False,True,,"no real computation — display-only ; no live data — nothing persists, no client record ; no visualisation of the outcome ; thin input surface — cannot model a real scenario ; no client-ready export ; invisible to the AI brain ; orphan URL — reachable only by typing it ; stub depth","extract the math into `shared/<name>Engine.ts` as a pure, deterministic module with a vitest suite ; add a tRPC procedure so scenarios save against the client record ; add projection + sensitivity + comparison charts ; widen inputs to a full scenario (assumptions, ranges, alternatives) ; add branded PDF export with sources and method notes ; register in `pageRegistry.ts` with intent tags so the AI brain can cite and deep-link it ; write the explanatory layer: source, method, what the number means, what to do next ; surface as a tab/accordion inside its hub — keep the URL, drop the top-level nav claim"
1.1,1.1,0.0,1.1,SecretSecrets,/portal/secret-secrets,Education & Knowledge,UPGRADE or fold into library,/portal/education,163,,0,0,2,0,0,0,True,True,True,,"no real computation — display-only ; no live data — nothing persists, no client record ; no visualisation of the outcome ; thin input surface — cannot model a real scenario ; no client-ready export ; invisible to the AI brain ; stub depth","extract the math into `shared/<name>Engine.ts` as a pure, deterministic module with a vitest suite ; add a tRPC procedure so scenarios save against the client record ; add projection + sensitivity + comparison charts ; widen inputs to a full scenario (assumptions, ranges, alternatives) ; add branded PDF export with sources and method notes ; register in `pageRegistry.ts` with intent tags so the AI brain can cite and deep-link it ; write the explanatory layer: source, method, what the number means, what to do next"
1.1,1.1,0.0,0.5,AnnuityExplorerPage,/portal/annuity-explorer,"Insurance, Annuity & Carrier",UPGRADE or fold into library,/portal/carrier-command,153,,0,0,2,0,0,0,True,False,True,,"no real computation — display-only ; no live data — nothing persists, no client record ; no visualisation of the outcome ; thin input surface — cannot model a real scenario ; no client-ready export ; invisible to the AI brain ; orphan URL — reachable only by typing it ; stub depth","extract the math into `shared/<name>Engine.ts` as a pure, deterministic module with a vitest suite ; add a tRPC procedure so scenarios save against the client record ; add projection + sensitivity + comparison charts ; widen inputs to a full scenario (assumptions, ranges, alternatives) ; add branded PDF export with sources and method notes ; register in `pageRegistry.ts` with intent tags so the AI brain can cite and deep-link it ; write the explanatory layer: source, method, what the number means, what to do next ; surface as a tab/accordion inside its hub — keep the URL, drop the top-level nav claim"
1.1,1.1,0.0,0.5,ReferralEnginePage,/portal/referral-engine,Client Management & CRM,UPGRADE or fold into library,/portal/clients,138,,0,0,2,0,0,0,True,False,True,,"no real computation — display-only ; no live data — nothing persists, no client record ; no visualisation of the outcome ; thin input surface — cannot model a real scenario ; no client-ready export ; invisible to the AI brain ; orphan URL — reachable only by typing it ; stub depth","extract the math into `shared/<name>Engine.ts` as a pure, deterministic module with a vitest suite ; add a tRPC procedure so scenarios save against the client record ; add projection + sensitivity + comparison charts ; widen inputs to a full scenario (assumptions, ranges, alternatives) ; add branded PDF export with sources and method notes ; register in `pageRegistry.ts` with intent tags so the AI brain can cite and deep-link it ; write the explanatory layer: source, method, what the number means, what to do next ; surface as a tab/accordion inside its hub — keep the URL, drop the top-level nav claim"
1.1,1.1,0.0,0.5,MarketPulsePage,/portal/market-pulse,Investments & Portfolio,UPGRADE or fold into library,/portal/portfolio-command,134,,0,0,2,0,0,0,True,False,True,,"no real computation — display-only ; no live data — nothing persists, no client record ; no visualisation of the outcome ; thin input surface — cannot model a real scenario ; no client-ready export ; invisible to the AI brain ; orphan URL — reachable only by typing it ; stub depth","extract the math into `shared/<name>Engine.ts` as a pure, deterministic module with a vitest suite ; add a tRPC procedure so scenarios save against the client record ; add projection + sensitivity + comparison charts ; widen inputs to a full scenario (assumptions, ranges, alternatives) ; add branded PDF export with sources and method notes ; register in `pageRegistry.ts` with intent tags so the AI brain can cite and deep-link it ; write the explanatory layer: source, method, what the number means, what to do next ; surface as a tab/accordion inside its hub — keep the URL, drop the top-level nav claim"
1.1,1.1,0.0,0.5,EstatePlanningPage,/portal/estate-planning,"Estate, Trust & Legacy",UPGRADE or fold into library,/portal/estate-command,127,,0,0,3,0,0,0,True,False,True,,"no real computation — display-only ; no live data — nothing persists, no client record ; no visualisation of the outcome ; thin input surface — cannot model a real scenario ; no client-ready export ; invisible to the AI brain ; orphan URL — reachable only by typing it ; stub depth","extract the math into `shared/<name>Engine.ts` as a pure, deterministic module with a vitest suite ; add a tRPC procedure so scenarios save against the client record ; add projection + sensitivity + comparison charts ; widen inputs to a full scenario (assumptions, ranges, alternatives) ; add branded PDF export with sources and method notes ; register in `pageRegistry.ts` with intent tags so the AI brain can cite and deep-link it ; write the explanatory layer: source, method, what the number means, what to do next ; surface as a tab/accordion inside its hub — keep the URL, drop the top-level nav claim"
1.1,1.1,0.0,0.5,MygaWaterfallPage,/portal/myga-waterfall,"Insurance, Annuity & Carrier",UPGRADE or fold into library,/portal/carrier-command,127,,0,0,2,0,0,0,True,False,True,,"no real computation — display-only ; no live data — nothing persists, no client record ; no visualisation of the outcome ; thin input surface — cannot model a real scenario ; no client-ready export ; invisible to the AI brain ; orphan URL — reachable only by typing it ; stub depth","extract the math into `shared/<name>Engine.ts` as a pure, deterministic module with a vitest suite ; add a tRPC procedure so scenarios save against the client record ; add projection + sensitivity + comparison charts ; widen inputs to a full scenario (assumptions, ranges, alternatives) ; add branded PDF export with sources and method notes ; register in `pageRegistry.ts` with intent tags so the AI brain can cite and deep-link it ; write the explanatory layer: source, method, what the number means, what to do next ; surface as a tab/accordion inside its hub — keep the URL, drop the top-level nav claim"
1.1,1.1,0.0,0.5,CryptoCyclePage,/portal/crypto-cycle,Investments & Portfolio,UPGRADE or fold into library,/portal/portfolio-command,125,,0,0,3,0,0,0,True,False,True,,"no real computation — display-only ; no live data — nothing persists, no client record ; no visualisation of the outcome ; thin input surface — cannot model a real scenario ; no client-ready export ; invisible to the AI brain ; orphan URL — reachable only by typing it ; stub depth","extract the math into `shared/<name>Engine.ts` as a pure, deterministic module with a vitest suite ; add a tRPC procedure so scenarios save against the client record ; add projection + sensitivity + comparison charts ; widen inputs to a full scenario (assumptions, ranges, alternatives) ; add branded PDF export with sources and method notes ; register in `pageRegistry.ts` with intent tags so the AI brain can cite and deep-link it ; write the explanatory layer: source, method, what the number means, what to do next ; surface as a tab/accordion inside its hub — keep the URL, drop the top-level nav claim"
1.1,1.1,0.0,0.5,MeetingPrepPage,/portal/meeting-prep,Client Management & CRM,UPGRADE or fold into library,/portal/clients,122,,0,0,2,0,0,0,True,False,True,,"no real computation — display-only ; no live data — nothing persists, no client record ; no visualisation of the outcome ; thin input surface — cannot model a real scenario ; no client-ready export ; invisible to the AI brain ; orphan URL — reachable only by typing it ; stub depth","extract the math into `shared/<name>Engine.ts` as a pure, deterministic module with a vitest suite ; add a tRPC procedure so scenarios save against the client record ; add projection + sensitivity + comparison charts ; widen inputs to a full scenario (assumptions, ranges, alternatives) ; add branded PDF export with sources and method notes ; register in `pageRegistry.ts` with intent tags so the AI brain can cite and deep-link it ; write the explanatory layer: source, method, what the number means, what to do next ; surface as a tab/accordion inside its hub — keep the URL, drop the top-level nav claim"
1.1,1.1,0.0,0.5,TrainingPage,/portal/training,Advisor Practice & Sales Enablement,UPGRADE or fold into library,/portal/practice-command,116,,0,0,2,0,0,0,True,False,True,,"no real computation — display-only ; no live data — nothing persists, no client record ; no visualisation of the outcome ; thin input surface — cannot model a real scenario ; no client-ready export ; invisible to the AI brain ; orphan URL — reachable only by typing it ; stub depth","extract the math into `shared/<name>Engine.ts` as a pure, deterministic module with a vitest suite ; add a tRPC procedure so scenarios save against the client record ; add projection + sensitivity + comparison charts ; widen inputs to a full scenario (assumptions, ranges, alternatives) ; add branded PDF export with sources and method notes ; register in `pageRegistry.ts` with intent tags so the AI brain can cite and deep-link it ; write the explanatory layer: source, method, what the number means, what to do next ; surface as a tab/accordion inside its hub — keep the URL, drop the top-level nav claim"
1.1,1.1,0.0,0.5,SettingsPage,/portal/settings-classic,"Admin, Ops & System",UPGRADE or fold into library,/portal/admin,110,,0,0,2,0,0,0,True,False,True,,"no real computation — display-only ; no live data — nothing persists, no client record ; no visualisation of the outcome ; thin input surface — cannot model a real scenario ; no client-ready export ; invisible to the AI brain ; orphan URL — reachable only by typing it ; stub depth","extract the math into `shared/<name>Engine.ts` as a pure, deterministic module with a vitest suite ; add a tRPC procedure so scenarios save against the client record ; add projection + sensitivity + comparison charts ; widen inputs to a full scenario (assumptions, ranges, alternatives) ; add branded PDF export with sources and method notes ; register in `pageRegistry.ts` with intent tags so the AI brain can cite and deep-link it ; write the explanatory layer: source, method, what the number means, what to do next ; surface as a tab/accordion inside its hub — keep the URL, drop the top-level nav claim"
1.0,1.4,0.4,0.5,LiveCoPilot,/portal/co-pilot,Cross-Cutting Reference Library,UPGRADE or fold into library,/portal/library,282,,1,0,1,0,0,0,True,False,True,ts-nocheck,type checking disabled on the file ; no real computation — display-only ; no visualisation of the outcome ; thin input surface — cannot model a real scenario ; no client-ready export ; invisible to the AI brain ; orphan URL — reachable only by typing it,"extract the math into `shared/<name>Engine.ts` as a pure, deterministic module with a vitest suite ; add projection + sensitivity + comparison charts ; widen inputs to a full scenario (assumptions, ranges, alternatives) ; add branded PDF export with sources and method notes ; register in `pageRegistry.ts` with intent tags so the AI brain can cite and deep-link it ; surface as a tab/accordion inside its hub — keep the URL, drop the top-level nav claim"
0.7,0.7,0.0,0.3,VideoLibrary,/portal/video-library,Cross-Cutting Reference Library,UPGRADE or fold into library,/portal/library,235,,0,0,1,0,0,0,True,False,True,,"no real computation — display-only ; no live data — nothing persists, no client record ; no visualisation of the outcome ; thin input surface — cannot model a real scenario ; no client-ready export ; invisible to the AI brain ; orphan URL — reachable only by typing it ; stub depth","extract the math into `shared/<name>Engine.ts` as a pure, deterministic module with a vitest suite ; add a tRPC procedure so scenarios save against the client record ; add projection + sensitivity + comparison charts ; widen inputs to a full scenario (assumptions, ranges, alternatives) ; add branded PDF export with sources and method notes ; register in `pageRegistry.ts` with intent tags so the AI brain can cite and deep-link it ; write the explanatory layer: source, method, what the number means, what to do next ; surface as a tab/accordion inside its hub — keep the URL, drop the top-level nav claim"
0.7,0.7,0.0,0.3,DivorceILITStrategyPage,/portal/divorce-ilit,"Risk, Divorce & Protection",UPGRADE or fold into library,/portal/risk-command,205,,0,0,1,0,0,0,True,False,True,,"no real computation — display-only ; no live data — nothing persists, no client record ; no visualisation of the outcome ; thin input surface — cannot model a real scenario ; no client-ready export ; invisible to the AI brain ; orphan URL — reachable only by typing it ; stub depth","extract the math into `shared/<name>Engine.ts` as a pure, deterministic module with a vitest suite ; add a tRPC procedure so scenarios save against the client record ; add projection + sensitivity + comparison charts ; widen inputs to a full scenario (assumptions, ranges, alternatives) ; add branded PDF export with sources and method notes ; register in `pageRegistry.ts` with intent tags so the AI brain can cite and deep-link it ; write the explanatory layer: source, method, what the number means, what to do next ; surface as a tab/accordion inside its hub — keep the URL, drop the top-level nav claim"
0.7,0.7,0.0,0.3,ComplianceVaultPage,/portal/compliance-vault,Advisor Practice & Sales Enablement,UPGRADE or fold into library,/portal/practice-command,184,,0,0,1,0,0,0,True,False,True,,"no real computation — display-only ; no live data — nothing persists, no client record ; no visualisation of the outcome ; thin input surface — cannot model a real scenario ; no client-ready export ; invisible to the AI brain ; orphan URL — reachable only by typing it ; stub depth","extract the math into `shared/<name>Engine.ts` as a pure, deterministic module with a vitest suite ; add a tRPC procedure so scenarios save against the client record ; add projection + sensitivity + comparison charts ; widen inputs to a full scenario (assumptions, ranges, alternatives) ; add branded PDF export with sources and method notes ; register in `pageRegistry.ts` with intent tags so the AI brain can cite and deep-link it ; write the explanatory layer: source, method, what the number means, what to do next ; surface as a tab/accordion inside its hub — keep the URL, drop the top-level nav claim"
0.7,1.1,0.4,0.7,TheBrotherhood,/portal/the-brotherhood,Tax Strategy,UPGRADE or fold into library,/portal/tax-command,151,,0,0,3,0,0,0,True,True,True,ts-nocheck,"type checking disabled on the file ; no real computation — display-only ; no live data — nothing persists, no client record ; no visualisation of the outcome ; thin input surface — cannot model a real scenario ; no client-ready export ; invisible to the AI brain ; stub depth","extract the math into `shared/<name>Engine.ts` as a pure, deterministic module with a vitest suite ; add a tRPC procedure so scenarios save against the client record ; add projection + sensitivity + comparison charts ; widen inputs to a full scenario (assumptions, ranges, alternatives) ; add branded PDF export with sources and method notes ; register in `pageRegistry.ts` with intent tags so the AI brain can cite and deep-link it ; write the explanatory layer: source, method, what the number means, what to do next"
0.7,0.7,0.0,0.3,RetirementOpportunitiesPage,/portal/retirement-opportunities,Retirement Income & Drawdown,UPGRADE or fold into library,/portal/ecological-drivers,148,,0,0,0,0,0,0,True,False,True,,"no real computation — display-only ; no live data — nothing persists, no client record ; no visualisation of the outcome ; thin input surface — cannot model a real scenario ; no client-ready export ; invisible to the AI brain ; orphan URL — reachable only by typing it ; stub depth","extract the math into `shared/<name>Engine.ts` as a pure, deterministic module with a vitest suite ; add a tRPC procedure so scenarios save against the client record ; add projection + sensitivity + comparison charts ; widen inputs to a full scenario (assumptions, ranges, alternatives) ; add branded PDF export with sources and method notes ; register in `pageRegistry.ts` with intent tags so the AI brain can cite and deep-link it ; write the explanatory layer: source, method, what the number means, what to do next ; surface as a tab/accordion inside its hub — keep the URL, drop the top-level nav claim"
0.7,0.7,0.0,0.7,TrustsPage,/portal/trusts,"Estate, Trust & Legacy",UPGRADE or fold into library,/portal/estate-command,144,,0,0,0,0,0,0,True,True,True,,"no real computation — display-only ; no live data — nothing persists, no client record ; no visualisation of the outcome ; thin input surface — cannot model a real scenario ; no client-ready export ; invisible to the AI brain ; stub depth","extract the math into `shared/<name>Engine.ts` as a pure, deterministic module with a vitest suite ; add a tRPC procedure so scenarios save against the client record ; add projection + sensitivity + comparison charts ; widen inputs to a full scenario (assumptions, ranges, alternatives) ; add branded PDF export with sources and method notes ; register in `pageRegistry.ts` with intent tags so the AI brain can cite and deep-link it ; write the explanatory layer: source, method, what the number means, what to do next"
0.7,0.7,0.0,0.7,FactFinderPage,/fact-finder,"Discovery, Calibration & Onboarding",UPGRADE or fold into library,/portal/onboarding,104,,0,0,1,0,0,0,True,True,True,,"no real computation — display-only ; no live data — nothing persists, no client record ; no visualisation of the outcome ; thin input surface — cannot model a real scenario ; no client-ready export ; invisible to the AI brain ; stub depth","extract the math into `shared/<name>Engine.ts` as a pure, deterministic module with a vitest suite ; add a tRPC procedure so scenarios save against the client record ; add projection + sensitivity + comparison charts ; widen inputs to a full scenario (assumptions, ranges, alternatives) ; add branded PDF export with sources and method notes ; register in `pageRegistry.ts` with intent tags so the AI brain can cite and deep-link it ; write the explanatory layer: source, method, what the number means, what to do next"
0.7,0.7,0.0,0.3,IulProjectionPage,/portal/iul-projection,IUL & Policy Engineering,UPGRADE or fold into library,/portal/time-machine-calculator,103,,0,0,1,0,0,0,True,False,True,,"no real computation — display-only ; no live data — nothing persists, no client record ; no visualisation of the outcome ; thin input surface — cannot model a real scenario ; no client-ready export ; invisible to the AI brain ; orphan URL — reachable only by typing it ; stub depth","extract the math into `shared/<name>Engine.ts` as a pure, deterministic module with a vitest suite ; add a tRPC procedure so scenarios save against the client record ; add projection + sensitivity + comparison charts ; widen inputs to a full scenario (assumptions, ranges, alternatives) ; add branded PDF export with sources and method notes ; register in `pageRegistry.ts` with intent tags so the AI brain can cite and deep-link it ; write the explanatory layer: source, method, what the number means, what to do next ; surface as a tab/accordion inside its hub — keep the URL, drop the top-level nav claim"
0.7,0.7,0.0,0.1,StrategyLabPage,,Scenario Lab & Comparison,MERGE into canonical version,StrategyLab,96,,0,0,1,0,0,0,False,False,True,,"no real computation — display-only ; no live data — nothing persists, no client record ; no visualisation of the outcome ; thin input surface — cannot model a real scenario ; no client-ready export ; invisible to the AI brain ; orphan URL — reachable only by typing it ; stub depth","extract the math into `shared/<name>Engine.ts` as a pure, deterministic module with a vitest suite ; add a tRPC procedure so scenarios save against the client record ; add projection + sensitivity + comparison charts ; widen inputs to a full scenario (assumptions, ranges, alternatives) ; add branded PDF export with sources and method notes ; register in `pageRegistry.ts` with intent tags so the AI brain can cite and deep-link it ; write the explanatory layer: source, method, what the number means, what to do next ; surface as a tab/accordion inside its hub — keep the URL, drop the top-level nav claim"
0.7,0.7,0.0,0.3,RealEstatePage,/portal/real-estate,Real Estate Intelligence,UPGRADE or fold into library,/portal/real-estate-mogul,93,,0,0,1,0,0,0,True,False,True,,"no real computation — display-only ; no live data — nothing persists, no client record ; no visualisation of the outcome ; thin input surface — cannot model a real scenario ; no client-ready export ; invisible to the AI brain ; orphan URL — reachable only by typing it ; stub depth","extract the math into `shared/<name>Engine.ts` as a pure, deterministic module with a vitest suite ; add a tRPC procedure so scenarios save against the client record ; add projection + sensitivity + comparison charts ; widen inputs to a full scenario (assumptions, ranges, alternatives) ; add branded PDF export with sources and method notes ; register in `pageRegistry.ts` with intent tags so the AI brain can cite and deep-link it ; write the explanatory layer: source, method, what the number means, what to do next ; surface as a tab/accordion inside its hub — keep the URL, drop the top-level nav claim"
0.7,0.7,0.0,0.3,AIMeetingNotes,/portal/ai-meeting-notes,Client Management & CRM,UPGRADE or fold into library,/portal/clients,32,,0,0,0,0,0,0,True,False,True,,"no real computation — display-only ; no live data — nothing persists, no client record ; no visualisation of the outcome ; thin input surface — cannot model a real scenario ; no client-ready export ; invisible to the AI brain ; orphan URL — reachable only by typing it ; stub depth","extract the math into `shared/<name>Engine.ts` as a pure, deterministic module with a vitest suite ; add a tRPC procedure so scenarios save against the client record ; add projection + sensitivity + comparison charts ; widen inputs to a full scenario (assumptions, ranges, alternatives) ; add branded PDF export with sources and method notes ; register in `pageRegistry.ts` with intent tags so the AI brain can cite and deep-link it ; write the explanatory layer: source, method, what the number means, what to do next ; surface as a tab/accordion inside its hub — keep the URL, drop the top-level nav claim"
0.7,0.7,0.0,0.3,AdministratorPortal,/administrator,"Admin, Ops & System",UPGRADE or fold into library,/portal/admin,29,,0,0,0,0,0,0,True,False,True,,"no real computation — display-only ; no live data — nothing persists, no client record ; no visualisation of the outcome ; thin input surface — cannot model a real scenario ; no client-ready export ; invisible to the AI brain ; orphan URL — reachable only by typing it ; stub depth","extract the math into `shared/<name>Engine.ts` as a pure, deterministic module with a vitest suite ; add a tRPC procedure so scenarios save against the client record ; add projection + sensitivity + comparison charts ; widen inputs to a full scenario (assumptions, ranges, alternatives) ; add branded PDF export with sources and method notes ; register in `pageRegistry.ts` with intent tags so the AI brain can cite and deep-link it ; write the explanatory layer: source, method, what the number means, what to do next ; surface as a tab/accordion inside its hub — keep the URL, drop the top-level nav claim"
0.7,0.7,0.0,0.3,Billing,/portal/billing,"Admin, Ops & System",UPGRADE or fold into library,/portal/admin,26,,0,0,0,0,0,0,True,False,True,,"no real computation — display-only ; no live data — nothing persists, no client record ; no visualisation of the outcome ; thin input surface — cannot model a real scenario ; no client-ready export ; invisible to the AI brain ; orphan URL — reachable only by typing it ; stub depth","extract the math into `shared/<name>Engine.ts` as a pure, deterministic module with a vitest suite ; add a tRPC procedure so scenarios save against the client record ; add projection + sensitivity + comparison charts ; widen inputs to a full scenario (assumptions, ranges, alternatives) ; add branded PDF export with sources and method notes ; register in `pageRegistry.ts` with intent tags so the AI brain can cite and deep-link it ; write the explanatory layer: source, method, what the number means, what to do next ; surface as a tab/accordion inside its hub — keep the URL, drop the top-level nav claim"
0.5,1.1,1.2,0.2,DivorceCalculatorPage,/portal/divorce-recovery,"Risk, Divorce & Protection",MERGE into canonical version,DivorceCalculator,179,,0,0,4,0,0,0,True,False,True,fabricated-constant,"carries invented constants marked Simplified/Assumed in place of real limits ; no real computation — display-only ; no live data — nothing persists, no client record ; no visualisation of the outcome ; thin input surface — cannot model a real scenario ; no client-ready export ; invisible to the AI brain ; orphan URL — reachable only by typing it ; stub depth","extract the math into `shared/<name>Engine.ts` as a pure, deterministic module with a vitest suite ; add a tRPC procedure so scenarios save against the client record ; add projection + sensitivity + comparison charts ; widen inputs to a full scenario (assumptions, ranges, alternatives) ; add branded PDF export with sources and method notes ; register in `pageRegistry.ts` with intent tags so the AI brain can cite and deep-link it ; write the explanatory layer: source, method, what the number means, what to do next ; surface as a tab/accordion inside its hub — keep the URL, drop the top-level nav claim"
0.5,1.0,1.4,0.5,TheMirror,/portal/the-mirror,Cross-Cutting Reference Library,UPGRADE or fold into library,/portal/library,175,,0,3,0,0,0,0,True,True,True,ts-nocheck|literal-chart-data,"type checking disabled on the file ; chart is fed a literal array — the picture is decorative, not computed ; no real computation — display-only ; no live data — nothing persists, no client record ; thin input surface — cannot model a real scenario ; no client-ready export ; invisible to the AI brain ; stub depth","extract the math into `shared/<name>Engine.ts` as a pure, deterministic module with a vitest suite ; add a tRPC procedure so scenarios save against the client record ; add projection + sensitivity + comparison charts ; widen inputs to a full scenario (assumptions, ranges, alternatives) ; add branded PDF export with sources and method notes ; register in `pageRegistry.ts` with intent tags so the AI brain can cite and deep-link it ; write the explanatory layer: source, method, what the number means, what to do next"
0.5,0.7,0.4,0.5,TheField,/portal/the-field,Cross-Cutting Reference Library,UPGRADE or fold into library,/portal/library,168,,0,0,1,0,0,0,True,True,True,ts-nocheck,"type checking disabled on the file ; no real computation — display-only ; no live data — nothing persists, no client record ; no visualisation of the outcome ; thin input surface — cannot model a real scenario ; no client-ready export ; invisible to the AI brain ; stub depth","extract the math into `shared/<name>Engine.ts` as a pure, deterministic module with a vitest suite ; add a tRPC procedure so scenarios save against the client record ; add projection + sensitivity + comparison charts ; widen inputs to a full scenario (assumptions, ranges, alternatives) ; add branded PDF export with sources and method notes ; register in `pageRegistry.ts` with intent tags so the AI brain can cite and deep-link it ; write the explanatory layer: source, method, what the number means, what to do next"
0.5,0.7,0.4,0.1,GenomeKit,,"Discovery, Calibration & Onboarding",UPGRADE or fold into library,/portal/onboarding,114,,0,0,0,0,0,0,False,False,True,ts-nocheck,"type checking disabled on the file ; no real computation — display-only ; no live data — nothing persists, no client record ; no visualisation of the outcome ; thin input surface — cannot model a real scenario ; no client-ready export ; invisible to the AI brain ; orphan URL — reachable only by typing it ; stub depth","extract the math into `shared/<name>Engine.ts` as a pure, deterministic module with a vitest suite ; add a tRPC procedure so scenarios save against the client record ; add projection + sensitivity + comparison charts ; widen inputs to a full scenario (assumptions, ranges, alternatives) ; add branded PDF export with sources and method notes ; register in `pageRegistry.ts` with intent tags so the AI brain can cite and deep-link it ; write the explanatory layer: source, method, what the number means, what to do next ; surface as a tab/accordion inside its hub — keep the URL, drop the top-level nav claim"
0.5,0.7,1.2,0.2,WhisperCoachPage,/portal/whisper-coach,AI Brain & Intelligence,UPGRADE or fold into library,/portal/ai-brain-hub,37,,0,0,0,0,0,0,True,False,True,fabricated-constant,"carries invented constants marked Simplified/Assumed in place of real limits ; no real computation — display-only ; no live data — nothing persists, no client record ; no visualisation of the outcome ; thin input surface — cannot model a real scenario ; no client-ready export ; invisible to the AI brain ; orphan URL — reachable only by typing it ; stub depth","extract the math into `shared/<name>Engine.ts` as a pure, deterministic module with a vitest suite ; add a tRPC procedure so scenarios save against the client record ; add projection + sensitivity + comparison charts ; widen inputs to a full scenario (assumptions, ranges, alternatives) ; add branded PDF export with sources and method notes ; register in `pageRegistry.ts` with intent tags so the AI brain can cite and deep-link it ; write the explanatory layer: source, method, what the number means, what to do next ; surface as a tab/accordion inside its hub — keep the URL, drop the top-level nav claim"
