component,route,plan_score,plan_verdict,plan_layer,plan_role,plan_parent,plan_tier,my_value,my_built,my_disposition,my_hub,defective,flags,plan_enhance,my_upgrade
BusinessOwnerPlanning,/portal/business-owner,10.0,KEEP-L1,L1 — Platform,STANDALONE,—,Business Owner / Entity,6.6,8.0,EMBED — accordion section,Business & Succession,False,literal-chart-data,To 10: add a discovery question to open the conversation.,add branded PDF export with sources and method notes ; register in `pageRegistry.ts` with intent tags so the AI brain can cite and deep-link it
PracticeWealthSync,/portal/practice-sync,10.0,KEEP-L1,L1 — Platform,STANDALONE,—,Business Owner / Entity,1.8,2.2,UPGRADE or fold into library,"Admin, Ops & System",False,,To 10: add a discovery question to open the conversation.,"extract the math into `shared/<name>Engine.ts` as a pure, deterministic module with a vitest suite ; add projection + sensitivity + comparison charts"
SuccessionPlanningWizard,/portal/succession-planning,10.0,KEEP-L1,L1 — Platform,PARENT,—,Business Owner / Entity,7.6,8.0,EMBED — named tab,"Estate, Trust & Legacy",False,,To 10: add a discovery question to open the conversation.,add branded PDF export with sources and method notes ; register in `pageRegistry.ts` with intent tags so the AI brain can cite and deep-link it
AISlideGenerator,/portal/ai-slides,10.0,KEEP-L1,L1 — Platform,TOGGLE,SeminarGenerator,Client Sales Tool,6.7,7.1,EMBED — accordion section,Advisor Practice & Sales Enablement,False,,To 10: add a discovery question to open the conversation.,add branded PDF export with sources and method notes ; register in `pageRegistry.ts` with intent tags so the AI brain can cite and deep-link it
AiStrategyRecommender,/portal/ai-recommender,10.0,KEEP-L1,L1 — Platform,STANDALONE,—,Client Sales Tool,6.5,8.1,EMBED — accordion section,AI Brain & Intelligence,False,fabricated-constant,To 10: add a discovery question to open the conversation.,add branded PDF export with sources and method notes ; register in `pageRegistry.ts` with intent tags so the AI brain can cite and deep-link it
BatchIllustration,/portal/batch-illustration,10.0,KEEP-L1,L1 — Platform,TOGGLE,IllustrationCompare,Client Sales Tool,7.0,7.4,EMBED — named tab,IUL & Policy Engineering,False,,To 10: add a discovery question to open the conversation.,"extract the math into `shared/<name>Engine.ts` as a pure, deterministic module with a vitest suite ; add branded PDF export with sources and method notes"
BatchSlides,/portal/batch-slides,10.0,KEEP-L1,L1 — Platform,TOGGLE,SeminarGenerator,Client Sales Tool,8.0,8.4,EMBED — named tab,Advisor Practice & Sales Enablement,False,,To 10: add a discovery question to open the conversation.,add branded PDF export with sources and method notes ; register in `pageRegistry.ts` with intent tags so the AI brain can cite and deep-link it
CarrierComparison,/portal/carrier-comparison,10.0,KEEP-L1,L1 — Platform,TOGGLE,IllustrationCompare,Client Sales Tool,5.4,7.3,EMBED — accordion section,"Insurance, Annuity & Carrier",True,frozen-chart,To 10: add a discovery question to open the conversation.,"widen inputs to a full scenario (assumptions, ranges, alternatives) ; add branded PDF export with sources and method notes"
CarrierQuotes,/portal/quotes,10.0,KEEP-L1,L1 — Platform,TOGGLE,IllustrationCompare,Client Sales Tool,7.0,7.4,EMBED — named tab,"Insurance, Annuity & Carrier",False,,To 10: add a discovery question to open the conversation.,"extract the math into `shared/<name>Engine.ts` as a pure, deterministic module with a vitest suite ; register in `pageRegistry.ts` with intent tags so the AI brain can cite and deep-link it"
ClientComparison,/portal/client-comparison,10.0,KEEP-L1,L1 — Platform,STANDALONE,—,Client Sales Tool,5.6,7.2,EMBED — accordion section,Mortgage & Debt Elimination,False,fabricated-constant,To 10: add a discovery question to open the conversation.,"extract the math into `shared/<name>Engine.ts` as a pure, deterministic module with a vitest suite ; register in `pageRegistry.ts` with intent tags so the AI brain can cite and deep-link it"
ClientIntakeInterview,/portal/client-intake,10.0,KEEP-L1,L1 — Platform,STANDALONE,—,Client Sales Tool,4.0,5.9,EMBED — reference card,Mortgage & Debt Elimination,True,frozen-chart,To 10: tie the output explicitly to an IUL solution.,"extract the math into `shared/<name>Engine.ts` as a pure, deterministic module with a vitest suite ; widen inputs to a full scenario (assumptions, ranges, alternatives)"
IllustrationCompare,/portal/illustration-compare,10.0,KEEP-L1,L1 — Platform,PARENT,—,Client Sales Tool,8.0,8.4,EMBED — named tab,IUL & Policy Engineering,False,,To 10: add a discovery question to open the conversation.,add branded PDF export with sources and method notes ; register in `pageRegistry.ts` with intent tags so the AI brain can cite and deep-link it
IndexStrategyComparison,/portal/index-strategies,10.0,KEEP-L1,L1 — Platform,STANDALONE,—,Client Sales Tool,7.2,8.6,EMBED — named tab,Investments & Portfolio,False,literal-chart-data,To 10: add a discovery question to open the conversation.,"register in `pageRegistry.ts` with intent tags so the AI brain can cite and deep-link it ; surface as a tab/accordion inside its hub — keep the URL, drop the top-level nav claim"
MySlides,/portal/my-slides,10.0,KEEP-L1,L1 — Platform,TOGGLE,SeminarGenerator,Client Sales Tool,4.8,6.7,EMBED — reference card,Advisor Practice & Sales Enablement,True,frozen-chart,To 10: add a discovery question to open the conversation.,"extract the math into `shared/<name>Engine.ts` as a pure, deterministic module with a vitest suite ; add branded PDF export with sources and method notes"
PresentationBuilder,/portal/presentation-builder,10.0,KEEP-L1,L1 — Platform,TOGGLE,SeminarGenerator,Client Sales Tool,7.1,7.5,EMBED — named tab,Advisor Practice & Sales Enablement,False,,To 10: add a discovery question to open the conversation.,"extract the math into `shared/<name>Engine.ts` as a pure, deterministic module with a vitest suite ; register in `pageRegistry.ts` with intent tags so the AI brain can cite and deep-link it"
QuickQuote,/portal/quick-quote,10.0,KEEP-L1,L1 — Platform,TOGGLE,IllustrationCompare,Client Sales Tool,6.4,8.3,EMBED — accordion section,"Insurance, Annuity & Carrier",True,frozen-chart,To 10: add a discovery question to open the conversation.,add branded PDF export with sources and method notes ; register in `pageRegistry.ts` with intent tags so the AI brain can cite and deep-link it
Recommendations,/portal/recommendations,10.0,KEEP-L1,L1 — Platform,STANDALONE,—,Client Sales Tool,5.3,5.7,EMBED — accordion section,AI Brain & Intelligence,False,,To 10: add a discovery question to open the conversation.,"add a tRPC procedure so scenarios save against the client record ; widen inputs to a full scenario (assumptions, ranges, alternatives)"
SalesStoryBuilder,/portal/sales-story,10.0,KEEP-L1,L1 — Platform,PARENT,—,Client Sales Tool,6.6,7.0,EMBED — accordion section,Advisor Practice & Sales Enablement,False,,To 10: add a discovery question to open the conversation.,"extract the math into `shared/<name>Engine.ts` as a pure, deterministic module with a vitest suite ; widen inputs to a full scenario (assumptions, ranges, alternatives)"
SeminarGenerator,/portal/seminar-generator,10.0,KEEP-L1,L1 — Platform,PARENT,—,Client Sales Tool,5.4,6.8,EMBED — accordion section,Advisor Practice & Sales Enablement,False,literal-chart-data,To 10: add a discovery question to open the conversation.,"extract the math into `shared/<name>Engine.ts` as a pure, deterministic module with a vitest suite ; add branded PDF export with sources and method notes"
StrategyCompare,,10.0,KEEP-L1,L1 — Platform,STANDALONE,—,Client Sales Tool,8.0,8.4,EMBED — named tab,Scenario Lab & Comparison,False,,To 10: add a discovery question to open the conversation.,add branded PDF export with sources and method notes ; register in `pageRegistry.ts` with intent tags so the AI brain can cite and deep-link it
BeneficiaryOptimization,/portal/beneficiary-optimization,10.0,KEEP-L1,L1 — Platform,STANDALONE,—,Estate / Legacy,8.0,8.4,EMBED — named tab,"Estate, Trust & Legacy",False,,To 10: add a discovery question to open the conversation.,add branded PDF export with sources and method notes ; register in `pageRegistry.ts` with intent tags so the AI brain can cite and deep-link it
EstateDocumentGenerator,/portal/estate-document-gen,10.0,KEEP-L1,L1 — Platform,TOGGLE,EstateFlowChart,Estate / Legacy,4.0,5.9,EMBED — reference card,"Estate, Trust & Legacy",True,frozen-chart,To 10: add a discovery question to open the conversation.,"extract the math into `shared/<name>Engine.ts` as a pure, deterministic module with a vitest suite ; widen inputs to a full scenario (assumptions, ranges, alternatives)"
EstateFlowChart,/portal/estate-flow,10.0,KEEP-L1,L1 — Platform,PARENT,—,Estate / Legacy,6.9,8.3,EMBED — accordion section,"Estate, Trust & Legacy",False,literal-chart-data,To 10: add a discovery question to open the conversation.,add branded PDF export with sources and method notes ; register in `pageRegistry.ts` with intent tags so the AI brain can cite and deep-link it
EstateTax,/portal/estate-tax,10.0,KEEP-L1,L1 — Platform,PARENT,—,Estate / Legacy,6.0,6.4,EMBED — accordion section,Tax Strategy,False,,To 10: add a discovery question to open the conversation.,"widen inputs to a full scenario (assumptions, ranges, alternatives) ; add branded PDF export with sources and method notes"
Integrations,/portal/integrations,10.0,KEEP-L1,L1 — Platform,STANDALONE,—,Estate / Legacy,6.6,7.0,EMBED — accordion section,"Admin, Ops & System",False,,To 10: add a discovery question to open the conversation.,"extract the math into `shared/<name>Engine.ts` as a pure, deterministic module with a vitest suite ; add branded PDF export with sources and method notes"
MultiGenWealthTransfer,/portal/multi-gen-wealth,10.0,KEEP-L1,L1 — Platform,PARENT,—,Estate / Legacy,8.7,9.1,PROMOTE — hub / top nav,"Estate, Trust & Legacy",False,,To 10: add a discovery question to open the conversation.,"add branded PDF export with sources and method notes ; surface as a tab/accordion inside its hub — keep the URL, drop the top-level nav claim"
RealEstateMogul,/portal/real-estate-mogul,10.0,KEEP-L1,L1 — Platform,STANDALONE,—,Estate / Legacy,5.7,8.3,EMBED — accordion section,Real Estate Intelligence,False,fabricated-constant|literal-chart-data,To 10: add a discovery question to open the conversation.,add branded PDF export with sources and method notes ; register in `pageRegistry.ts` with intent tags so the AI brain can cite and deep-link it
SlackIntegration,/portal/slack,10.0,KEEP-L1,L1 — Platform,STANDALONE,—,Estate / Legacy,5.1,5.5,EMBED — accordion section,"Admin, Ops & System",False,,To 10: add a discovery question to open the conversation.,"extract the math into `shared/<name>Engine.ts` as a pure, deterministic module with a vitest suite ; add branded PDF export with sources and method notes"
AnnuityAccumulationDB,/portal/annuity-accumulation-db,10.0,KEEP-L1,L1 — Platform,TOGGLE,ExistingAnnuities,Guaranteed Income / Annuity,6.1,6.5,EMBED — accordion section,"Insurance, Annuity & Carrier",False,,To 10: add a discovery question to open the conversation.,add branded PDF export with sources and method notes ; register in `pageRegistry.ts` with intent tags so the AI brain can cite and deep-link it
AnnuityMemory,/portal/annuity-memory,10.0,KEEP-L1,L1 — Platform,TOGGLE,ExistingAnnuities,Guaranteed Income / Annuity,7.6,8.0,EMBED — named tab,"Insurance, Annuity & Carrier",False,,To 10: add a discovery question to open the conversation.,add branded PDF export with sources and method notes ; register in `pageRegistry.ts` with intent tags so the AI brain can cite and deep-link it
ExistingAnnuities,/portal/existing-annuities,10.0,KEEP-L1,L1 — Platform,PARENT,—,Guaranteed Income / Annuity,4.8,6.2,EMBED — reference card,"Insurance, Annuity & Carrier",False,literal-chart-data,To 10: add a discovery question to open the conversation.,add branded PDF export with sources and method notes ; register in `pageRegistry.ts` with intent tags so the AI brain can cite and deep-link it
FIATop10,/portal/fia-top10,10.0,KEEP-L1,L1 — Platform,TOGGLE,ExistingAnnuities,Guaranteed Income / Annuity,6.6,8.0,EMBED — accordion section,"Insurance, Annuity & Carrier",False,literal-chart-data,To 10: add a discovery question to open the conversation.,add branded PDF export with sources and method notes ; register in `pageRegistry.ts` with intent tags so the AI brain can cite and deep-link it
GrowthAnnuities,/portal/growth-annuities,10.0,KEEP-L1,L1 — Platform,TOGGLE,ExistingAnnuities,Guaranteed Income / Annuity,6.7,7.1,EMBED — accordion section,"Insurance, Annuity & Carrier",False,,To 10: add a discovery question to open the conversation.,"widen inputs to a full scenario (assumptions, ranges, alternatives) ; register in `pageRegistry.ts` with intent tags so the AI brain can cite and deep-link it"
IncomeAnnuityTop10,/portal/income-annuity-top10,10.0,KEEP-L1,L1 — Platform,TOGGLE,WithdrawalSequencing,Guaranteed Income / Annuity,7.1,7.5,EMBED — named tab,"Insurance, Annuity & Carrier",False,,To 10: add a discovery question to open the conversation.,"widen inputs to a full scenario (assumptions, ranges, alternatives) ; add branded PDF export with sources and method notes"
EcologicalDrivers,/portal/ecological-drivers,10.0,KEEP-L1,L1 — Platform,STANDALONE,—,IUL Core,4.5,5.9,EMBED — reference card,Retirement Income & Drawdown,False,literal-chart-data,To 10: tie the output explicitly to an IUL solution.,"extract the math into `shared/<name>Engine.ts` as a pure, deterministic module with a vitest suite ; widen inputs to a full scenario (assumptions, ranges, alternatives)"
IULHistoricalPerformance,/portal/iul-historical,10.0,KEEP-L1,L1 — Platform,STANDALONE,—,IUL Core,8.0,8.4,EMBED — named tab,IUL & Policy Engineering,False,,To 10: add a discovery question to open the conversation.,add branded PDF export with sources and method notes ; register in `pageRegistry.ts` with intent tags so the AI brain can cite and deep-link it
IULvsRoth,/portal/iul-vs-roth,10.0,KEEP-L1,L1 — Platform,TOGGLE,RothConversionSTR,IUL Core,7.3,8.7,EMBED — named tab,Tax Strategy,False,literal-chart-data,To 10: add a discovery question to open the conversation.,"register in `pageRegistry.ts` with intent tags so the AI brain can cite and deep-link it ; surface as a tab/accordion inside its hub — keep the URL, drop the top-level nav claim"
LivingBenefitsProbability,/portal/living-benefits,10.0,KEEP-L1,L1 — Platform,PARENT,—,IUL Core,2.1,2.5,UPGRADE or fold into library,Cross-Cutting Reference Library,False,,To 10: add a discovery question to open the conversation.,"extract the math into `shared/<name>Engine.ts` as a pure, deterministic module with a vitest suite ; add projection + sensitivity + comparison charts"
PolicyLoans,/portal/policy-loans,10.0,KEEP-L1,L1 — Platform,TOGGLE,PolicyReviewChecklist,IUL Core,7.5,7.9,EMBED — named tab,Mortgage & Debt Elimination,False,,To 10: add a discovery question to open the conversation.,add branded PDF export with sources and method notes ; register in `pageRegistry.ts` with intent tags so the AI brain can cite and deep-link it
AIPolicyReviewGap,/portal/ai-policy-review,10.0,KEEP-L1,L1 — Platform,TOGGLE,PolicyReviewChecklist,Insurance (other),7.3,7.7,EMBED — named tab,IUL & Policy Engineering,False,,To 10: add a discovery question to open the conversation.,"widen inputs to a full scenario (assumptions, ranges, alternatives) ; add branded PDF export with sources and method notes"
PolicyReview,/portal/policy-review,10.0,KEEP-L1,L1 — Platform,TOGGLE,PolicyReviewChecklist,Insurance (other),7.5,7.9,EMBED — named tab,IUL & Policy Engineering,False,,To 10: add a discovery question to open the conversation.,"widen inputs to a full scenario (assumptions, ranges, alternatives) ; add branded PDF export with sources and method notes"
PolicyReviewChecklist,/portal/policy-review-checklist,10.0,KEEP-L1,L1 — Platform,PARENT,—,Insurance (other),5.5,5.9,EMBED — accordion section,IUL & Policy Engineering,False,,To 10: add a discovery question to open the conversation.,"extract the math into `shared/<name>Engine.ts` as a pure, deterministic module with a vitest suite ; widen inputs to a full scenario (assumptions, ranges, alternatives)"
CaptiveInsuranceIUL,/portal/captive-iul,10.0,KEEP-L1,L1 — Platform,PARENT,—,Large-Case Structure,2.5,2.9,UPGRADE or fold into library,IUL & Policy Engineering,False,,To 10: add a discovery question to open the conversation.,"extract the math into `shared/<name>Engine.ts` as a pure, deterministic module with a vitest suite ; add projection + sensitivity + comparison charts"
FIACollateralStrategy,/portal/fia-collateral,10.0,KEEP-L1,L1 — Platform,TOGGLE,PremiumFinancing,Premium Financing / Leverage,4.2,4.6,EMBED — reference card,"Insurance, Annuity & Carrier",False,,To 10: wire it to live client/carrier data.,"add a tRPC procedure so scenarios save against the client record ; widen inputs to a full scenario (assumptions, ranges, alternatives)"
PremiumFinancing,/portal/premium-financing,10.0,KEEP-L1,L1 — Platform,PARENT,—,Premium Financing / Leverage,7.2,7.6,EMBED — named tab,IUL & Policy Engineering,False,,To 10: add a discovery question to open the conversation.,add branded PDF export with sources and method notes ; register in `pageRegistry.ts` with intent tags so the AI brain can cite and deep-link it
PremiumFinancingArbitrage,/portal/premium-financing-arbitrage,10.0,KEEP-L1,L1 — Platform,TOGGLE,PremiumFinancing,Premium Financing / Leverage,2.5,2.9,UPGRADE or fold into library,IUL & Policy Engineering,False,,To 10: add a discovery question to open the conversation.,"extract the math into `shared/<name>Engine.ts` as a pure, deterministic module with a vitest suite ; add projection + sensitivity + comparison charts"
ReverseHeloc,/portal/reverse-heloc,10.0,KEEP-L1,L1 — Platform,PARENT,—,Premium Financing / Leverage,6.4,6.8,EMBED — accordion section,Mortgage & Debt Elimination,False,,To 10: add a discovery question to open the conversation.,"widen inputs to a full scenario (assumptions, ranges, alternatives) ; add branded PDF export with sources and method notes"
ReverseMortgageCalc,/portal/reverse-mortgage,10.0,KEEP-L1,L1 — Platform,TOGGLE,ReverseHeloc,Premium Financing / Leverage,0.5,1.9,UPGRADE or fold into library,Mortgage & Debt Elimination,False,fabricated-constant,To 10: wire it to live client/carrier data.,"extract the math into `shared/<name>Engine.ts` as a pure, deterministic module with a vitest suite ; add a tRPC procedure so scenarios save against the client record"
MedicareIRMAA,/portal/medicare-irmaa,10.0,KEEP-L1,L1 — Platform,PARENT,—,Tax / Income Lever,8.0,8.4,EMBED — named tab,Tax Strategy,False,,To 10: add a discovery question to open the conversation.,add branded PDF export with sources and method notes ; register in `pageRegistry.ts` with intent tags so the AI brain can cite and deep-link it
RothConversionSTR,/portal/roth-conversion,10.0,KEEP-L1,L1 — Platform,PARENT,—,Tax / Income Lever,8.5,8.9,PROMOTE — hub / top nav,Tax Strategy,False,,To 10: add a discovery question to open the conversation.,add branded PDF export with sources and method notes ; register in `pageRegistry.ts` with intent tags so the AI brain can cite and deep-link it
TaxAdvantagedGrowth,/portal/retirement-projection,10.0,KEEP-L1,L1 — Platform,STANDALONE,—,Tax / Income Lever,6.5,7.9,EMBED — accordion section,Tax Strategy,False,literal-chart-data,To 10: add a discovery question to open the conversation.,add branded PDF export with sources and method notes ; register in `pageRegistry.ts` with intent tags so the AI brain can cite and deep-link it
TaxBracketVisualizer,/portal/tax-brackets,10.0,KEEP-L1,L1 — Platform,STANDALONE,—,Tax / Income Lever,8.0,8.4,EMBED — named tab,Tax Strategy,False,,To 10: add a discovery question to open the conversation.,add branded PDF export with sources and method notes ; register in `pageRegistry.ts` with intent tags so the AI brain can cite and deep-link it
TaxLossHarvestingScanner,/portal/tax-loss-harvesting,10.0,KEEP-L1,L1 — Platform,PARENT,—,Tax / Income Lever,8.0,8.4,EMBED — named tab,Tax Strategy,False,,To 10: add a discovery question to open the conversation.,add branded PDF export with sources and method notes ; register in `pageRegistry.ts` with intent tags so the AI brain can cite and deep-link it
TaxOpportunityDetector,/portal/tax-opportunities,10.0,KEEP-L1,L1 — Platform,STANDALONE,—,Tax / Income Lever,7.7,8.1,EMBED — named tab,Tax Strategy,False,,To 10: add a discovery question to open the conversation.,add branded PDF export with sources and method notes ; register in `pageRegistry.ts` with intent tags so the AI brain can cite and deep-link it
TaxReturnUpload,/portal/tax-return-upload,10.0,KEEP-L1,L1 — Platform,STANDALONE,—,Tax / Income Lever,6.9,8.3,EMBED — accordion section,Tax Strategy,False,literal-chart-data,To 10: add a discovery question to open the conversation.,add branded PDF export with sources and method notes ; register in `pageRegistry.ts` with intent tags so the AI brain can cite and deep-link it
TaxWaterfall,/portal/tax-waterfall,10.0,KEEP-L1,L1 — Platform,STANDALONE,—,Tax / Income Lever,6.5,6.9,EMBED — accordion section,Tax Strategy,False,,To 10: add a discovery question to open the conversation.,"widen inputs to a full scenario (assumptions, ranges, alternatives) ; register in `pageRegistry.ts` with intent tags so the AI brain can cite and deep-link it"
WithdrawalSequencing,/portal/withdrawal-sequencing,10.0,KEEP-L1,L1 — Platform,PARENT,—,Tax / Income Lever,4.6,7.7,EMBED — reference card,Retirement Income & Drawdown,True,frozen-chart|fabricated-constant,To 10: add a discovery question to open the conversation.,add branded PDF export with sources and method notes ; register in `pageRegistry.ts` with intent tags so the AI brain can cite and deep-link it
PrivatePlacementLifeInsurance,/portal/ppli,9.7,KEEP-L1,L1 — Platform,PARENT,—,Large-Case Structure,0.5,2.1,UPGRADE or fold into library,"Insurance, Annuity & Carrier",False,fabricated-constant,To 10: wire it to live client/carrier data.,"extract the math into `shared/<name>Engine.ts` as a pure, deterministic module with a vitest suite ; add a tRPC procedure so scenarios save against the client record"
VideoProposalGenerator,/portal/video-proposals,9.6,KEEP-L1,L1 — Platform,TOGGLE,SeminarGenerator,Client Sales Tool,4.3,4.7,EMBED — reference card,Reports & Deliverables,False,,To 10: add a discovery question to open the conversation.,"extract the math into `shared/<name>Engine.ts` as a pure, deterministic module with a vitest suite ; add projection + sensitivity + comparison charts"
BusinessValuationCalc,/portal/business-valuation,9.5,KEEP-L1,L1 — Platform,PARENT,—,Business Owner / Entity,0.5,1.9,FIX FIRST — defective output,Business & Succession,True,undeclared-var,To 10: wire it to live client/carrier data.,"extract the math into `shared/<name>Engine.ts` as a pure, deterministic module with a vitest suite ; add a tRPC procedure so scenarios save against the client record"
BuySellFundingCalc,/portal/buy-sell-funding,9.5,KEEP-L1,L1 — Platform,PARENT,—,Business Owner / Entity,1.5,1.9,UPGRADE or fold into library,Business & Succession,False,,To 10: wire it to live client/carrier data.,"extract the math into `shared/<name>Engine.ts` as a pure, deterministic module with a vitest suite ; add a tRPC procedure so scenarios save against the client record"
DeferredCompCalc,/portal/deferred-compensation,9.5,KEEP-L1,L1 — Platform,PARENT,—,Business Owner / Entity,1.5,1.9,UPGRADE or fold into library,Business & Succession,False,,To 10: wire it to live client/carrier data.,"extract the math into `shared/<name>Engine.ts` as a pure, deterministic module with a vitest suite ; add a tRPC procedure so scenarios save against the client record"
EntityComparisonCalc,/portal/entity-comparison,9.5,KEEP-L1,L1 — Platform,STANDALONE,—,Business Owner / Entity,1.5,1.9,UPGRADE or fold into library,Business & Succession,False,,To 10: wire it to live client/carrier data.,"extract the math into `shared/<name>Engine.ts` as a pure, deterministic module with a vitest suite ; add a tRPC procedure so scenarios save against the client record"
InstallmentSaleCalc,/portal/installment-sale,9.5,KEEP-L1,L1 — Platform,STANDALONE,—,Business Owner / Entity,0.5,1.9,FIX FIRST — defective output,Cross-Cutting Reference Library,True,undeclared-var|fabricated-constant,To 10: wire it to live client/carrier data.,"extract the math into `shared/<name>Engine.ts` as a pure, deterministic module with a vitest suite ; add a tRPC procedure so scenarios save against the client record"
KeyPersonInsuranceCalc,/portal/key-person-insurance,9.5,KEEP-L1,L1 — Platform,PARENT,—,Business Owner / Entity,1.5,1.9,UPGRADE or fold into library,Business & Succession,False,,To 10: wire it to live client/carrier data.,"extract the math into `shared/<name>Engine.ts` as a pure, deterministic module with a vitest suite ; add a tRPC procedure so scenarios save against the client record"
OverheadExpenseCalc,/portal/overhead-expense,9.5,KEEP-L1,L1 — Platform,PARENT,—,Business Owner / Entity,1.5,1.9,UPGRADE or fold into library,Cross-Cutting Reference Library,False,,To 10: wire it to live client/carrier data.,"extract the math into `shared/<name>Engine.ts` as a pure, deterministic module with a vitest suite ; add a tRPC procedure so scenarios save against the client record"
SuccessionPlanCalc,/portal/succession-plan,9.5,KEEP-L1,L1 — Platform,TOGGLE,SuccessionPlanningWizard,Business Owner / Entity,0.5,2.3,FIX FIRST — defective output,"Estate, Trust & Legacy",True,undeclared-var,To 10: wire it to live client/carrier data.,"extract the math into `shared/<name>Engine.ts` as a pure, deterministic module with a vitest suite ; add a tRPC procedure so scenarios save against the client record"
MYGAFixedRate,/portal/myga-fixed-rate,9.5,KEEP-L1,L1 — Platform,TOGGLE,ExistingAnnuities,Guaranteed Income / Annuity,4.6,6.0,EMBED — reference card,"Insurance, Annuity & Carrier",False,literal-chart-data,To 10: wire it to live client/carrier data.,"add a tRPC procedure so scenarios save against the client record ; widen inputs to a full scenario (assumptions, ranges, alternatives)"
Education529VsIULCalc,/portal/529-vs-iul,9.5,KEEP-L1,L1 — Platform,PARENT,—,IUL Core,0.5,1.9,FIX FIRST — defective output,Scenario Lab & Comparison,True,undeclared-var|fabricated-constant,To 10: wire it to live client/carrier data.,"extract the math into `shared/<name>Engine.ts` as a pure, deterministic module with a vitest suite ; add a tRPC procedure so scenarios save against the client record"
EmergencyFundVsIULCalc,/portal/emergency-fund-vs-iul,9.5,KEEP-L1,L1 — Platform,STANDALONE,—,IUL Core,0.5,2.3,FIX FIRST — defective output,Scenario Lab & Comparison,True,undeclared-var,To 10: wire it to live client/carrier data.,"extract the math into `shared/<name>Engine.ts` as a pure, deterministic module with a vitest suite ; add a tRPC procedure so scenarios save against the client record"
IULComplianceEngine,/portal/iul-compliance-engine,9.5,KEEP-L1,L1 — Platform,STANDALONE,—,IUL Core,2.5,2.9,UPGRADE or fold into library,Compliance & Supervision,False,,To 10: add a market-vs-IUL outcome chart.,"extract the math into `shared/<name>Engine.ts` as a pure, deterministic module with a vitest suite ; add projection + sensitivity + comparison charts"
IULMaxFundedEngine,/portal/iul-max-funded,9.5,KEEP-L1,L1 — Platform,STANDALONE,—,IUL Core,1.3,2.9,UPGRADE or fold into library,IUL & Policy Engineering,False,fabricated-constant,To 10: wire it to live client/carrier data.,"extract the math into `shared/<name>Engine.ts` as a pure, deterministic module with a vitest suite ; add a tRPC procedure so scenarios save against the client record"
InfinityBankingConcept,/portal/infinity-banking,9.5,KEEP-L1,L1 — Platform,STANDALONE,—,IUL Core,1.8,2.2,UPGRADE or fold into library,Cross-Cutting Reference Library,False,,To 10: wire it to live client/carrier data.,"extract the math into `shared/<name>Engine.ts` as a pure, deterministic module with a vitest suite ; add a tRPC procedure so scenarios save against the client record"
MultiCarrierIULOptimizer,/portal/multi-carrier-iul,9.5,KEEP-L1,L1 — Platform,STANDALONE,—,IUL Core,2.1,2.5,UPGRADE or fold into library,"Insurance, Annuity & Carrier",False,,To 10: add a market-vs-IUL outcome chart.,"extract the math into `shared/<name>Engine.ts` as a pure, deterministic module with a vitest suite ; add projection + sensitivity + comparison charts"
TermVsWholeVsIULCalc,/portal/term-vs-whole-vs-iul,9.5,KEEP-L1,L1 — Platform,STANDALONE,—,IUL Core,0.5,1.9,UPGRADE or fold into library,Scenario Lab & Comparison,False,fabricated-constant,To 10: wire it to live client/carrier data.,"extract the math into `shared/<name>Engine.ts` as a pure, deterministic module with a vitest suite ; add a tRPC procedure so scenarios save against the client record"
WholeLifeDividendEngine,/portal/whole-life-dividend,9.5,KEEP-L1,L1 — Platform,STANDALONE,—,IUL Core,1.0,2.4,UPGRADE or fold into library,IUL & Policy Engineering,False,literal-chart-data,To 10: wire it to live client/carrier data.,"extract the math into `shared/<name>Engine.ts` as a pure, deterministic module with a vitest suite ; add a tRPC procedure so scenarios save against the client record"
HouseholdWealth,/portal/household-wealth,9.5,KEEP-L1,L1 — Platform,STANDALONE,—,Supporting Planning,7.2,7.6,EMBED — named tab,Client Management & CRM,False,,To 10: add a discovery question to open the conversation.,add branded PDF export with sources and method notes ; register in `pageRegistry.ts` with intent tags so the AI brain can cite and deep-link it
MortgageKiller,/portal/mortgage-killer,9.5,KEEP-L1,L1 — Platform,PARENT,—,Supporting Planning,9.2,9.6,PROMOTE — hub / top nav,Mortgage & Debt Elimination,False,,To 10: add a discovery question to open the conversation.,register in `pageRegistry.ts` with intent tags so the AI brain can cite and deep-link it
RetirementIncomeProjection,/portal/retirement-projection,9.5,KEEP-L1,L1 — Platform,PARENT,—,Supporting Planning,6.7,8.3,EMBED — accordion section,Retirement Income & Drawdown,False,fabricated-constant,To 10: add a discovery question to open the conversation.,add branded PDF export with sources and method notes ; register in `pageRegistry.ts` with intent tags so the AI brain can cite and deep-link it
SuccessionValuation,/portal/succession-valuation,9.4,KEEP-L1,L1 — Platform,TOGGLE,SuccessionPlanningWizard,Business Owner / Entity,2.5,2.9,UPGRADE or fold into library,"Estate, Trust & Legacy",False,,To 10: add a discovery question to open the conversation.,"extract the math into `shared/<name>Engine.ts` as a pure, deterministic module with a vitest suite ; add projection + sensitivity + comparison charts"
AtheneGuaranteedIncome,/portal/athene-guaranteed-income,9.4,KEEP-L1,L1 — Platform,TOGGLE,ExistingAnnuities,Guaranteed Income / Annuity,6.8,7.2,EMBED — accordion section,"Insurance, Annuity & Carrier",False,,To 10: add a discovery question to open the conversation.,"widen inputs to a full scenario (assumptions, ranges, alternatives) ; add branded PDF export with sources and method notes"
TaxFreeWealthCombos,/portal/tax-combos,9.4,KEEP-L1,L1 — Platform,STANDALONE,—,IUL Core,0.7,1.1,UPGRADE or fold into library,Tax Strategy,False,,To 10: wire it to live client/carrier data.,"extract the math into `shared/<name>Engine.ts` as a pure, deterministic module with a vitest suite ; add a tRPC procedure so scenarios save against the client record"
DebtRecyclingStrategy,/portal/debt-recycling,9.4,KEEP-L1,L1 — Platform,STANDALONE,—,Premium Financing / Leverage,1.8,2.2,UPGRADE or fold into library,Mortgage & Debt Elimination,False,,To 10: wire it to live client/carrier data.,"extract the math into `shared/<name>Engine.ts` as a pure, deterministic module with a vitest suite ; add a tRPC procedure so scenarios save against the client record"
ESOPLeveragedBuyoutPlanner,/portal/esop-buyout,9.4,KEEP-L1,L1 — Platform,STANDALONE,—,Premium Financing / Leverage,0.6,2.2,UPGRADE or fold into library,Business & Succession,False,fabricated-constant,To 10: wire it to live client/carrier data.,"extract the math into `shared/<name>Engine.ts` as a pure, deterministic module with a vitest suite ; add a tRPC procedure so scenarios save against the client record"
ReferralTracking,/portal/referral-tracking,9.3,KEEP-L1,L1 — Platform,STANDALONE,—,Advisor Ops / Growth,4.9,6.8,EMBED — reference card,Client Management & CRM,True,frozen-chart,To 10: tie the output explicitly to an IUL solution.,"extract the math into `shared/<name>Engine.ts` as a pure, deterministic module with a vitest suite ; add branded PDF export with sources and method notes"
DeferredCompensation,,9.3,KEEP-L1,L1 — Platform,TOGGLE,DeferredCompCalc,Business Owner / Entity,0.5,1.4,UPGRADE or fold into library,Business & Succession,False,fabricated-constant,To 10: wire it to live client/carrier data.,"extract the math into `shared/<name>Engine.ts` as a pure, deterministic module with a vitest suite ; add a tRPC procedure so scenarios save against the client record"
ComparisonDashboard,/portal/comparison,9.3,KEEP-L1,L1 — Platform,STANDALONE,—,Client Sales Tool,2.6,3.0,UPGRADE or fold into library,Scenario Lab & Comparison,False,,To 10: wire it to live client/carrier data.,"extract the math into `shared/<name>Engine.ts` as a pure, deterministic module with a vitest suite ; add a tRPC procedure so scenarios save against the client record"
ComplianceAuditTrail,/portal/compliance-audit-trail,9.3,KEEP-L1,L1 — Platform,STANDALONE,—,Compliance / Reporting Ops,6.8,7.2,EMBED — accordion section,Compliance & Supervision,False,,To 10: tie the output explicitly to an IUL solution.,"extract the math into `shared/<name>Engine.ts` as a pure, deterministic module with a vitest suite ; add branded PDF export with sources and method notes"
TrustsPage,/portal/trusts,9.3,KEEP-L1,L1 — Platform,TOGGLE,EstateFlowChart,Estate / Legacy,0.7,0.7,UPGRADE or fold into library,"Estate, Trust & Legacy",False,,To 10: wire it to live client/carrier data.,"extract the math into `shared/<name>Engine.ts` as a pure, deterministic module with a vitest suite ; add a tRPC procedure so scenarios save against the client record"
PPLIModeler,/portal/ppli-modeler,9.3,KEEP-L1,L1 — Platform,TOGGLE,PrivatePlacementLifeInsurance,Large-Case Structure,0.9,1.3,UPGRADE or fold into library,Cross-Cutting Reference Library,False,,To 10: wire it to live client/carrier data.,"extract the math into `shared/<name>Engine.ts` as a pure, deterministic module with a vitest suite ; add a tRPC procedure so scenarios save against the client record"
PrivatePlacement,/portal/private-placement,9.3,KEEP-L1,L1 — Platform,TOGGLE,PrivatePlacementLifeInsurance,Large-Case Structure,1.0,1.4,UPGRADE or fold into library,Cross-Cutting Reference Library,False,,To 10: wire it to live client/carrier data.,"extract the math into `shared/<name>Engine.ts` as a pure, deterministic module with a vitest suite ; add a tRPC procedure so scenarios save against the client record"
WarStoryGenerator,/portal/war-story-generator,9.2,KEEP-L1,L1 — Platform,TOGGLE,SalesStoryBuilder,Client Sales Tool,1.4,1.8,UPGRADE or fold into library,Advisor Practice & Sales Enablement,False,,To 10: add a market-vs-IUL outcome chart.,"extract the math into `shared/<name>Engine.ts` as a pure, deterministic module with a vitest suite ; add projection + sensitivity + comparison charts"
ExecutiveBonusPlan,/portal/executive-bonus,9.1,KEEP-L1,L1 — Platform,TOGGLE,DeferredCompCalc,Business Owner / Entity,0.9,1.3,UPGRADE or fold into library,Cross-Cutting Reference Library,False,,To 10: wire it to live client/carrier data.,"extract the math into `shared/<name>Engine.ts` as a pure, deterministic module with a vitest suite ; add a tRPC procedure so scenarios save against the client record"
AnnuityComparisonCalc,/portal/annuity-comparison,9.1,KEEP-L1,L1 — Platform,TOGGLE,ExistingAnnuities,Client Sales Tool,1.5,1.9,UPGRADE or fold into library,"Insurance, Annuity & Carrier",False,,To 10: wire it to live client/carrier data.,"extract the math into `shared/<name>Engine.ts` as a pure, deterministic module with a vitest suite ; add a tRPC procedure so scenarios save against the client record"
ClientIntakeRecommender,/portal/client-intake-recommender,9.1,KEEP-L1,L1 — Platform,STANDALONE,—,Client Sales Tool,3.1,3.5,UPGRADE or fold into library,AI Brain & Intelligence,False,,To 10: wire it to live client/carrier data.,"extract the math into `shared/<name>Engine.ts` as a pure, deterministic module with a vitest suite ; add a tRPC procedure so scenarios save against the client record"
CaptiveInsurancePlanner,,9.1,KEEP-L1,L1 — Platform,TOGGLE,CaptiveInsuranceIUL,Large-Case Structure,1.4,1.8,UPGRADE or fold into library,"Insurance, Annuity & Carrier",False,,To 10: wire it to live client/carrier data.,"extract the math into `shared/<name>Engine.ts` as a pure, deterministic module with a vitest suite ; add a tRPC procedure so scenarios save against the client record"
PrivatePlacementAnnuity,/portal/ppva,9.1,KEEP-L1,L1 — Platform,TOGGLE,PrivatePlacementLifeInsurance,Large-Case Structure,1.4,1.8,UPGRADE or fold into library,"Insurance, Annuity & Carrier",False,,To 10: wire it to live client/carrier data.,"extract the math into `shared/<name>Engine.ts` as a pure, deterministic module with a vitest suite ; add a tRPC procedure so scenarios save against the client record"
SplitDollarLifeInsurance,/portal/split-dollar,9.1,KEEP-L1,L1 — Platform,PARENT,—,Large-Case Structure,1.8,2.2,UPGRADE or fold into library,"Insurance, Annuity & Carrier",False,,To 10: wire it to live client/carrier data.,"extract the math into `shared/<name>Engine.ts` as a pure, deterministic module with a vitest suite ; add a tRPC procedure so scenarios save against the client record"
CommissionCalculator,/portal/commission-calculator,9.0,KEEP-L1,L1 — Platform,STANDALONE,—,Advisor Ops / Growth,5.2,6.8,EMBED — accordion section,Advisor Practice & Sales Enablement,False,fabricated-constant,To 10: add a discovery question to open the conversation.,"extract the math into `shared/<name>Engine.ts` as a pure, deterministic module with a vitest suite ; add branded PDF export with sources and method notes"
FinancialVitalsScorecard,/portal/financial-vitals,9.0,KEEP-L1,L1 — Platform,STANDALONE,—,Dashboards / Internal,7.1,7.5,EMBED — named tab,Reports & Deliverables,False,,To 10: add a discovery question to open the conversation.,"extract the math into `shared/<name>Engine.ts` as a pure, deterministic module with a vitest suite ; register in `pageRegistry.ts` with intent tags so the AI brain can cite and deep-link it"
SocialSecurityBridge,/portal/ss-bridge,9.0,KEEP-L1,L1 — Platform,PARENT,—,Guaranteed Income / Annuity,2.5,2.9,UPGRADE or fold into library,Retirement Income & Drawdown,False,,To 10: add a discovery question to open the conversation.,"extract the math into `shared/<name>Engine.ts` as a pure, deterministic module with a vitest suite ; add projection + sensitivity + comparison charts"
GoalsBasedPlanning,/portal/goals-planning,9.0,KEEP-L1,L1 — Platform,STANDALONE,—,Supporting Planning,6.1,7.5,EMBED — accordion section,"Discovery, Calibration & Onboarding",False,literal-chart-data,To 10: add a discovery question to open the conversation.,"widen inputs to a full scenario (assumptions, ranges, alternatives) ; add branded PDF export with sources and method notes"
IbbotsonCharts,/portal/ibbotson-charts,9.0,KEEP-L1,L1 — Platform,STANDALONE,—,Supporting Planning,7.6,9.0,EMBED — named tab,Investments & Portfolio,False,literal-chart-data,To 10: add a discovery question to open the conversation.,register in `pageRegistry.ts` with intent tags so the AI brain can cite and deep-link it
IncomeGapAnalyzer,/portal/income-gap,9.0,KEEP-L1,L1 — Platform,TOGGLE,RetirementIncomeProjection,Supporting Planning,8.0,8.4,EMBED — named tab,Retirement Income & Drawdown,False,,To 10: add a discovery question to open the conversation.,add branded PDF export with sources and method notes ; register in `pageRegistry.ts` with intent tags so the AI brain can cite and deep-link it
PredictiveAnalytics,/portal/predictive-analytics,9.0,KEEP-L1,L1 — Platform,STANDALONE,—,Supporting Planning,8.0,8.4,EMBED — named tab,Scenario Lab & Comparison,False,,To 10: add a discovery question to open the conversation.,add branded PDF export with sources and method notes ; register in `pageRegistry.ts` with intent tags so the AI brain can cite and deep-link it
VoicePlanBuilder,/portal/voice-plan,9.0,KEEP-L1,L1 — Platform,STANDALONE,—,Supporting Planning,3.9,5.3,EMBED — reference card,AI Brain & Intelligence,False,literal-chart-data,To 10: add a discovery question to open the conversation.,"extract the math into `shared/<name>Engine.ts` as a pure, deterministic module with a vitest suite ; widen inputs to a full scenario (assumptions, ranges, alternatives)"
BackdoorRothCalc,/portal/backdoor-roth,9.0,KEEP-L1,L1 — Platform,TOGGLE,RothConversionSTR,Tax / Income Lever,0.5,1.9,FIX FIRST — defective output,Tax Strategy,True,undeclared-var|fabricated-constant,To 10: wire it to live client/carrier data.,"extract the math into `shared/<name>Engine.ts` as a pure, deterministic module with a vitest suite ; add a tRPC procedure so scenarios save against the client record"
CapitalGainsTaxCalc,/portal/capital-gains-tax,9.0,KEEP-L1,L1 — Platform,TOGGLE,TaxLossHarvestingScanner,Tax / Income Lever,0.5,1.9,FIX FIRST — defective output,Tax Strategy,True,undeclared-var,To 10: wire it to live client/carrier data.,"extract the math into `shared/<name>Engine.ts` as a pure, deterministic module with a vitest suite ; add a tRPC procedure so scenarios save against the client record"
MegaBackdoorRothCalc,/portal/mega-backdoor-roth,9.0,KEEP-L1,L1 — Platform,TOGGLE,RothConversionSTR,Tax / Income Lever,0.5,1.9,FIX FIRST — defective output,Tax Strategy,True,undeclared-var|fabricated-constant|baked-outperformance,To 10: wire it to live client/carrier data.,"extract the math into `shared/<name>Engine.ts` as a pure, deterministic module with a vitest suite ; add a tRPC procedure so scenarios save against the client record"
NUACalculator,/portal/nua-calculator,9.0,KEEP-L1,L1 — Platform,STANDALONE,—,Tax / Income Lever,0.5,1.5,FIX FIRST — defective output,Cross-Cutting Reference Library,True,undeclared-var|fabricated-constant,To 10: wire it to live client/carrier data.,"extract the math into `shared/<name>Engine.ts` as a pure, deterministic module with a vitest suite ; add a tRPC procedure so scenarios save against the client record"
QBICalculator,/portal/qbi-calculator,9.0,KEEP-L1,L1 — Platform,PARENT,—,Tax / Income Lever,1.5,1.9,UPGRADE or fold into library,Tax Strategy,False,,To 10: wire it to live client/carrier data.,"extract the math into `shared/<name>Engine.ts` as a pure, deterministic module with a vitest suite ; add a tRPC procedure so scenarios save against the client record"
RMDCalculator,/portal/rmd-calculator,9.0,KEEP-L1,L1 — Platform,STANDALONE,—,Tax / Income Lever,0.5,1.5,FIX FIRST — defective output,Retirement Income & Drawdown,True,undeclared-var|fabricated-constant,To 10: wire it to live client/carrier data.,"extract the math into `shared/<name>Engine.ts` as a pure, deterministic module with a vitest suite ; add a tRPC procedure so scenarios save against the client record"
TaxEquivalentYieldCalc,/portal/tax-equivalent-yield,9.0,KEEP-L1,L1 — Platform,STANDALONE,—,Tax / Income Lever,0.5,1.9,FIX FIRST — defective output,Tax Strategy,True,undeclared-var,To 10: wire it to live client/carrier data.,"extract the math into `shared/<name>Engine.ts` as a pure, deterministic module with a vitest suite ; add a tRPC procedure so scenarios save against the client record"
TaxGainLossCalc,/portal/gain-loss-harvesting,9.0,KEEP-L1,L1 — Platform,TOGGLE,TaxLossHarvestingScanner,Tax / Income Lever,0.5,1.9,FIX FIRST — defective output,Tax Strategy,True,undeclared-var,To 10: wire it to live client/carrier data.,"extract the math into `shared/<name>Engine.ts` as a pure, deterministic module with a vitest suite ; add a tRPC procedure so scenarios save against the client record"
TaxLossHarvestCalc,/portal/tax-loss-harvest-calc,9.0,KEEP-L1,L1 — Platform,TOGGLE,TaxLossHarvestingScanner,Tax / Income Lever,0.5,1.9,FIX FIRST — defective output,Tax Strategy,True,frozen-chart|undeclared-var,To 10: wire it to live client/carrier data.,"extract the math into `shared/<name>Engine.ts` as a pure, deterministic module with a vitest suite ; add a tRPC procedure so scenarios save against the client record"
AdvisorTraining,/portal/advisor-training,8.9,KEEP-L1,L1 — Platform,STANDALONE,—,Advisor Ops / Growth,5.9,6.3,EMBED — accordion section,Advisor Practice & Sales Enablement,False,,To 10: tie the output explicitly to an IUL solution.,"extract the math into `shared/<name>Engine.ts` as a pure, deterministic module with a vitest suite ; add branded PDF export with sources and method notes"
BusinessEntitySelector,/portal/business-entity,8.9,KEEP-L1,L1 — Platform,STANDALONE,—,Business Owner / Entity,0.5,2.1,UPGRADE or fold into library,Business & Succession,False,fabricated-constant,To 10: wire it to live client/carrier data.,"extract the math into `shared/<name>Engine.ts` as a pure, deterministic module with a vitest suite ; add a tRPC procedure so scenarios save against the client record"
BusinessExitPlanner,/portal/business-exit,8.9,KEEP-L1,L1 — Platform,TOGGLE,SuccessionPlanningWizard,Business Owner / Entity,0.5,2.9,UPGRADE or fold into library,Business & Succession,False,fabricated-constant|literal-chart-data,To 10: wire it to live client/carrier data.,"extract the math into `shared/<name>Engine.ts` as a pure, deterministic module with a vitest suite ; add a tRPC procedure so scenarios save against the client record"
BusinessSuccession,/portal/business-succession,8.9,KEEP-L1,L1 — Platform,TOGGLE,SuccessionPlanningWizard,Business Owner / Entity,1.0,1.4,UPGRADE or fold into library,"Estate, Trust & Legacy",False,,To 10: wire it to live client/carrier data.,"extract the math into `shared/<name>Engine.ts` as a pure, deterministic module with a vitest suite ; add a tRPC procedure so scenarios save against the client record"
BusinessValuationEstimator,,8.9,KEEP-L1,L1 — Platform,TOGGLE,BusinessValuationCalc,Business Owner / Entity,2.2,2.6,UPGRADE or fold into library,Business & Succession,False,,To 10: wire it to live client/carrier data.,"extract the math into `shared/<name>Engine.ts` as a pure, deterministic module with a vitest suite ; add a tRPC procedure so scenarios save against the client record"
ESOPAnalyzer,/portal/esop-analyzer,8.9,KEEP-L1,L1 — Platform,STANDALONE,—,Business Owner / Entity,0.6,2.2,UPGRADE or fold into library,Business & Succession,False,fabricated-constant,To 10: wire it to live client/carrier data.,"extract the math into `shared/<name>Engine.ts` as a pure, deterministic module with a vitest suite ; add a tRPC procedure so scenarios save against the client record"
EquityCompensationHub,/portal/equity-compensation,8.9,KEEP-L1,L1 — Platform,STANDALONE,—,Business Owner / Entity,0.5,2.1,UPGRADE or fold into library,Investments & Portfolio,False,fabricated-constant|literal-chart-data,To 10: wire it to live client/carrier data.,"extract the math into `shared/<name>Engine.ts` as a pure, deterministic module with a vitest suite ; add a tRPC procedure so scenarios save against the client record"
EquityCompensationNavigator,,8.9,KEEP-L1,L1 — Platform,STANDALONE,—,Business Owner / Entity,1.8,2.2,UPGRADE or fold into library,Investments & Portfolio,False,,To 10: wire it to live client/carrier data.,"extract the math into `shared/<name>Engine.ts` as a pure, deterministic module with a vitest suite ; add a tRPC procedure so scenarios save against the client record"
ExecutiveCompOptimizer,/portal/executive-comp,8.9,KEEP-L1,L1 — Platform,TOGGLE,DeferredCompCalc,Business Owner / Entity,1.0,2.6,UPGRADE or fold into library,Cross-Cutting Reference Library,False,fabricated-constant,To 10: wire it to live client/carrier data.,"extract the math into `shared/<name>Engine.ts` as a pure, deterministic module with a vitest suite ; add a tRPC procedure so scenarios save against the client record"
ExecutiveRetirementBridge,/portal/executive-bridge,8.9,KEEP-L1,L1 — Platform,STANDALONE,—,Business Owner / Entity,1.4,1.8,UPGRADE or fold into library,Retirement Income & Drawdown,False,,To 10: wire it to live client/carrier data.,"extract the math into `shared/<name>Engine.ts` as a pure, deterministic module with a vitest suite ; add a tRPC procedure so scenarios save against the client record"
OwnOccDisabilityCalc,/portal/own-occ-disability,8.9,KEEP-L1,L1 — Platform,TOGGLE,OverheadExpenseCalc,Business Owner / Entity,0.5,3.5,UPGRADE or fold into library,"Insurance, Annuity & Carrier",True,frozen-chart|fabricated-constant|literal-chart-data,To 10: wire it to live client/carrier data.,"extract the math into `shared/<name>Engine.ts` as a pure, deterministic module with a vitest suite ; add a tRPC procedure so scenarios save against the client record"
PhantomStockPlanner,/portal/phantom-stock,8.9,KEEP-L1,L1 — Platform,STANDALONE,—,Business Owner / Entity,1.4,1.8,UPGRADE or fold into library,Investments & Portfolio,False,,To 10: wire it to live client/carrier data.,"extract the math into `shared/<name>Engine.ts` as a pure, deterministic module with a vitest suite ; add a tRPC procedure so scenarios save against the client record"
PhysicianContractCalc,/portal/physician-contract,8.9,KEEP-L1,L1 — Platform,STANDALONE,—,Business Owner / Entity,1.4,3.0,UPGRADE or fold into library,Cross-Cutting Reference Library,False,fabricated-constant,To 10: wire it to live client/carrier data.,"extract the math into `shared/<name>Engine.ts` as a pure, deterministic module with a vitest suite ; add a tRPC procedure so scenarios save against the client record"
PracticeValuation,/portal/practice-valuation,8.9,KEEP-L1,L1 — Platform,TOGGLE,BusinessValuationCalc,Business Owner / Entity,0.5,2.1,UPGRADE or fold into library,Business & Succession,False,fabricated-constant,To 10: wire it to live client/carrier data.,"extract the math into `shared/<name>Engine.ts` as a pure, deterministic module with a vitest suite ; add a tRPC procedure so scenarios save against the client record"
QualifiedSmallBusinessStock,/portal/qsbs,8.9,KEEP-L1,L1 — Platform,STANDALONE,—,Business Owner / Entity,2.2,2.6,UPGRADE or fold into library,Business & Succession,False,,To 10: wire it to live client/carrier data.,"extract the math into `shared/<name>Engine.ts` as a pure, deterministic module with a vitest suite ; add a tRPC procedure so scenarios save against the client record"
AgencyTutorial,/portal/agency-tutorial,8.9,KEEP-L1,L1 — Platform,STANDALONE,—,Supporting Planning,3.1,3.5,UPGRADE or fold into library,Education & Knowledge,False,,To 10: tie the output explicitly to an IUL solution.,"extract the math into `shared/<name>Engine.ts` as a pure, deterministic module with a vitest suite ; add projection + sensitivity + comparison charts"
IndividualAgentTutorial,/portal/agent-tutorial,8.9,KEEP-L1,L1 — Platform,STANDALONE,—,Supporting Planning,2.8,4.2,UPGRADE or fold into library,Advisor Practice & Sales Enablement,False,literal-chart-data,To 10: tie the output explicitly to an IUL solution.,"extract the math into `shared/<name>Engine.ts` as a pure, deterministic module with a vitest suite ; widen inputs to a full scenario (assumptions, ranges, alternatives)"
RetirementGuardrails,/portal/retirement-guardrails,8.9,KEEP-L1,L1 — Platform,TOGGLE,WithdrawalSequencing,Supporting Planning,7.0,8.4,EMBED — named tab,Retirement Income & Drawdown,False,literal-chart-data,To 10: add a discovery question to open the conversation.,add branded PDF export with sources and method notes ; register in `pageRegistry.ts` with intent tags so the AI brain can cite and deep-link it
DailyDiscovery,/portal/daily-discovery,8.8,KEEP-L1,L1 — Platform,STANDALONE,—,Client Sales Tool,2.0,2.4,UPGRADE or fold into library,"Discovery, Calibration & Onboarding",False,,To 10: add a market-vs-IUL outcome chart.,"extract the math into `shared/<name>Engine.ts` as a pure, deterministic module with a vitest suite ; add projection + sensitivity + comparison charts"
TimeMachineCalculator,/portal/time-machine-calculator,8.8,KEEP-L1,L1 — Platform,STANDALONE,—,Supporting Planning,5.1,5.5,EMBED — accordion section,IUL & Policy Engineering,False,,To 10: wire it to live client/carrier data.,"add a tRPC procedure so scenarios save against the client record ; widen inputs to a full scenario (assumptions, ranges, alternatives)"
TaxCodeChangeSimulator,/portal/tax-code-simulator,8.8,KEEP-L1,L1 — Platform,STANDALONE,—,Tax / Income Lever,2.1,2.5,UPGRADE or fold into library,Tax Strategy,False,,To 10: add a market-vs-IUL outcome chart.,"extract the math into `shared/<name>Engine.ts` as a pure, deterministic module with a vitest suite ; add projection + sensitivity + comparison charts"
TaxProjectionEngine,/portal/tax-projection,8.8,KEEP-L1,L1 — Platform,STANDALONE,—,Tax / Income Lever,0.9,2.5,UPGRADE or fold into library,Tax Strategy,False,fabricated-constant,To 10: wire it to live client/carrier data.,"extract the math into `shared/<name>Engine.ts` as a pure, deterministic module with a vitest suite ; add a tRPC procedure so scenarios save against the client record"
PresentationVault,/portal/presentation-vault,8.7,KEEP-L1,L1 — Platform,TOGGLE,SeminarGenerator,Client Sales Tool,1.5,1.9,UPGRADE or fold into library,Advisor Practice & Sales Enablement,False,,To 10: wire it to live client/carrier data.,"extract the math into `shared/<name>Engine.ts` as a pure, deterministic module with a vitest suite ; add a tRPC procedure so scenarios save against the client record"
StrategyCompareTool,/portal/strategy-compare,8.7,KEEP-L1,L1 — Platform,STANDALONE,—,Client Sales Tool,2.2,2.6,UPGRADE or fold into library,Scenario Lab & Comparison,False,,To 10: wire it to live client/carrier data.,"extract the math into `shared/<name>Engine.ts` as a pure, deterministic module with a vitest suite ; add a tRPC procedure so scenarios save against the client record"
TrustComparisonMatrix,/portal/trust-comparison-matrix,8.7,KEEP-L1,L1 — Platform,TOGGLE,EstateFlowChart,Client Sales Tool,2.2,2.6,UPGRADE or fold into library,"Estate, Trust & Legacy",False,,To 10: wire it to live client/carrier data.,"extract the math into `shared/<name>Engine.ts` as a pure, deterministic module with a vitest suite ; add a tRPC procedure so scenarios save against the client record"
DisabilityInsuranceCalc,/portal/disability-insurance-needs,8.7,KEEP-L1,L1 — Platform,TOGGLE,OverheadExpenseCalc,Estate / Legacy,0.5,1.9,UPGRADE or fold into library,"Insurance, Annuity & Carrier",False,fabricated-constant,To 10: wire it to live client/carrier data.,"extract the math into `shared/<name>Engine.ts` as a pure, deterministic module with a vitest suite ; add a tRPC procedure so scenarios save against the client record"
EstateLiquidityCalc,/portal/estate-liquidity,8.7,KEEP-L1,L1 — Platform,TOGGLE,EstateTax,Estate / Legacy,1.5,1.9,UPGRADE or fold into library,"Estate, Trust & Legacy",False,,To 10: wire it to live client/carrier data.,"extract the math into `shared/<name>Engine.ts` as a pure, deterministic module with a vitest suite ; add a tRPC procedure so scenarios save against the client record"
HomeAffordabilityCalc,/portal/home-affordability,8.7,KEEP-L1,L1 — Platform,TOGGLE,ReverseHeloc,Estate / Legacy,3.0,3.4,UPGRADE or fold into library,"Public, Marketing & Legal",False,,To 10: wire it to live client/carrier data.,apply the CinematicEngine treatment (Ken Burns + breath-locked bloom)
ILITCalculator,/portal/ilit-calculator,8.7,KEEP-L1,L1 — Platform,PARENT,—,Estate / Legacy,0.7,2.3,UPGRADE or fold into library,"Estate, Trust & Legacy",False,fabricated-constant,To 10: wire it to live client/carrier data.,"extract the math into `shared/<name>Engine.ts` as a pure, deterministic module with a vitest suite ; add a tRPC procedure so scenarios save against the client record"
PeerTrustNetwork,/portal/peer-network,8.7,KEEP-L1,L1 — Platform,STANDALONE,—,Estate / Legacy,1.0,1.4,UPGRADE or fold into library,"Estate, Trust & Legacy",False,,To 10: add a market-vs-IUL outcome chart.,"extract the math into `shared/<name>Engine.ts` as a pure, deterministic module with a vitest suite ; add projection + sensitivity + comparison charts"
QPRTCalculator,/portal/qprt-calculator,8.7,KEEP-L1,L1 — Platform,PARENT,—,Estate / Legacy,0.5,1.9,UPGRADE or fold into library,Cross-Cutting Reference Library,False,fabricated-constant,To 10: wire it to live client/carrier data.,"extract the math into `shared/<name>Engine.ts` as a pure, deterministic module with a vitest suite ; add a tRPC procedure so scenarios save against the client record"
SpecialNeedsTrustCalc,/portal/special-needs-trust,8.7,KEEP-L1,L1 — Platform,STANDALONE,—,Estate / Legacy,0.5,1.5,FIX FIRST — defective output,"Estate, Trust & Legacy",True,undeclared-var,To 10: wire it to live client/carrier data.,"extract the math into `shared/<name>Engine.ts` as a pure, deterministic module with a vitest suite ; add a tRPC procedure so scenarios save against the client record"
WillWriter,/portal/will-writer,8.7,KEEP-L1,L1 — Platform,TOGGLE,EstateFlowChart,Estate / Legacy,4.4,4.8,EMBED — reference card,"Estate, Trust & Legacy",False,,To 10: add a market-vs-IUL outcome chart.,"extract the math into `shared/<name>Engine.ts` as a pure, deterministic module with a vitest suite ; add projection + sensitivity + comparison charts"
SplitDollarLife,/portal/split-dollar-life,8.7,KEEP-L1,L1 — Platform,TOGGLE,SplitDollarLifeInsurance,Large-Case Structure,1.4,1.8,UPGRADE or fold into library,Cross-Cutting Reference Library,False,,To 10: wire it to live client/carrier data.,"extract the math into `shared/<name>Engine.ts` as a pure, deterministic module with a vitest suite ; add a tRPC procedure so scenarios save against the client record"
ClientOnboardingAutomation,/portal/client-onboarding-auto,8.7,KEEP-L1,L1 — Platform,STANDALONE,—,Supporting Planning,5.7,6.1,EMBED — accordion section,Mortgage & Debt Elimination,False,,To 10: tie the output explicitly to an IUL solution.,"extract the math into `shared/<name>Engine.ts` as a pure, deterministic module with a vitest suite ; add branded PDF export with sources and method notes"
CollaborativePlanning,/portal/collaborative-planning,8.7,KEEP-L1,L1 — Platform,STANDALONE,—,Supporting Planning,4.9,5.3,EMBED — reference card,Client Management & CRM,False,,To 10: tie the output explicitly to an IUL solution.,"extract the math into `shared/<name>Engine.ts` as a pure, deterministic module with a vitest suite ; add branded PDF export with sources and method notes"
AdvancedReporting,/portal/advanced-reporting,8.6,KEEP-L1,L1 — Platform,STANDALONE,—,Compliance / Reporting Ops,6.3,6.7,EMBED — accordion section,Reports & Deliverables,False,,To 10: add a discovery question to open the conversation.,"extract the math into `shared/<name>Engine.ts` as a pure, deterministic module with a vitest suite ; register in `pageRegistry.ts` with intent tags so the AI brain can cite and deep-link it"
ClientReportGenerator,/portal/client-report-gen,8.6,KEEP-L1,L1 — Platform,STANDALONE,—,Compliance / Reporting Ops,7.7,8.1,EMBED — named tab,Mortgage & Debt Elimination,False,,To 10: add a discovery question to open the conversation.,"extract the math into `shared/<name>Engine.ts` as a pure, deterministic module with a vitest suite ; register in `pageRegistry.ts` with intent tags so the AI brain can cite and deep-link it"
ComplianceReportGenerator,/portal/compliance-reports,8.6,KEEP-L1,L1 — Platform,STANDALONE,—,Compliance / Reporting Ops,5.0,6.4,EMBED — accordion section,Compliance & Supervision,False,literal-chart-data,To 10: add a discovery question to open the conversation.,"extract the math into `shared/<name>Engine.ts` as a pure, deterministic module with a vitest suite ; add branded PDF export with sources and method notes"
MarketDataDashboard,/portal/market-data,8.6,KEEP-L1,L1 — Platform,STANDALONE,—,Dashboards / Internal,5.5,5.9,EMBED — accordion section,Investments & Portfolio,False,,To 10: add a discovery question to open the conversation.,"extract the math into `shared/<name>Engine.ts` as a pure, deterministic module with a vitest suite ; add branded PDF export with sources and method notes"
DisabilityGapAnalysis,/portal/disability-gap,8.6,KEEP-L1,L1 — Platform,TOGGLE,OverheadExpenseCalc,Estate / Legacy,2.1,2.5,UPGRADE or fold into library,"Insurance, Annuity & Carrier",False,,To 10: add a discovery question to open the conversation.,"extract the math into `shared/<name>Engine.ts` as a pure, deterministic module with a vitest suite ; add projection + sensitivity + comparison charts"
GenerationalWealthSimulator,/portal/generational-wealth-sim,8.6,KEEP-L1,L1 — Platform,TOGGLE,MultiGenWealthTransfer,Estate / Legacy,2.6,3.0,UPGRADE or fold into library,Scenario Lab & Comparison,False,,To 10: add a discovery question to open the conversation.,"extract the math into `shared/<name>Engine.ts` as a pure, deterministic module with a vitest suite ; add projection + sensitivity + comparison charts"
StateTaxMigration,/portal/state-tax-migration,8.6,KEEP-L1,L1 — Platform,STANDALONE,—,Estate / Legacy,2.1,2.5,UPGRADE or fold into library,Tax Strategy,False,,To 10: add a discovery question to open the conversation.,"extract the math into `shared/<name>Engine.ts` as a pure, deterministic module with a vitest suite ; add projection + sensitivity + comparison charts"
CryptoCurrencyCorner,/portal/crypto-corner,8.6,KEEP-L1,L1 — Platform,STANDALONE,—,Supporting Planning,7.0,7.4,EMBED — named tab,Investments & Portfolio,False,,To 10: add a discovery question to open the conversation.,"widen inputs to a full scenario (assumptions, ranges, alternatives) ; register in `pageRegistry.ts` with intent tags so the AI brain can cite and deep-link it"
HiddenMaterial,/portal/hidden-material,8.6,KEEP-L1,L1 — Platform,STANDALONE,—,Supporting Planning,5.7,6.1,EMBED — accordion section,Compliance & Supervision,False,,To 10: add a discovery question to open the conversation.,"extract the math into `shared/<name>Engine.ts` as a pure, deterministic module with a vitest suite ; add branded PDF export with sources and method notes"
HouseRecyclingStrategy,/portal/house-recycling,8.6,KEEP-L1,L1 — Platform,STANDALONE,—,Supporting Planning,5.7,6.1,EMBED — accordion section,Mortgage & Debt Elimination,False,,To 10: add a discovery question to open the conversation.,"widen inputs to a full scenario (assumptions, ranges, alternatives) ; add branded PDF export with sources and method notes"
MultiScenarioPlayZone,/portal/scenario-play,8.6,KEEP-L1,L1 — Platform,STANDALONE,—,Supporting Planning,7.9,8.3,EMBED — named tab,Scenario Lab & Comparison,False,,To 10: add a discovery question to open the conversation.,add branded PDF export with sources and method notes ; register in `pageRegistry.ts` with intent tags so the AI brain can cite and deep-link it
BuySellAgreement,/portal/buy-sell-agreement,8.5,KEEP-L1,L1 — Platform,TOGGLE,BuySellFundingCalc,Business Owner / Entity,1.0,1.4,UPGRADE or fold into library,Business & Succession,False,,To 10: wire it to live client/carrier data.,"extract the math into `shared/<name>Engine.ts` as a pure, deterministic module with a vitest suite ; add a tRPC procedure so scenarios save against the client record"
CrossPurchaseAgreement,/portal/cross-purchase,8.5,KEEP-L1,L1 — Platform,TOGGLE,BuySellFundingCalc,Business Owner / Entity,1.0,1.4,UPGRADE or fold into library,Cross-Cutting Reference Library,False,,To 10: wire it to live client/carrier data.,"extract the math into `shared/<name>Engine.ts` as a pure, deterministic module with a vitest suite ; add a tRPC procedure so scenarios save against the client record"
ExecutiveCommandCenter,,8.5,KEEP-L1,L1 — Platform,STANDALONE,—,Business Owner / Entity,0.5,0.7,UPGRADE or fold into library,Cross-Cutting Reference Library,False,,To 10: wire it to live client/carrier data.,"extract the math into `shared/<name>Engine.ts` as a pure, deterministic module with a vitest suite ; add a tRPC procedure so scenarios save against the client record"
ClientStoryGenerator,/portal/story-generator,8.5,KEEP-L1,L1 — Platform,TOGGLE,SalesStoryBuilder,Client Sales Tool,1.8,2.2,UPGRADE or fold into library,Advisor Practice & Sales Enablement,False,,To 10: add a market-vs-IUL outcome chart.,"extract the math into `shared/<name>Engine.ts` as a pure, deterministic module with a vitest suite ; add projection + sensitivity + comparison charts"
ComboRecommender,/portal/combo-recommender-v2,8.5,KEEP-L1,L1 — Platform,STANDALONE,—,Client Sales Tool,1.8,2.2,UPGRADE or fold into library,AI Brain & Intelligence,False,,To 10: add a market-vs-IUL outcome chart.,"extract the math into `shared/<name>Engine.ts` as a pure, deterministic module with a vitest suite ; add projection + sensitivity + comparison charts"
IDRComparisonCalc,/portal/idr-comparison,8.5,KEEP-L1,L1 — Platform,PARENT,—,Client Sales Tool,0.5,3.2,UPGRADE or fold into library,Scenario Lab & Comparison,True,frozen-chart|fabricated-constant,To 10: wire it to live client/carrier data.,"extract the math into `shared/<name>Engine.ts` as a pure, deterministic module with a vitest suite ; add a tRPC procedure so scenarios save against the client record"
MYGAWaterfallComparison,/portal/myga-waterfall,8.5,KEEP-L1,L1 — Platform,TOGGLE,ExistingAnnuities,Client Sales Tool,1.9,2.3,UPGRADE or fold into library,Scenario Lab & Comparison,False,,To 10: wire it to live client/carrier data.,"extract the math into `shared/<name>Engine.ts` as a pure, deterministic module with a vitest suite ; add a tRPC procedure so scenarios save against the client record"
WealthTransferVehicleComparison,/portal/wealth-transfer-comparison,8.5,KEEP-L1,L1 — Platform,TOGGLE,MultiGenWealthTransfer,Client Sales Tool,1.7,2.1,UPGRADE or fold into library,"Estate, Trust & Legacy",False,,To 10: wire it to live client/carrier data.,"extract the math into `shared/<name>Engine.ts` as a pure, deterministic module with a vitest suite ; add a tRPC procedure so scenarios save against the client record"
PensionMaxCalc,/portal/pension-max,8.5,KEEP-L1,L1 — Platform,TOGGLE,PensionVsLumpSumCalc,Guaranteed Income / Annuity,0.5,1.9,UPGRADE or fold into library,Retirement Income & Drawdown,False,fabricated-constant,To 10: wire it to live client/carrier data.,"extract the math into `shared/<name>Engine.ts` as a pure, deterministic module with a vitest suite ; add a tRPC procedure so scenarios save against the client record"
PensionVsLumpSumCalc,/portal/pension-vs-lump-sum,8.5,KEEP-L1,L1 — Platform,PARENT,—,Guaranteed Income / Annuity,0.5,2.3,FIX FIRST — defective output,Retirement Income & Drawdown,True,undeclared-var,To 10: wire it to live client/carrier data.,"extract the math into `shared/<name>Engine.ts` as a pure, deterministic module with a vitest suite ; add a tRPC procedure so scenarios save against the client record"
ClientPortal,/portal/client-portal-config,8.5,KEEP-L1,L1 — Platform,STANDALONE,—,Supporting Planning,5.1,5.5,EMBED — accordion section,Mortgage & Debt Elimination,False,,To 10: tie the output explicitly to an IUL solution.,"extract the math into `shared/<name>Engine.ts` as a pure, deterministic module with a vitest suite ; widen inputs to a full scenario (assumptions, ranges, alternatives)"
PortfolioDriftMonitor,/portal/portfolio-drift,8.5,KEEP-L1,L1 — Platform,STANDALONE,—,Supporting Planning,7.9,8.3,EMBED — named tab,Investments & Portfolio,False,,To 10: add a discovery question to open the conversation.,add branded PDF export with sources and method notes ; register in `pageRegistry.ts` with intent tags so the AI brain can cite and deep-link it
TimeMachineMethod,/portal/time-machine-method,8.5,KEEP-L1,L1 — Platform,STANDALONE,—,Supporting Planning,5.3,5.7,EMBED — accordion section,IUL & Policy Engineering,False,,To 10: wire it to live client/carrier data.,"add a tRPC procedure so scenarios save against the client record ; widen inputs to a full scenario (assumptions, ranges, alternatives)"
AdvisorChat,/portal/advisor-chat,8.4,KEEP-L1,L1 — Platform,STANDALONE,—,Advisor Ops / Growth,5.4,6.8,EMBED — accordion section,Advisor Practice & Sales Enablement,False,literal-chart-data,To 9.7: add a discovery question to open the conversation.,"extract the math into `shared/<name>Engine.ts` as a pure, deterministic module with a vitest suite ; add branded PDF export with sources and method notes"
AdvisorDirectory,/portal/advisor-directory,8.4,KEEP-L1,L1 — Platform,STANDALONE,—,Advisor Ops / Growth,7.5,7.9,EMBED — named tab,Advisor Practice & Sales Enablement,False,,To 9.7: add a discovery question to open the conversation.,add branded PDF export with sources and method notes ; register in `pageRegistry.ts` with intent tags so the AI brain can cite and deep-link it
ClientHealthDashboard,/portal/client-health,8.4,KEEP-L1,L1 — Platform,STANDALONE,—,Dashboards / Internal,6.0,7.9,EMBED — accordion section,Mortgage & Debt Elimination,True,frozen-chart,To 9.7: add a discovery question to open the conversation.,"extract the math into `shared/<name>Engine.ts` as a pure, deterministic module with a vitest suite ; add branded PDF export with sources and method notes"
AnnuityHiddenFee,/portal/annuity-fee-detector,8.4,KEEP-L1,L1 — Platform,TOGGLE,ExistingAnnuities,Guaranteed Income / Annuity,2.5,2.9,UPGRADE or fold into library,"Insurance, Annuity & Carrier",False,,To 10: add a discovery question to open the conversation.,"extract the math into `shared/<name>Engine.ts` as a pure, deterministic module with a vitest suite ; add projection + sensitivity + comparison charts"
AiAssist,/portal/ai,8.4,KEEP-L1,L1 — Platform,STANDALONE,—,Supporting Planning,7.2,7.6,EMBED — named tab,AI Brain & Intelligence,False,,To 9.7: add a discovery question to open the conversation.,"extract the math into `shared/<name>Engine.ts` as a pure, deterministic module with a vitest suite ; add branded PDF export with sources and method notes"
ClientSelfServicePortal,/portal/client-self-service,8.4,KEEP-L1,L1 — Platform,STANDALONE,—,Supporting Planning,5.9,6.3,EMBED — accordion section,Mortgage & Debt Elimination,False,,To 9.7: add a discovery question to open the conversation.,"extract the math into `shared/<name>Engine.ts` as a pure, deterministic module with a vitest suite ; add branded PDF export with sources and method notes"
IndexBacktester,/portal/index-backtester,8.4,KEEP-L1,L1 — Platform,STANDALONE,—,Supporting Planning,5.9,8.8,EMBED — accordion section,Cross-Cutting Reference Library,True,frozen-chart|literal-chart-data,To 9.7: add a discovery question to open the conversation.,"register in `pageRegistry.ts` with intent tags so the AI brain can cite and deep-link it ; surface as a tab/accordion inside its hub — keep the URL, drop the top-level nav claim"
MarketScenarioStressTest,/portal/market-stress-test,8.4,KEEP-L1,L1 — Platform,STANDALONE,—,Supporting Planning,7.9,8.3,EMBED — named tab,Investments & Portfolio,False,,To 9.7: add a discovery question to open the conversation.,add branded PDF export with sources and method notes ; register in `pageRegistry.ts` with intent tags so the AI brain can cite and deep-link it
SavedScenariosHub,/portal/saved-scenarios,8.4,KEEP-L1,L1 — Platform,STANDALONE,—,Supporting Planning,6.5,7.9,EMBED — accordion section,Scenario Lab & Comparison,False,literal-chart-data,To 9.7: add a discovery question to open the conversation.,"widen inputs to a full scenario (assumptions, ranges, alternatives) ; add branded PDF export with sources and method notes"
ScenarioAdjustments,/portal/scenarios,8.4,KEEP-L1,L1 — Platform,STANDALONE,—,Supporting Planning,7.0,8.6,EMBED — named tab,Scenario Lab & Comparison,False,fabricated-constant,To 9.7: add a discovery question to open the conversation.,"widen inputs to a full scenario (assumptions, ranges, alternatives) ; register in `pageRegistry.ts` with intent tags so the AI brain can cite and deep-link it"
ScenarioSideBySide,/portal/scenario-side-by-side,8.4,KEEP-L1,L1 — Platform,STANDALONE,—,Supporting Planning,4.6,7.5,EMBED — reference card,Scenario Lab & Comparison,True,frozen-chart|literal-chart-data,To 9.7: add a discovery question to open the conversation.,"widen inputs to a full scenario (assumptions, ranges, alternatives) ; add branded PDF export with sources and method notes"
BackdoorRothGuide,,8.4,KEEP-L1,L1 — Platform,TOGGLE,RothConversionSTR,Tax / Income Lever,0.5,1.7,UPGRADE or fold into library,Tax Strategy,True,frozen-chart,To 10: wire it to live client/carrier data.,"extract the math into `shared/<name>Engine.ts` as a pure, deterministic module with a vitest suite ; add a tRPC procedure so scenarios save against the client record"
RothConversionAnalyzer,/portal/roth-conversion-analyzer,8.4,KEEP-L1,L1 — Platform,TOGGLE,RothConversionSTR,Tax / Income Lever,2.1,2.5,UPGRADE or fold into library,Tax Strategy,False,,To 10: wire it to live client/carrier data.,"extract the math into `shared/<name>Engine.ts` as a pure, deterministic module with a vitest suite ; add a tRPC procedure so scenarios save against the client record"
SafeWithdrawalCalc,/portal/safe-withdrawal-rate,8.4,KEEP-L1,L1 — Platform,TOGGLE,WithdrawalSequencing,Tax / Income Lever,0.5,2.4,FIX FIRST — defective output,Retirement Income & Drawdown,True,undeclared-var,To 10: wire it to live client/carrier data.,"extract the math into `shared/<name>Engine.ts` as a pure, deterministic module with a vitest suite ; add a tRPC procedure so scenarios save against the client record"
Section199ADeductionOptimizer,/portal/199a-optimizer,8.4,KEEP-L1,L1 — Platform,TOGGLE,QBICalculator,Tax / Income Lever,0.5,2.6,UPGRADE or fold into library,Tax Strategy,False,fabricated-constant|literal-chart-data,To 10: wire it to live client/carrier data.,"extract the math into `shared/<name>Engine.ts` as a pure, deterministic module with a vitest suite ; add a tRPC procedure so scenarios save against the client record"
Section199AOptimizer,/portal/section-199a,8.4,KEEP-L1,L1 — Platform,TOGGLE,QBICalculator,Tax / Income Lever,1.0,2.6,UPGRADE or fold into library,Tax Strategy,False,fabricated-constant,To 10: wire it to live client/carrier data.,"extract the math into `shared/<name>Engine.ts` as a pure, deterministic module with a vitest suite ; add a tRPC procedure so scenarios save against the client record"
TaxBracketNavigator,/portal/tax-bracket-navigator,8.4,KEEP-L1,L1 — Platform,STANDALONE,—,Tax / Income Lever,0.5,2.7,UPGRADE or fold into library,Tax Strategy,False,fabricated-constant|literal-chart-data,To 10: wire it to live client/carrier data.,"extract the math into `shared/<name>Engine.ts` as a pure, deterministic module with a vitest suite ; add a tRPC procedure so scenarios save against the client record"
TaxCreditOptimizer,/portal/tax-credits,8.4,KEEP-L1,L1 — Platform,STANDALONE,—,Tax / Income Lever,1.4,1.8,UPGRADE or fold into library,Tax Strategy,False,,To 10: wire it to live client/carrier data.,"extract the math into `shared/<name>Engine.ts` as a pure, deterministic module with a vitest suite ; add a tRPC procedure so scenarios save against the client record"
TaxDeferredExchangeTimeline,/portal/tax-deferred-exchange,8.4,KEEP-L1,L1 — Platform,PARENT,—,Tax / Income Lever,1.4,1.8,UPGRADE or fold into library,Tax Strategy,False,,To 10: wire it to live client/carrier data.,"extract the math into `shared/<name>Engine.ts` as a pure, deterministic module with a vitest suite ; add a tRPC procedure so scenarios save against the client record"
TaxEfficientWithdrawalSequencer,/portal/withdrawal-sequencer,8.4,KEEP-L1,L1 — Platform,STANDALONE,—,Tax / Income Lever,0.8,2.2,UPGRADE or fold into library,Retirement Income & Drawdown,False,literal-chart-data,To 10: wire it to live client/carrier data.,"extract the math into `shared/<name>Engine.ts` as a pure, deterministic module with a vitest suite ; add a tRPC procedure so scenarios save against the client record"
TaxStrategyOptimizer,/portal/tax-optimizer,8.4,KEEP-L1,L1 — Platform,STANDALONE,—,Tax / Income Lever,2.1,2.5,UPGRADE or fold into library,Tax Strategy,False,,To 10: wire it to live client/carrier data.,"extract the math into `shared/<name>Engine.ts` as a pure, deterministic module with a vitest suite ; add a tRPC procedure so scenarios save against the client record"
TaxableAccountOptimizer,/portal/taxable-account,8.4,KEEP-L1,L1 — Platform,STANDALONE,—,Tax / Income Lever,1.4,1.8,UPGRADE or fold into library,Tax Strategy,False,,To 10: wire it to live client/carrier data.,"extract the math into `shared/<name>Engine.ts` as a pure, deterministic module with a vitest suite ; add a tRPC procedure so scenarios save against the client record"
TaxableEstateCalculator,/portal/taxable-estate,8.4,KEEP-L1,L1 — Platform,TOGGLE,EstateTax,Tax / Income Lever,1.0,2.6,UPGRADE or fold into library,Tax Strategy,False,fabricated-constant,To 10: wire it to live client/carrier data.,"extract the math into `shared/<name>Engine.ts` as a pure, deterministic module with a vitest suite ; add a tRPC procedure so scenarios save against the client record"
VolatilityHarvestingEngine,/portal/volatility-harvesting,8.4,KEEP-L1,L1 — Platform,STANDALONE,—,Tax / Income Lever,1.4,1.8,UPGRADE or fold into library,Tax Strategy,False,,To 10: wire it to live client/carrier data.,"extract the math into `shared/<name>Engine.ts` as a pure, deterministic module with a vitest suite ; add a tRPC procedure so scenarios save against the client record"
WithdrawalRateOptimizer,/portal/withdrawal-rate,8.4,KEEP-L1,L1 — Platform,TOGGLE,WithdrawalSequencing,Tax / Income Lever,1.0,2.6,UPGRADE or fold into library,Retirement Income & Drawdown,False,fabricated-constant,To 10: wire it to live client/carrier data.,"extract the math into `shared/<name>Engine.ts` as a pure, deterministic module with a vitest suite ; add a tRPC procedure so scenarios save against the client record"
WarRoom,/portal/war-room,8.3,KEEP-L1,L1 — Platform,STANDALONE,—,Dashboards / Internal,4.7,5.1,EMBED — reference card,Reports & Deliverables,False,,To 9.6: tie the output explicitly to an IUL solution.,"extract the math into `shared/<name>Engine.ts` as a pure, deterministic module with a vitest suite ; add projection + sensitivity + comparison charts"
LifetimeGuaranteedIncome,/portal/lifetime-income,8.3,KEEP-L1,L1 — Platform,TOGGLE,WithdrawalSequencing,Guaranteed Income / Annuity,1.7,2.1,UPGRADE or fold into library,"Insurance, Annuity & Carrier",False,,To 10: wire it to live client/carrier data.,"extract the math into `shared/<name>Engine.ts` as a pure, deterministic module with a vitest suite ; add a tRPC procedure so scenarios save against the client record"
SocialSecurityMaximizer,/portal/social-security-maximizer,8.3,KEEP-L1,L1 — Platform,TOGGLE,SocialSecurityBridge,Guaranteed Income / Annuity,0.6,2.2,UPGRADE or fold into library,Retirement Income & Drawdown,False,fabricated-constant,To 10: wire it to live client/carrier data.,"extract the math into `shared/<name>Engine.ts` as a pure, deterministic module with a vitest suite ; add a tRPC procedure so scenarios save against the client record"
SocialSecurityOptimizer,/portal/social-security,8.3,KEEP-L1,L1 — Platform,TOGGLE,SocialSecurityBridge,Guaranteed Income / Annuity,2.1,2.5,UPGRADE or fold into library,Retirement Income & Drawdown,False,,To 10: wire it to live client/carrier data.,"extract the math into `shared/<name>Engine.ts` as a pure, deterministic module with a vitest suite ; add a tRPC procedure so scenarios save against the client record"
CompetitiveAnalysis,/portal/competitive,8.2,KEEP-L1,L1 — Platform,STANDALONE,—,Advisor Ops / Growth,5.2,7.1,EMBED — accordion section,Advisor Practice & Sales Enablement,True,frozen-chart,To 9.5: add a discovery question to open the conversation.,"widen inputs to a full scenario (assumptions, ranges, alternatives) ; add branded PDF export with sources and method notes"
HeartfireLegacy,/portal/heartfire-legacy,8.2,KEEP-L1,L1 — Platform,STANDALONE,—,Estate / Legacy,1.1,1.5,UPGRADE or fold into library,"Estate, Trust & Legacy",False,,To 10: wire it to live client/carrier data.,"extract the math into `shared/<name>Engine.ts` as a pure, deterministic module with a vitest suite ; add a tRPC procedure so scenarios save against the client record"
ClientPresentationBuilder,/portal/client-presentation,8.1,KEEP-L1,L1 — Platform,TOGGLE,SeminarGenerator,Client Sales Tool,0.5,1.7,UPGRADE or fold into library,Mortgage & Debt Elimination,False,literal-chart-data,To 10: wire it to live client/carrier data.,"extract the math into `shared/<name>Engine.ts` as a pure, deterministic module with a vitest suite ; add a tRPC procedure so scenarios save against the client record"
EstateFreezeComparison,/portal/estate-freeze-comparison,8.1,KEEP-L1,L1 — Platform,TOGGLE,EstateTax,Client Sales Tool,1.0,1.4,UPGRADE or fold into library,"Estate, Trust & Legacy",False,,To 10: wire it to live client/carrier data.,"extract the math into `shared/<name>Engine.ts` as a pure, deterministic module with a vitest suite ; add a tRPC procedure so scenarios save against the client record"
SharedSlidesViewer,/shared-slides/:token,8.1,KEEP-L1,L1 — Platform,STANDALONE,—,Client Sales Tool,1.8,1.8,UPGRADE or fold into library,Advisor Practice & Sales Enablement,False,,To 10: add a market-vs-IUL outcome chart.,"extract the math into `shared/<name>Engine.ts` as a pure, deterministic module with a vitest suite ; add projection + sensitivity + comparison charts"
BeneficiaryIRAPlanner,/portal/beneficiary-ira,8.1,KEEP-L1,L1 — Platform,STANDALONE,—,Estate / Legacy,0.5,2.1,UPGRADE or fold into library,"Estate, Trust & Legacy",False,fabricated-constant,To 10: wire it to live client/carrier data.,"extract the math into `shared/<name>Engine.ts` as a pure, deterministic module with a vitest suite ; add a tRPC procedure so scenarios save against the client record"
CRUTDeepDive,/portal/crut-deep-dive,8.1,KEEP-L1,L1 — Platform,TOGGLE,CharitableLeadTrustEngine,Estate / Legacy,0.5,1.8,UPGRADE or fold into library,Cross-Cutting Reference Library,False,fabricated-constant,To 10: wire it to live client/carrier data.,"extract the math into `shared/<name>Engine.ts` as a pure, deterministic module with a vitest suite ; add a tRPC procedure so scenarios save against the client record"
CharitableLeadTrustEngine,/portal/clt-engine,8.1,KEEP-L1,L1 — Platform,PARENT,—,Estate / Legacy,0.6,2.2,UPGRADE or fold into library,Tax Strategy,False,fabricated-constant,To 10: wire it to live client/carrier data.,"extract the math into `shared/<name>Engine.ts` as a pure, deterministic module with a vitest suite ; add a tRPC procedure so scenarios save against the client record"
CharitableRemainderTrustEngine,/portal/crt-engine,8.1,KEEP-L1,L1 — Platform,TOGGLE,CharitableLeadTrustEngine,Estate / Legacy,0.5,2.5,UPGRADE or fold into library,Tax Strategy,False,fabricated-constant|literal-chart-data,To 10: wire it to live client/carrier data.,"extract the math into `shared/<name>Engine.ts` as a pure, deterministic module with a vitest suite ; add a tRPC procedure so scenarios save against the client record"
CharitableRemainderUniTrust,/portal/charitable-remainder-unitrust,8.1,KEEP-L1,L1 — Platform,TOGGLE,CharitableLeadTrustEngine,Estate / Legacy,0.5,2.1,UPGRADE or fold into library,Tax Strategy,False,fabricated-constant,To 10: wire it to live client/carrier data.,"extract the math into `shared/<name>Engine.ts` as a pure, deterministic module with a vitest suite ; add a tRPC procedure so scenarios save against the client record"
DigitalEstatePlanner,/portal/digital-estate-planner,8.1,KEEP-L1,L1 — Platform,TOGGLE,EstateFlowChart,Estate / Legacy,1.4,1.8,UPGRADE or fold into library,"Estate, Trust & Legacy",False,,To 10: wire it to live client/carrier data.,"extract the math into `shared/<name>Engine.ts` as a pure, deterministic module with a vitest suite ; add a tRPC procedure so scenarios save against the client record"
DynastyTrustPlanner,/portal/dynasty-trust-planner,8.1,KEEP-L1,L1 — Platform,TOGGLE,MultiGenWealthTransfer,Estate / Legacy,1.3,1.7,UPGRADE or fold into library,"Estate, Trust & Legacy",False,,To 10: wire it to live client/carrier data.,"extract the math into `shared/<name>Engine.ts` as a pure, deterministic module with a vitest suite ; add a tRPC procedure so scenarios save against the client record"
EstatePlanningSimulator,/portal/estate-planning-sim,8.1,KEEP-L1,L1 — Platform,TOGGLE,EstateFlowChart,Estate / Legacy,2.1,2.5,UPGRADE or fold into library,"Estate, Trust & Legacy",False,,To 10: wire it to live client/carrier data.,"extract the math into `shared/<name>Engine.ts` as a pure, deterministic module with a vitest suite ; add a tRPC procedure so scenarios save against the client record"
EstatePlanningTimeline,/portal/estate-timeline,8.1,KEEP-L1,L1 — Platform,TOGGLE,EstateFlowChart,Estate / Legacy,1.4,1.8,UPGRADE or fold into library,"Estate, Trust & Legacy",False,,To 10: wire it to live client/carrier data.,"extract the math into `shared/<name>Engine.ts` as a pure, deterministic module with a vitest suite ; add a tRPC procedure so scenarios save against the client record"
GRATCalculator,/portal/grat-calculator,8.1,KEEP-L1,L1 — Platform,PARENT,—,Estate / Legacy,0.5,1.9,FIX FIRST — defective output,"Estate, Trust & Legacy",True,undeclared-var,To 10: wire it to live client/carrier data.,"extract the math into `shared/<name>Engine.ts` as a pure, deterministic module with a vitest suite ; add a tRPC procedure so scenarios save against the client record"
GSTTrustPlanner,/portal/gst-trust,8.1,KEEP-L1,L1 — Platform,STANDALONE,—,Estate / Legacy,1.4,1.8,UPGRADE or fold into library,"Estate, Trust & Legacy",False,,To 10: wire it to live client/carrier data.,"extract the math into `shared/<name>Engine.ts` as a pure, deterministic module with a vitest suite ; add a tRPC procedure so scenarios save against the client record"
GraniteStateTrustPlanner,/portal/state-trust-planning,8.1,KEEP-L1,L1 — Platform,STANDALONE,—,Estate / Legacy,1.0,2.4,UPGRADE or fold into library,"Estate, Trust & Legacy",False,literal-chart-data,To 10: wire it to live client/carrier data.,"extract the math into `shared/<name>Engine.ts` as a pure, deterministic module with a vitest suite ; add a tRPC procedure so scenarios save against the client record"
IDGTAdvancedModeler,/portal/idgt-advanced,8.1,KEEP-L1,L1 — Platform,PARENT,—,Estate / Legacy,0.5,1.8,UPGRADE or fold into library,Cross-Cutting Reference Library,False,fabricated-constant,To 10: wire it to live client/carrier data.,"extract the math into `shared/<name>Engine.ts` as a pure, deterministic module with a vitest suite ; add a tRPC procedure so scenarios save against the client record"
IncentiveTrustDesigner,/portal/incentive-trust,8.1,KEEP-L1,L1 — Platform,STANDALONE,—,Estate / Legacy,2.7,3.1,UPGRADE or fold into library,"Estate, Trust & Legacy",False,,To 10: wire it to live client/carrier data.,"extract the math into `shared/<name>Engine.ts` as a pure, deterministic module with a vitest suite ; add a tRPC procedure so scenarios save against the client record"
InheritedRothPlanner,/portal/inherited-roth,8.1,KEEP-L1,L1 — Platform,TOGGLE,RothConversionSTR,Estate / Legacy,1.4,1.8,UPGRADE or fold into library,Tax Strategy,False,,To 10: wire it to live client/carrier data.,"extract the math into `shared/<name>Engine.ts` as a pure, deterministic module with a vitest suite ; add a tRPC procedure so scenarios save against the client record"
InternationalTrustPlanner,/portal/international-trust,8.1,KEEP-L1,L1 — Platform,STANDALONE,—,Estate / Legacy,0.5,1.8,UPGRADE or fold into library,"Estate, Trust & Legacy",False,literal-chart-data,To 10: wire it to live client/carrier data.,"extract the math into `shared/<name>Engine.ts` as a pure, deterministic module with a vitest suite ; add a tRPC procedure so scenarios save against the client record"
MultiGenerationalRothStrategy,/portal/multi-gen-roth,8.1,KEEP-L1,L1 — Platform,TOGGLE,RothConversionSTR,Estate / Legacy,1.8,2.2,UPGRADE or fold into library,Tax Strategy,False,,To 10: wire it to live client/carrier data.,"extract the math into `shared/<name>Engine.ts` as a pure, deterministic module with a vitest suite ; add a tRPC procedure so scenarios save against the client record"
MultiGenerationalWealthEngine,/portal/multi-generational-wealth,8.1,KEEP-L1,L1 — Platform,TOGGLE,MultiGenWealthTransfer,Estate / Legacy,0.5,2.2,UPGRADE or fold into library,"Estate, Trust & Legacy",False,fabricated-constant|literal-chart-data,To 10: wire it to live client/carrier data.,"extract the math into `shared/<name>Engine.ts` as a pure, deterministic module with a vitest suite ; add a tRPC procedure so scenarios save against the client record"
QPRTAdvancedPlanner,/portal/qprt-advanced,8.1,KEEP-L1,L1 — Platform,TOGGLE,QPRTCalculator,Estate / Legacy,1.8,2.2,UPGRADE or fold into library,Cross-Cutting Reference Library,False,,To 10: wire it to live client/carrier data.,"extract the math into `shared/<name>Engine.ts` as a pure, deterministic module with a vitest suite ; add a tRPC procedure so scenarios save against the client record"
RealEstateDepreciationRecapture,/portal/depreciation-recapture,8.1,KEEP-L1,L1 — Platform,STANDALONE,—,Estate / Legacy,1.4,1.8,UPGRADE or fold into library,Real Estate Intelligence,False,,To 10: wire it to live client/carrier data.,"extract the math into `shared/<name>Engine.ts` as a pure, deterministic module with a vitest suite ; add a tRPC procedure so scenarios save against the client record"
RealEstateStackingStrategy,/portal/re-stacking,8.1,KEEP-L1,L1 — Platform,STANDALONE,—,Estate / Legacy,1.8,2.2,UPGRADE or fold into library,Real Estate Intelligence,False,,To 10: wire it to live client/carrier data.,"extract the math into `shared/<name>Engine.ts` as a pure, deterministic module with a vitest suite ; add a tRPC procedure so scenarios save against the client record"
RealEstatesyndicationAnalyzer,/portal/real-estate-syndication,8.1,KEEP-L1,L1 — Platform,STANDALONE,—,Estate / Legacy,1.1,2.5,UPGRADE or fold into library,Real Estate Intelligence,False,literal-chart-data,To 10: wire it to live client/carrier data.,"extract the math into `shared/<name>Engine.ts` as a pure, deterministic module with a vitest suite ; add a tRPC procedure so scenarios save against the client record"
SLATDeepDive,/portal/slat-deep-dive,8.1,KEEP-L1,L1 — Platform,PARENT,—,Estate / Legacy,0.5,1.4,UPGRADE or fold into library,"Estate, Trust & Legacy",True,frozen-chart,To 10: wire it to live client/carrier data.,"extract the math into `shared/<name>Engine.ts` as a pure, deterministic module with a vitest suite ; add a tRPC procedure so scenarios save against the client record"
TrustFundingChecklist,/portal/trust-funding,8.1,KEEP-L1,L1 — Platform,TOGGLE,EstateFlowChart,Estate / Legacy,1.4,1.8,UPGRADE or fold into library,"Estate, Trust & Legacy",False,,To 10: wire it to live client/carrier data.,"extract the math into `shared/<name>Engine.ts` as a pure, deterministic module with a vitest suite ; add a tRPC procedure so scenarios save against the client record"
LTCCostCalc,/portal/ltc-cost,8.1,KEEP-L1,L1 — Platform,TOGGLE,LivingBenefitsProbability,Insurance (other),1.9,2.3,UPGRADE or fold into library,"Insurance, Annuity & Carrier",False,,To 9.4: wire it to live client/carrier data.,"extract the math into `shared/<name>Engine.ts` as a pure, deterministic module with a vitest suite ; add a tRPC procedure so scenarios save against the client record"
LifeInsuranceNeedsCalc,/portal/life-insurance-needs,8.1,KEEP-L1,L1 — Platform,STANDALONE,—,Insurance (other),1.2,2.8,UPGRADE or fold into library,"Insurance, Annuity & Carrier",False,fabricated-constant,To 9.4: wire it to live client/carrier data.,"extract the math into `shared/<name>Engine.ts` as a pure, deterministic module with a vitest suite ; add a tRPC procedure so scenarios save against the client record"
LongTermCareHybrid,/portal/long-term-care-hybrid,8.1,KEEP-L1,L1 — Platform,TOGGLE,LivingBenefitsProbability,Insurance (other),1.8,2.2,UPGRADE or fold into library,"Insurance, Annuity & Carrier",False,,To 9.4: wire it to live client/carrier data.,"extract the math into `shared/<name>Engine.ts` as a pure, deterministic module with a vitest suite ; add a tRPC procedure so scenarios save against the client record"
UmbrellaInsuranceCalc,/portal/umbrella-insurance,8.1,KEEP-L1,L1 — Platform,STANDALONE,—,Insurance (other),1.5,1.9,UPGRADE or fold into library,"Insurance, Annuity & Carrier",False,,To 9.4: wire it to live client/carrier data.,"extract the math into `shared/<name>Engine.ts` as a pure, deterministic module with a vitest suite ; add a tRPC procedure so scenarios save against the client record"
DivorceCalculator,/portal/divorce-calculator,8.1,KEEP-L1,L1 — Platform,STANDALONE,—,Supporting Planning,3.9,5.3,EMBED — reference card,"Risk, Divorce & Protection",False,literal-chart-data,To 9.4: wire it to live client/carrier data.,"extract the math into `shared/<name>Engine.ts` as a pure, deterministic module with a vitest suite ; add a tRPC procedure so scenarios save against the client record"
EducationHub,/portal/education,8.1,KEEP-L1,L1 — Platform,STANDALONE,—,Supporting Planning,3.2,5.1,UPGRADE or fold into library,Education & Knowledge,True,frozen-chart,To 9.4: add a discovery question to open the conversation.,"extract the math into `shared/<name>Engine.ts` as a pure, deterministic module with a vitest suite ; widen inputs to a full scenario (assumptions, ranges, alternatives)"
Onboarding,/onboarding,8.1,KEEP-L1,L1 — Platform,STANDALONE,—,Supporting Planning,4.6,5.0,EMBED — reference card,"Discovery, Calibration & Onboarding",False,,To 9.4: add a market-vs-IUL outcome chart.,"extract the math into `shared/<name>Engine.ts` as a pure, deterministic module with a vitest suite ; add projection + sensitivity + comparison charts"
TimeMachineAG49,/portal/time-machine-ag49,8.1,KEEP-L1,L1 — Platform,STANDALONE,—,Supporting Planning,5.2,5.6,EMBED — accordion section,IUL & Policy Engineering,False,,To 9.4: wire it to live client/carrier data.,"add a tRPC procedure so scenarios save against the client record ; widen inputs to a full scenario (assumptions, ranges, alternatives)"
AdvisorySummary,/portal/advisory-summary,8.0,KEEP-L1,L1 — Platform,STANDALONE,—,Advisor Ops / Growth,5.6,7.5,EMBED — accordion section,Advisor Practice & Sales Enablement,True,frozen-chart,To 9.3: add a discovery question to open the conversation.,"widen inputs to a full scenario (assumptions, ranges, alternatives) ; add branded PDF export with sources and method notes"
LeadGenerator,/portal/lead-generator,8.0,KEEP-L1,L1 — Platform,STANDALONE,—,Advisor Ops / Growth,7.0,7.4,EMBED — named tab,Client Management & CRM,False,,To 9.3: add a discovery question to open the conversation.,"extract the math into `shared/<name>Engine.ts` as a pure, deterministic module with a vitest suite ; add branded PDF export with sources and method notes"
Pipeline,/portal/pipeline,8.0,KEEP-L1,L1 — Platform,STANDALONE,—,Advisor Ops / Growth,5.8,6.2,EMBED — accordion section,Client Management & CRM,False,,To 9.3: add a discovery question to open the conversation.,"extract the math into `shared/<name>Engine.ts` as a pure, deterministic module with a vitest suite ; add branded PDF export with sources and method notes"
ReferralTracker,/portal/referral-tracker,8.0,KEEP-L1,L1 — Platform,STANDALONE,—,Advisor Ops / Growth,6.0,6.4,EMBED — accordion section,Client Management & CRM,False,,To 9.3: add a discovery question to open the conversation.,"extract the math into `shared/<name>Engine.ts` as a pure, deterministic module with a vitest suite ; add branded PDF export with sources and method notes"
AuditTimeline,/portal/audit-timeline,8.0,KEEP-L1,L1 — Platform,STANDALONE,—,Compliance / Reporting Ops,5.9,7.8,EMBED — accordion section,Compliance & Supervision,True,frozen-chart,To 9.3: add a discovery question to open the conversation.,"extract the math into `shared/<name>Engine.ts` as a pure, deterministic module with a vitest suite ; add branded PDF export with sources and method notes"
ComplianceAlerts,/portal/compliance-alerts,8.0,KEEP-L1,L1 — Platform,STANDALONE,—,Compliance / Reporting Ops,4.2,6.1,EMBED — reference card,Compliance & Supervision,True,frozen-chart,To 9.3: add a discovery question to open the conversation.,"extract the math into `shared/<name>Engine.ts` as a pure, deterministic module with a vitest suite ; add branded PDF export with sources and method notes"
ComplianceAuditCenter,/portal/compliance-audit,8.0,KEEP-L1,L1 — Platform,STANDALONE,—,Compliance / Reporting Ops,4.8,6.7,EMBED — reference card,Compliance & Supervision,True,frozen-chart,To 9.3: add a discovery question to open the conversation.,"extract the math into `shared/<name>Engine.ts` as a pure, deterministic module with a vitest suite ; add branded PDF export with sources and method notes"
ComplianceExport,/portal/compliance,8.0,KEEP-L1,L1 — Platform,STANDALONE,—,Compliance / Reporting Ops,7.1,7.5,EMBED — named tab,Compliance & Supervision,False,,To 9.3: add a discovery question to open the conversation.,"extract the math into `shared/<name>Engine.ts` as a pure, deterministic module with a vitest suite ; register in `pageRegistry.ts` with intent tags so the AI brain can cite and deep-link it"
ComplianceMonitoringDashboard,/portal/compliance-monitoring,8.0,KEEP-L1,L1 — Platform,STANDALONE,—,Compliance / Reporting Ops,5.0,6.9,EMBED — accordion section,Compliance & Supervision,True,frozen-chart,To 9.3: add a discovery question to open the conversation.,"extract the math into `shared/<name>Engine.ts` as a pure, deterministic module with a vitest suite ; add branded PDF export with sources and method notes"
ClientSnapshotMap,/portal/client-snapshot,8.0,KEEP-L1,L1 — Platform,STANDALONE,—,Dashboards / Internal,4.8,6.2,EMBED — reference card,Mortgage & Debt Elimination,False,literal-chart-data,To 9.3: add a discovery question to open the conversation.,add branded PDF export with sources and method notes ; register in `pageRegistry.ts` with intent tags so the AI brain can cite and deep-link it
FeeTransparencyDashboard,/portal/fee-transparency,8.0,KEEP-L1,L1 — Platform,STANDALONE,—,Dashboards / Internal,7.7,8.1,EMBED — named tab,Investments & Portfolio,False,,To 9.3: add a discovery question to open the conversation.,"extract the math into `shared/<name>Engine.ts` as a pure, deterministic module with a vitest suite ; register in `pageRegistry.ts` with intent tags so the AI brain can cite and deep-link it"
OwnerWarRoom,/portal/command-center,8.0,KEEP-L1,L1 — Platform,STANDALONE,—,Dashboards / Internal,5.5,7.4,EMBED — accordion section,Reports & Deliverables,True,frozen-chart,To 9.3: add a discovery question to open the conversation.,"extract the math into `shared/<name>Engine.ts` as a pure, deterministic module with a vitest suite ; widen inputs to a full scenario (assumptions, ranges, alternatives)"
StaleDigest,/portal/stale-digest,8.0,KEEP-L1,L1 — Platform,STANDALONE,—,Dashboards / Internal,5.5,7.4,EMBED — accordion section,Compliance & Supervision,True,frozen-chart,To 9.3: add a discovery question to open the conversation.,"extract the math into `shared/<name>Engine.ts` as a pure, deterministic module with a vitest suite ; add branded PDF export with sources and method notes"
AIStrategyLabPro,/portal/ai-strategy-lab,8.0,KEEP-L1,L1 — Platform,STANDALONE,—,Supporting Planning,3.0,3.4,UPGRADE or fold into library,Scenario Lab & Comparison,False,,To 9.3: add a discovery question to open the conversation.,"extract the math into `shared/<name>Engine.ts` as a pure, deterministic module with a vitest suite ; add projection + sensitivity + comparison charts"
AthenePEPlus15,/portal/athene-pe-plus15,8.0,KEEP-L1,L1 — Platform,TOGGLE,ExistingAnnuities,Supporting Planning,7.1,7.5,EMBED — named tab,"Insurance, Annuity & Carrier",False,,To 9.3: add a discovery question to open the conversation.,"widen inputs to a full scenario (assumptions, ranges, alternatives) ; add branded PDF export with sources and method notes"
AxonicSP500,/portal/axonic-sp500,8.0,KEEP-L1,L1 — Platform,STANDALONE,—,Supporting Planning,5.7,7.1,EMBED — accordion section,"Insurance, Annuity & Carrier",False,literal-chart-data,To 9.3: add a discovery question to open the conversation.,"widen inputs to a full scenario (assumptions, ranges, alternatives) ; add branded PDF export with sources and method notes"
BulkGeneration,/portal/bulk-generation,8.0,KEEP-L1,L1 — Platform,STANDALONE,—,Supporting Planning,7.7,8.1,EMBED — named tab,Advisor Practice & Sales Enablement,False,,To 9.3: add a discovery question to open the conversation.,"register in `pageRegistry.ts` with intent tags so the AI brain can cite and deep-link it ; surface as a tab/accordion inside its hub — keep the URL, drop the top-level nav claim"
ClientDetail,/portal/clients/:id,8.0,KEEP-L1,L1 — Platform,STANDALONE,—,Supporting Planning,6.2,6.6,EMBED — accordion section,Mortgage & Debt Elimination,False,,To 9.3: add a discovery question to open the conversation.,"extract the math into `shared/<name>Engine.ts` as a pure, deterministic module with a vitest suite ; add branded PDF export with sources and method notes"
ClientEngagementScore,/portal/engagement-score,8.0,KEEP-L1,L1 — Platform,STANDALONE,—,Supporting Planning,6.0,7.9,EMBED — accordion section,Engagement & Behavioral,True,frozen-chart,To 9.3: add a discovery question to open the conversation.,"extract the math into `shared/<name>Engine.ts` as a pure, deterministic module with a vitest suite ; add branded PDF export with sources and method notes"
ClientFiles,/portal/client-files,8.0,KEEP-L1,L1 — Platform,STANDALONE,—,Supporting Planning,4.6,5.0,EMBED — reference card,Mortgage & Debt Elimination,False,,To 9.3: add a discovery question to open the conversation.,"extract the math into `shared/<name>Engine.ts` as a pure, deterministic module with a vitest suite ; widen inputs to a full scenario (assumptions, ranges, alternatives)"
ClientScorecard,/portal/client-scorecard,8.0,KEEP-L1,L1 — Platform,STANDALONE,—,Supporting Planning,5.9,6.3,EMBED — accordion section,Mortgage & Debt Elimination,False,,To 9.3: add a discovery question to open the conversation.,"extract the math into `shared/<name>Engine.ts` as a pure, deterministic module with a vitest suite ; add branded PDF export with sources and method notes"
IncomeTimeline,/portal/income-timeline,8.0,KEEP-L1,L1 — Platform,TOGGLE,RetirementIncomeProjection,Supporting Planning,6.9,7.3,EMBED — accordion section,Retirement Income & Drawdown,False,,To 9.3: add a discovery question to open the conversation.,"widen inputs to a full scenario (assumptions, ranges, alternatives) ; add branded PDF export with sources and method notes"
InflationAnalysis,/portal/inflation,8.0,KEEP-L1,L1 — Platform,STANDALONE,—,Supporting Planning,5.9,7.8,EMBED — accordion section,Investments & Portfolio,True,frozen-chart,To 9.3: add a discovery question to open the conversation.,"widen inputs to a full scenario (assumptions, ranges, alternatives) ; register in `pageRegistry.ts` with intent tags so the AI brain can cite and deep-link it"
LegalPaymentFolder,/portal/legal-payment-folder,8.0,KEEP-L1,L1 — Platform,STANDALONE,—,Supporting Planning,5.9,6.3,EMBED — accordion section,"Public, Marketing & Legal",False,,To 9.3: add a discovery question to open the conversation.,apply the CinematicEngine treatment (Ken Burns + breath-locked bloom)
MeetingAgenda,/portal/meeting-agenda,8.0,KEEP-L1,L1 — Platform,STANDALONE,—,Supporting Planning,6.7,7.1,EMBED — accordion section,Client Management & CRM,False,,To 9.3: add a discovery question to open the conversation.,"extract the math into `shared/<name>Engine.ts` as a pure, deterministic module with a vitest suite ; register in `pageRegistry.ts` with intent tags so the AI brain can cite and deep-link it"
NaturalLanguageQuery,/portal/data-query,8.0,KEEP-L1,L1 — Platform,STANDALONE,—,Supporting Planning,6.3,6.7,EMBED — accordion section,AI Brain & Intelligence,False,,To 9.3: add a discovery question to open the conversation.,"extract the math into `shared/<name>Engine.ts` as a pure, deterministic module with a vitest suite ; add branded PDF export with sources and method notes"
OwnerOversight,/portal/owner-oversight,8.0,KEEP-L1,L1 — Platform,STANDALONE,—,Supporting Planning,6.9,7.3,EMBED — accordion section,Business & Succession,False,,To 9.3: add a discovery question to open the conversation.,"extract the math into `shared/<name>Engine.ts` as a pure, deterministic module with a vitest suite ; add branded PDF export with sources and method notes"
RebalanceAlerts,/portal/rebalance,8.0,KEEP-L1,L1 — Platform,STANDALONE,—,Supporting Planning,7.0,7.4,EMBED — named tab,Investments & Portfolio,False,,To 9.3: add a discovery question to open the conversation.,"extract the math into `shared/<name>Engine.ts` as a pure, deterministic module with a vitest suite ; add branded PDF export with sources and method notes"
SmartRebalancingAlerts,/portal/smart-rebalancing,8.0,KEEP-L1,L1 — Platform,STANDALONE,—,Supporting Planning,6.6,7.0,EMBED — accordion section,Investments & Portfolio,False,,To 9.3: add a discovery question to open the conversation.,"extract the math into `shared/<name>Engine.ts` as a pure, deterministic module with a vitest suite ; add branded PDF export with sources and method notes"
StrategyLab,/portal/strategy,8.0,KEEP-L1,L1 — Platform,STANDALONE,—,Supporting Planning,7.1,7.5,EMBED — named tab,Scenario Lab & Comparison,False,,To 9.3: add a discovery question to open the conversation.,add branded PDF export with sources and method notes ; register in `pageRegistry.ts` with intent tags so the AI brain can cite and deep-link it
SupervisorMonitoringAgreement,/portal/monitoring-agreement,8.0,KEEP-L1,L1 — Platform,STANDALONE,—,Supporting Planning,4.7,5.1,EMBED — reference card,Compliance & Supervision,False,,To 9.3: add a discovery question to open the conversation.,"extract the math into `shared/<name>Engine.ts` as a pure, deterministic module with a vitest suite ; widen inputs to a full scenario (assumptions, ranges, alternatives)"
WorkflowAutomations,/portal/workflow-automations,8.0,KEEP-L1,L1 — Platform,STANDALONE,—,Supporting Planning,4.0,5.9,EMBED — reference card,Advisor Practice & Sales Enablement,True,frozen-chart,To 9.3: add a discovery question to open the conversation.,"extract the math into `shared/<name>Engine.ts` as a pure, deterministic module with a vitest suite ; add branded PDF export with sources and method notes"
AnnualFinancialPhysical,/portal/annual-financial-physical,8.0,KEEP-L1,L1 — Platform,STANDALONE,—,Tax / Income Lever,1.8,2.2,UPGRADE or fold into library,Cross-Cutting Reference Library,False,,To 10: wire it to live client/carrier data.,"extract the math into `shared/<name>Engine.ts` as a pure, deterministic module with a vitest suite ; add a tRPC procedure so scenarios save against the client record"
TaxAlphaScorecard,/portal/tax-alpha-scorecard,8.0,KEEP-L1,L1 — Platform,STANDALONE,—,Tax / Income Lever,1.3,1.7,UPGRADE or fold into library,Tax Strategy,False,,To 10: wire it to live client/carrier data.,"extract the math into `shared/<name>Engine.ts` as a pure, deterministic module with a vitest suite ; add a tRPC procedure so scenarios save against the client record"
TaxLossHarvesting,,8.0,KEEP-L1,L1 — Platform,TOGGLE,TaxLossHarvestingScanner,Tax / Income Lever,0.5,1.4,UPGRADE or fold into library,Tax Strategy,False,fabricated-constant|literal-chart-data,To 10: wire it to live client/carrier data.,"extract the math into `shared/<name>Engine.ts` as a pure, deterministic module with a vitest suite ; add a tRPC procedure so scenarios save against the client record"
AnnuityWaterfallEngine,/portal/annuity-waterfall,7.9,KEEP-L1,L2 — Advanced,TOGGLE,ExistingAnnuities,Guaranteed Income / Annuity,1.3,1.7,UPGRADE or fold into library,"Insurance, Annuity & Carrier",False,,To 9.9: wire it to live client/carrier data.,"extract the math into `shared/<name>Engine.ts` as a pure, deterministic module with a vitest suite ; add a tRPC procedure so scenarios save against the client record"
PensionMaximization,/portal/pension-maximization,7.9,KEEP-L1,L2 — Advanced,TOGGLE,PensionVsLumpSumCalc,Guaranteed Income / Annuity,0.5,1.8,UPGRADE or fold into library,Retirement Income & Drawdown,False,fabricated-constant,To 9.9: wire it to live client/carrier data.,"extract the math into `shared/<name>Engine.ts` as a pure, deterministic module with a vitest suite ; add a tRPC procedure so scenarios save against the client record"
RetirementIncomeFloorStrategy,/portal/income-floor-strategy,7.9,KEEP-L1,L2 — Advanced,TOGGLE,RetirementIncomeProjection,Guaranteed Income / Annuity,1.8,2.2,UPGRADE or fold into library,Retirement Income & Drawdown,False,,To 9.9: wire it to live client/carrier data.,"extract the math into `shared/<name>Engine.ts` as a pure, deterministic module with a vitest suite ; add a tRPC procedure so scenarios save against the client record"
SequenceOfReturnsRisk,/portal/sequence-of-returns,7.9,KEEP-L1,L2 — Advanced,STANDALONE,—,Guaranteed Income / Annuity,2.2,2.6,UPGRADE or fold into library,Retirement Income & Drawdown,False,,To 9.9: wire it to live client/carrier data.,"extract the math into `shared/<name>Engine.ts` as a pure, deterministic module with a vitest suite ; add a tRPC procedure so scenarios save against the client record"
VariableAnnuityAnalyzer,/portal/variable-annuity,7.9,KEEP-L1,L2 — Advanced,TOGGLE,ExistingAnnuities,Guaranteed Income / Annuity,1.5,2.9,UPGRADE or fold into library,"Insurance, Annuity & Carrier",False,literal-chart-data,To 9.9: wire it to live client/carrier data.,"extract the math into `shared/<name>Engine.ts` as a pure, deterministic module with a vitest suite ; add a tRPC procedure so scenarios save against the client record"
DocumentTemplates,/portal/document-templates,7.9,KEEP-L1,L2 — Advanced,STANDALONE,—,Platform / Admin,6.2,6.6,EMBED — accordion section,Advisor Practice & Sales Enablement,False,,To 9.2: tie the output explicitly to an IUL solution.,"extract the math into `shared/<name>Engine.ts` as a pure, deterministic module with a vitest suite ; widen inputs to a full scenario (assumptions, ranges, alternatives)"
HotIncome,/portal/hot-income,7.9,KEEP-L1,L2 — Advanced,STANDALONE,—,Supporting Planning,4.6,5.0,EMBED — reference card,Retirement Income & Drawdown,False,,To 9.2: wire it to live client/carrier data.,"add a tRPC procedure so scenarios save against the client record ; widen inputs to a full scenario (assumptions, ranges, alternatives)"
ClientPortfolioDashboard,/portal/client-portfolio,7.8,KEEP-L1,L2 — Advanced,STANDALONE,—,Supporting Planning,4.9,5.3,EMBED — reference card,Mortgage & Debt Elimination,False,,To 9.1: wire it to live client/carrier data.,"add a tRPC procedure so scenarios save against the client record ; widen inputs to a full scenario (assumptions, ranges, alternatives)"
Clients,/portal/clients,7.8,KEEP-L1,L2 — Advanced,STANDALONE,—,Supporting Planning,7.0,7.4,EMBED — named tab,Mortgage & Debt Elimination,False,,To 9.1: add a discovery question to open the conversation.,add branded PDF export with sources and method notes ; register in `pageRegistry.ts` with intent tags so the AI brain can cite and deep-link it
DigitalAssetEstatePlanner,/portal/digital-estate,7.7,KEEP-L1,L2 — Advanced,TOGGLE,EstateFlowChart,Estate / Legacy,0.5,1.8,UPGRADE or fold into library,"Estate, Trust & Legacy",False,literal-chart-data,To 9.7: wire it to live client/carrier data.,"extract the math into `shared/<name>Engine.ts` as a pure, deterministic module with a vitest suite ; add a tRPC procedure so scenarios save against the client record"
DisabilityGapAnalyzer,,7.7,KEEP-L1,L2 — Advanced,TOGGLE,OverheadExpenseCalc,Estate / Legacy,1.4,1.8,UPGRADE or fold into library,"Insurance, Annuity & Carrier",False,,To 9.7: wire it to live client/carrier data.,"extract the math into `shared/<name>Engine.ts` as a pure, deterministic module with a vitest suite ; add a tRPC procedure so scenarios save against the client record"
EstateWealthTransfer,/portal/estate-wealth-transfer,7.7,KEEP-L1,L2 — Advanced,TOGGLE,EstateTax,Estate / Legacy,0.5,1.4,UPGRADE or fold into library,"Estate, Trust & Legacy",True,frozen-chart,To 9.7: wire it to live client/carrier data.,"extract the math into `shared/<name>Engine.ts` as a pure, deterministic module with a vitest suite ; add a tRPC procedure so scenarios save against the client record"
GrantorTrustStrategy,/portal/grantor-trust,7.7,KEEP-L1,L2 — Advanced,TOGGLE,IDGTAdvancedModeler,Estate / Legacy,0.6,1.0,UPGRADE or fold into library,"Estate, Trust & Legacy",False,,To 9.7: wire it to live client/carrier data.,"extract the math into `shared/<name>Engine.ts` as a pure, deterministic module with a vitest suite ; add a tRPC procedure so scenarios save against the client record"
IDGTModeler,/portal/idgt-modeler,7.7,KEEP-L1,L2 — Advanced,TOGGLE,IDGTAdvancedModeler,Estate / Legacy,0.5,1.7,UPGRADE or fold into library,Cross-Cutting Reference Library,False,fabricated-constant,To 9.7: wire it to live client/carrier data.,"extract the math into `shared/<name>Engine.ts` as a pure, deterministic module with a vitest suite ; add a tRPC procedure so scenarios save against the client record"
RealEstatePortfolioManager,/portal/real-estate-portfolio,7.7,KEEP-L1,L2 — Advanced,STANDALONE,—,Estate / Legacy,0.5,1.7,UPGRADE or fold into library,Real Estate Intelligence,False,fabricated-constant,To 9.7: wire it to live client/carrier data.,"extract the math into `shared/<name>Engine.ts` as a pure, deterministic module with a vitest suite ; add a tRPC procedure so scenarios save against the client record"
TrustDecantingPlanner,/portal/trust-decanting,7.7,KEEP-L1,L2 — Advanced,TOGGLE,EstateFlowChart,Estate / Legacy,0.5,1.4,UPGRADE or fold into library,"Estate, Trust & Legacy",False,literal-chart-data,To 9.7: wire it to live client/carrier data.,"extract the math into `shared/<name>Engine.ts` as a pure, deterministic module with a vitest suite ; add a tRPC procedure so scenarios save against the client record"
LongTermCarePlanner,/portal/long-term-care,7.7,KEEP-L1,L2 — Advanced,TOGGLE,LivingBenefitsProbability,Insurance (other),1.4,1.8,UPGRADE or fold into library,"Insurance, Annuity & Carrier",False,,To 9.0: wire it to live client/carrier data.,"extract the math into `shared/<name>Engine.ts` as a pure, deterministic module with a vitest suite ; add a tRPC procedure so scenarios save against the client record"
STRStrategy,/portal/str-strategy,7.7,KEEP-L1,L2 — Advanced,STANDALONE,—,Supporting Planning,3.5,3.9,EMBED — reference card,Real Estate Intelligence,False,,To 9.0: wire it to live client/carrier data.,"extract the math into `shared/<name>Engine.ts` as a pure, deterministic module with a vitest suite ; add a tRPC procedure so scenarios save against the client record"
AdvisorIncomeCalculator,/portal/advisor-income-calculator,7.6,KEEP-L1,L2 — Advanced,STANDALONE,—,Advisor Ops / Growth,7.5,7.9,EMBED — named tab,Advisor Practice & Sales Enablement,False,,To 8.9: add a discovery question to open the conversation.,"widen inputs to a full scenario (assumptions, ranges, alternatives) ; add branded PDF export with sources and method notes"
CarrierSettings,/portal/carrier-settings,7.6,KEEP-L1,L2 — Advanced,STANDALONE,—,Platform / Admin,6.4,6.8,EMBED — accordion section,"Insurance, Annuity & Carrier",False,,To 8.9: add a discovery question to open the conversation.,"extract the math into `shared/<name>Engine.ts` as a pure, deterministic module with a vitest suite ; add branded PDF export with sources and method notes"
AIMeetingNotes,/portal/ai-meeting-notes,7.6,KEEP-L1,L2 — Advanced,STANDALONE,—,Supporting Planning,4.5,4.9,EMBED — reference card,Client Management & CRM,False,,To 8.9: add a discovery question to open the conversation.,"extract the math into `shared/<name>Engine.ts` as a pure, deterministic module with a vitest suite ; widen inputs to a full scenario (assumptions, ranges, alternatives)"
Billing,/portal/billing,7.6,KEEP-L1,L2 — Advanced,STANDALONE,—,Supporting Planning,5.1,5.5,EMBED — accordion section,"Admin, Ops & System",False,,To 8.9: add a discovery question to open the conversation.,"extract the math into `shared/<name>Engine.ts` as a pure, deterministic module with a vitest suite ; widen inputs to a full scenario (assumptions, ranges, alternatives)"
CarrierRatings,/portal/carrier-rates,7.6,KEEP-L1,L2 — Advanced,TOGGLE,IllustrationCompare,Supporting Planning,5.8,7.2,EMBED — accordion section,"Insurance, Annuity & Carrier",False,literal-chart-data,To 8.9: add a discovery question to open the conversation.,"extract the math into `shared/<name>Engine.ts` as a pure, deterministic module with a vitest suite ; widen inputs to a full scenario (assumptions, ranges, alternatives)"
OnboardingWizardV2,/portal/onboarding-v2,7.6,KEEP-L1,L2 — Advanced,STANDALONE,—,Supporting Planning,5.1,5.5,EMBED — accordion section,"Discovery, Calibration & Onboarding",False,,To 8.9: add a discovery question to open the conversation.,"extract the math into `shared/<name>Engine.ts` as a pure, deterministic module with a vitest suite ; widen inputs to a full scenario (assumptions, ranges, alternatives)"
RetirementAdvantage,/portal/retirement-advantage,7.6,KEEP-L1,L2 — Advanced,STANDALONE,—,Supporting Planning,1.9,2.3,UPGRADE or fold into library,Retirement Income & Drawdown,False,,To 8.9: wire it to live client/carrier data.,"extract the math into `shared/<name>Engine.ts` as a pure, deterministic module with a vitest suite ; add a tRPC procedure so scenarios save against the client record"
RiskToleranceScoring,/portal/risk-tolerance,7.6,KEEP-L1,L2 — Advanced,STANDALONE,—,Supporting Planning,3.5,3.9,EMBED — reference card,Cross-Cutting Reference Library,False,,To 8.9: add a discovery question to open the conversation.,"extract the math into `shared/<name>Engine.ts` as a pure, deterministic module with a vitest suite ; widen inputs to a full scenario (assumptions, ranges, alternatives)"
AnnuityIncomeBridge,/portal/annuity-income-bridge,7.5,KEEP-L1,L2 — Advanced,TOGGLE,WithdrawalSequencing,Guaranteed Income / Annuity,1.7,2.1,UPGRADE or fold into library,"Insurance, Annuity & Carrier",False,,To 9.5: wire it to live client/carrier data.,"extract the math into `shared/<name>Engine.ts` as a pure, deterministic module with a vitest suite ; add a tRPC procedure so scenarios save against the client record"
InsuranceGapAnalyzer,/portal/insurance-gap,7.5,KEEP-L1,L2 — Advanced,STANDALONE,—,Insurance (other),0.5,2.1,UPGRADE or fold into library,"Insurance, Annuity & Carrier",False,fabricated-constant,To 8.8: wire it to live client/carrier data.,"extract the math into `shared/<name>Engine.ts` as a pure, deterministic module with a vitest suite ; add a tRPC procedure so scenarios save against the client record"
LifeSettlementAnalyzer,/portal/life-settlement,7.5,KEEP-L1,L2 — Advanced,STANDALONE,—,Insurance (other),1.4,1.8,UPGRADE or fold into library,Cross-Cutting Reference Library,False,,To 8.8: wire it to live client/carrier data.,"extract the math into `shared/<name>Engine.ts` as a pure, deterministic module with a vitest suite ; add a tRPC procedure so scenarios save against the client record"
PremiumFinancingCalculator,/portal/premium-financing-calc,7.5,MERGE,Merge,TOGGLE,PremiumFinancing,Premium Financing / Leverage,0.9,1.3,UPGRADE or fold into library,IUL & Policy Engineering,False,,None,"extract the math into `shared/<name>Engine.ts` as a pure, deterministic module with a vitest suite ; add a tRPC procedure so scenarios save against the client record"
PremiumFinancingEngine,,7.5,MERGE,Merge,TOGGLE,PremiumFinancing,Premium Financing / Leverage,1.8,2.2,UPGRADE or fold into library,IUL & Policy Engineering,False,,None,"extract the math into `shared/<name>Engine.ts` as a pure, deterministic module with a vitest suite ; add a tRPC procedure so scenarios save against the client record"
RetirementGapInflation,/portal/retirement-gap,7.5,KEEP-L1,L2 — Advanced,STANDALONE,—,Supporting Planning,2.5,2.9,UPGRADE or fold into library,Retirement Income & Drawdown,False,,To 8.8: add a discovery question to open the conversation.,"extract the math into `shared/<name>Engine.ts` as a pure, deterministic module with a vitest suite ; add projection + sensitivity + comparison charts"
AffiliateLinkManager,/portal/affiliate-links,7.4,KEEP-L1,L2 — Advanced,STANDALONE,—,Advisor Ops / Growth,3.5,3.9,EMBED — reference card,Advisor Practice & Sales Enablement,False,,To 8.7: add a discovery question to open the conversation.,"extract the math into `shared/<name>Engine.ts` as a pure, deterministic module with a vitest suite ; widen inputs to a full scenario (assumptions, ranges, alternatives)"
EmailCampaignManager,/portal/email-campaigns,7.4,KEEP-L1,L2 — Advanced,STANDALONE,—,Advisor Ops / Growth,4.3,4.7,EMBED — reference card,Advisor Practice & Sales Enablement,False,,To 8.7: add a discovery question to open the conversation.,"extract the math into `shared/<name>Engine.ts` as a pure, deterministic module with a vitest suite ; add branded PDF export with sources and method notes"
Leaderboard,/portal/leaderboard,7.4,KEEP-L1,L2 — Advanced,STANDALONE,—,Advisor Ops / Growth,5.0,5.4,EMBED — accordion section,Client Management & CRM,False,,To 8.7: add a discovery question to open the conversation.,"extract the math into `shared/<name>Engine.ts` as a pure, deterministic module with a vitest suite ; add branded PDF export with sources and method notes"
Meetings,/portal/meetings,7.4,KEEP-L1,L2 — Advanced,STANDALONE,—,Supporting Planning,5.4,5.8,EMBED — accordion section,Client Management & CRM,False,,To 8.7: add a discovery question to open the conversation.,"extract the math into `shared/<name>Engine.ts` as a pure, deterministic module with a vitest suite ; add branded PDF export with sources and method notes"
RetirementIncomeProjector,/portal/retirement-income-proj,7.4,KEEP-L1,L2 — Advanced,TOGGLE,RetirementIncomeProjection,Supporting Planning,0.9,2.5,UPGRADE or fold into library,Retirement Income & Drawdown,False,fabricated-constant,To 8.7: wire it to live client/carrier data.,"extract the math into `shared/<name>Engine.ts` as a pure, deterministic module with a vitest suite ; add a tRPC procedure so scenarios save against the client record"
NerveCenter,/portal/nerve-center,7.3,KEEP-L1,L2 — Advanced,STANDALONE,—,Dashboards / Internal,4.5,4.9,EMBED — reference card,Cross-Cutting Reference Library,False,,To 8.6: tie the output explicitly to an IUL solution.,"extract the math into `shared/<name>Engine.ts` as a pure, deterministic module with a vitest suite ; add projection + sensitivity + comparison charts"
RiskComplianceDashboard,/portal/risk-compliance,7.2,KEEP-L1,L2 — Advanced,STANDALONE,—,Compliance / Reporting Ops,3.4,3.8,UPGRADE or fold into library,Compliance & Supervision,False,,To 8.5: add a discovery question to open the conversation.,"extract the math into `shared/<name>Engine.ts` as a pure, deterministic module with a vitest suite ; widen inputs to a full scenario (assumptions, ranges, alternatives)"
LegacyVault,/portal/legacy-vault,7.2,KEEP-L1,L2 — Advanced,STANDALONE,—,Estate / Legacy,0.5,0.7,UPGRADE or fold into library,"Estate, Trust & Legacy",False,,To 9.2: wire it to live client/carrier data.,"extract the math into `shared/<name>Engine.ts` as a pure, deterministic module with a vitest suite ; add a tRPC procedure so scenarios save against the client record"
CaptiveInsuranceCalc,/portal/captive-insurance,7.2,MERGE,Merge,TOGGLE,CaptiveInsuranceIUL,Large-Case Structure,0.5,1.5,UPGRADE or fold into library,"Insurance, Annuity & Carrier",False,fabricated-constant,None,"extract the math into `shared/<name>Engine.ts` as a pure, deterministic module with a vitest suite ; add a tRPC procedure so scenarios save against the client record"
ClientPortalView,/portal/retirement-projection,7.2,KEEP-L1,L2 — Advanced,STANDALONE,—,Supporting Planning,3.9,3.9,EMBED — reference card,Mortgage & Debt Elimination,False,,To 8.5: add a discovery question to open the conversation.,"extract the math into `shared/<name>Engine.ts` as a pure, deterministic module with a vitest suite ; add projection + sensitivity + comparison charts"
AIDealCloser,/portal/deal-closer,7.1,KEEP-L1,L2 — Advanced,STANDALONE,—,Advisor Ops / Growth,2.5,2.9,UPGRADE or fold into library,Cross-Cutting Reference Library,False,,To 8.4: wire it to live client/carrier data.,"extract the math into `shared/<name>Engine.ts` as a pure, deterministic module with a vitest suite ; add a tRPC procedure so scenarios save against the client record"
CalculatorHub,/portal/calculator-hub,7.1,KEEP-L1,L2 — Advanced,STANDALONE,—,Supporting Planning,0.8,1.2,UPGRADE or fold into library,Cross-Cutting Reference Library,False,,To 8.4: wire it to live client/carrier data.,"extract the math into `shared/<name>Engine.ts` as a pure, deterministic module with a vitest suite ; add a tRPC procedure so scenarios save against the client record"
CascadingMultiStrategyOptimizer,/portal/cascading-optimizer,7.1,KEEP-L1,L2 — Advanced,STANDALONE,—,Supporting Planning,3.4,3.8,UPGRADE or fold into library,Cross-Cutting Reference Library,False,,To 8.4: wire it to live client/carrier data.,"extract the math into `shared/<name>Engine.ts` as a pure, deterministic module with a vitest suite ; add a tRPC procedure so scenarios save against the client record"
ESOPCalculator,/portal/esop-calculator,7.0,MERGE,Merge,STANDALONE,—,Business Owner / Entity,0.5,1.5,UPGRADE or fold into library,Business & Succession,False,fabricated-constant,None,"extract the math into `shared/<name>Engine.ts` as a pure, deterministic module with a vitest suite ; add a tRPC procedure so scenarios save against the client record"
Dashboard,/portal/dashboard,7.0,KEEP-L1,L2 — Advanced,STANDALONE,—,Dashboards / Internal,4.9,5.3,EMBED — reference card,Reports & Deliverables,False,,To 8.3: add a discovery question to open the conversation.,"extract the math into `shared/<name>Engine.ts` as a pure, deterministic module with a vitest suite ; widen inputs to a full scenario (assumptions, ranges, alternatives)"
DocumentVault,/portal/document-vault,7.0,KEEP-L1,L2 — Advanced,STANDALONE,—,Platform / Admin,4.9,6.8,EMBED — reference card,Advisor Practice & Sales Enablement,True,frozen-chart,To 8.3: add a discovery question to open the conversation.,"extract the math into `shared/<name>Engine.ts` as a pure, deterministic module with a vitest suite ; add branded PDF export with sources and method notes"
EnterpriseAdmin,/portal/admin,7.0,KEEP-L1,L2 — Advanced,STANDALONE,—,Platform / Admin,6.2,8.1,EMBED — accordion section,"Admin, Ops & System",True,frozen-chart,To 8.3: add a discovery question to open the conversation.,"extract the math into `shared/<name>Engine.ts` as a pure, deterministic module with a vitest suite ; add branded PDF export with sources and method notes"
HubSpotSync,/portal/hubspot,7.0,KEEP-L1,L2 — Advanced,STANDALONE,—,Platform / Admin,4.2,6.1,EMBED — reference card,"Admin, Ops & System",True,frozen-chart,To 8.3: add a discovery question to open the conversation.,"extract the math into `shared/<name>Engine.ts` as a pure, deterministic module with a vitest suite ; add branded PDF export with sources and method notes"
Team,/portal/team,7.0,KEEP-L1,L2 — Advanced,STANDALONE,—,Platform / Admin,5.6,6.0,EMBED — accordion section,Advisor Practice & Sales Enablement,False,,To 8.3: add a discovery question to open the conversation.,"extract the math into `shared/<name>Engine.ts` as a pure, deterministic module with a vitest suite ; add branded PDF export with sources and method notes"
TeamManagement,/portal/team-management,7.0,KEEP-L1,L2 — Advanced,STANDALONE,—,Platform / Admin,7.0,7.4,EMBED — named tab,Advisor Practice & Sales Enablement,False,,To 8.3: add a discovery question to open the conversation.,"extract the math into `shared/<name>Engine.ts` as a pure, deterministic module with a vitest suite ; add branded PDF export with sources and method notes"
Webhooks,/portal/webhooks,7.0,KEEP-L1,L2 — Advanced,STANDALONE,—,Platform / Admin,4.5,7.4,EMBED — reference card,Advisor Practice & Sales Enablement,True,frozen-chart|literal-chart-data,To 8.3: add a discovery question to open the conversation.,"extract the math into `shared/<name>Engine.ts` as a pure, deterministic module with a vitest suite ; add branded PDF export with sources and method notes"
WebsiteUsage,/portal/website-usage,7.0,KEEP-L1,L2 — Advanced,STANDALONE,—,Platform / Admin,7.5,7.9,EMBED — named tab,Reports & Deliverables,False,,To 8.3: add a discovery question to open the conversation.,"extract the math into `shared/<name>Engine.ts` as a pure, deterministic module with a vitest suite ; add branded PDF export with sources and method notes"
WorkspaceBranding,/portal/branding,7.0,KEEP-L1,L2 — Advanced,STANDALONE,—,Platform / Admin,5.9,6.3,EMBED — accordion section,Advisor Practice & Sales Enablement,False,,To 8.3: add a discovery question to open the conversation.,"extract the math into `shared/<name>Engine.ts` as a pure, deterministic module with a vitest suite ; add branded PDF export with sources and method notes"
CRTWealthReplacement,/portal/crt-wealth-replacement,7.0,KEEP-L1,L2 — Advanced,TOGGLE,CharitableLeadTrustEngine,Supporting Planning,2.5,2.9,UPGRADE or fold into library,Tax Strategy,False,,To 8.3: add a discovery question to open the conversation.,"extract the math into `shared/<name>Engine.ts` as a pure, deterministic module with a vitest suite ; add projection + sensitivity + comparison charts"
DebtPayoffOptimizerCalc,/portal/debt-payoff-optimizer,7.0,KEEP-L1,L2 — Advanced,STANDALONE,—,Supporting Planning,0.5,1.9,FIX FIRST — defective output,Mortgage & Debt Elimination,True,undeclared-var|fabricated-constant,To 8.3: wire it to live client/carrier data.,"extract the math into `shared/<name>Engine.ts` as a pure, deterministic module with a vitest suite ; add a tRPC procedure so scenarios save against the client record"
DivorceFinancialImpact,/portal/divorce-impact,7.0,KEEP-L1,L2 — Advanced,STANDALONE,—,Supporting Planning,2.5,2.9,UPGRADE or fold into library,"Risk, Divorce & Protection",False,,To 8.3: add a discovery question to open the conversation.,"extract the math into `shared/<name>Engine.ts` as a pure, deterministic module with a vitest suite ; add projection + sensitivity + comparison charts"
NetWorthTrackerCalc,/portal/net-worth-tracker,7.0,KEEP-L1,L2 — Advanced,STANDALONE,—,Supporting Planning,0.5,1.9,FIX FIRST — defective output,Cross-Cutting Reference Library,True,undeclared-var|fabricated-constant|baked-outperformance,To 8.3: wire it to live client/carrier data.,"extract the math into `shared/<name>Engine.ts` as a pure, deterministic module with a vitest suite ; add a tRPC procedure so scenarios save against the client record"
PortfolioRiskCalc,/portal/portfolio-risk-return,7.0,KEEP-L1,L2 — Advanced,STANDALONE,—,Supporting Planning,0.5,1.9,FIX FIRST — defective output,Investments & Portfolio,True,undeclared-var|fabricated-constant,To 8.3: wire it to live client/carrier data.,"extract the math into `shared/<name>Engine.ts` as a pure, deterministic module with a vitest suite ; add a tRPC procedure so scenarios save against the client record"
RetirementBudgetCalc,/portal/retirement-budget,7.0,KEEP-L1,L2 — Advanced,STANDALONE,—,Supporting Planning,0.5,2.3,FIX FIRST — defective output,Retirement Income & Drawdown,True,undeclared-var,To 8.3: wire it to live client/carrier data.,"extract the math into `shared/<name>Engine.ts` as a pure, deterministic module with a vitest suite ; add a tRPC procedure so scenarios save against the client record"
RetirementHealthcareCalc,/portal/retirement-healthcare,7.0,KEEP-L1,L2 — Advanced,STANDALONE,—,Supporting Planning,0.5,1.9,FIX FIRST — defective output,Retirement Income & Drawdown,True,undeclared-var|fabricated-constant,To 8.3: wire it to live client/carrier data.,"extract the math into `shared/<name>Engine.ts` as a pure, deterministic module with a vitest suite ; add a tRPC procedure so scenarios save against the client record"
StudentLoanVsInvestCalc,/portal/student-loan-vs-invest,7.0,KEEP-L1,L2 — Advanced,TOGGLE,IDRComparisonCalc,Supporting Planning,0.5,2.3,FIX FIRST — defective output,Mortgage & Debt Elimination,True,undeclared-var,To 8.3: wire it to live client/carrier data.,"extract the math into `shared/<name>Engine.ts` as a pure, deterministic module with a vitest suite ; add a tRPC procedure so scenarios save against the client record"
LongitudinalRiskOptimizer,/portal/longitudinal-risk,6.9,ENHANCE,L2 — Advanced,TOGGLE,WithdrawalSequencing,Supporting Planning,3.1,3.5,UPGRADE or fold into library,"Risk, Divorce & Protection",False,,To 8.2: wire it to live client/carrier data. Then add the threat→pain→IUL-win→discovery arc.,"extract the math into `shared/<name>Engine.ts` as a pure, deterministic module with a vitest suite ; add a tRPC procedure so scenarios save against the client record"
WealthAccumulationSimulator,/portal/wealth-accumulation,6.9,ENHANCE,L2 — Advanced,STANDALONE,—,Supporting Planning,2.5,2.9,UPGRADE or fold into library,Scenario Lab & Comparison,False,,To 8.2: wire it to live client/carrier data. Then add the threat→pain→IUL-win→discovery arc.,"extract the math into `shared/<name>Engine.ts` as a pure, deterministic module with a vitest suite ; add a tRPC procedure so scenarios save against the client record"
DivorceILITStrategyPage,,6.8,ENHANCE,L2 — Advanced,STANDALONE,—,Estate / Legacy,0.7,0.7,UPGRADE or fold into library,"Risk, Divorce & Protection",False,,To 8.8: wire it to live client/carrier data. Then add the threat→pain→IUL-win→discovery arc.,"extract the math into `shared/<name>Engine.ts` as a pure, deterministic module with a vitest suite ; add a tRPC procedure so scenarios save against the client record"
FinancialFluencyAcademy,/portal/fluency-academy,6.8,ENHANCE,L2 — Advanced,STANDALONE,—,Supporting Planning,0.5,0.7,UPGRADE or fold into library,Education & Knowledge,False,,To 8.1: wire it to live client/carrier data. Then add the threat→pain→IUL-win→discovery arc.,"extract the math into `shared/<name>Engine.ts` as a pure, deterministic module with a vitest suite ; add a tRPC procedure so scenarios save against the client record"
NetWorthTracker,,6.8,ENHANCE,L2 — Advanced,STANDALONE,—,Supporting Planning,0.8,2.2,UPGRADE or fold into library,Cross-Cutting Reference Library,False,literal-chart-data,To 8.1: wire it to live client/carrier data. Then add the threat→pain→IUL-win→discovery arc.,"extract the math into `shared/<name>Engine.ts` as a pure, deterministic module with a vitest suite ; add a tRPC procedure so scenarios save against the client record"
StudentLoanOptimizer,/portal/student-loan-optimizer,6.8,ENHANCE,L2 — Advanced,TOGGLE,IDRComparisonCalc,Supporting Planning,0.9,2.5,UPGRADE or fold into library,Mortgage & Debt Elimination,False,fabricated-constant,To 8.1: wire it to live client/carrier data. Then add the threat→pain→IUL-win→discovery arc.,"extract the math into `shared/<name>Engine.ts` as a pure, deterministic module with a vitest suite ; add a tRPC procedure so scenarios save against the client record"
Pricing,/pricing,6.7,ENHANCE,L2 — Advanced,STANDALONE,—,Supporting Planning,5.0,5.0,EMBED — accordion section,"Public, Marketing & Legal",False,,To 8.0: add a market-vs-IUL outcome chart. Then add the threat→pain→IUL-win→discovery arc.,apply the CinematicEngine treatment (Ken Burns + breath-locked bloom)
SpousalLifetimeAccessTrust,,6.6,ENHANCE,L2 — Advanced,TOGGLE,SLATDeepDive,Estate / Legacy,1.0,1.4,UPGRADE or fold into library,"Estate, Trust & Legacy",False,,To 8.6: wire it to live client/carrier data. Then add the threat→pain→IUL-win→discovery arc.,"extract the math into `shared/<name>Engine.ts` as a pure, deterministic module with a vitest suite ; add a tRPC procedure so scenarios save against the client record"
ComponentShowcase,,6.6,ENHANCE,L2 — Advanced,STANDALONE,—,Supporting Planning,5.0,5.0,EMBED — accordion section,"Public, Marketing & Legal",False,,To 7.9: add a discovery question to open the conversation. Then add the threat→pain→IUL-win→discovery arc.,apply the CinematicEngine treatment (Ken Burns + breath-locked bloom)
SharedProjection,/shared/:token,6.6,ENHANCE,L2 — Advanced,STANDALONE,—,Supporting Planning,4.0,4.0,EMBED — reference card,"Public, Marketing & Legal",False,,To 7.9: add a discovery question to open the conversation. Then add the threat→pain→IUL-win→discovery arc.,apply the CinematicEngine treatment (Ken Burns + breath-locked bloom) ; add a primary CTA into the portal funnel
CommissionTracker,/portal/commission-tracker,6.5,MERGE,Merge,STANDALONE,—,Advisor Ops / Growth,4.2,6.1,EMBED — reference card,Advisor Practice & Sales Enablement,True,frozen-chart,None,"extract the math into `shared/<name>Engine.ts` as a pure, deterministic module with a vitest suite ; add branded PDF export with sources and method notes"
ExecutiveEntrance,/executive,6.5,ENHANCE,L2 — Advanced,STANDALONE,—,Business Owner / Entity,2.5,2.5,UPGRADE or fold into library,"Public, Marketing & Legal",False,,To 8.5: wire it to live client/carrier data. Then add the threat→pain→IUL-win→discovery arc.,apply the CinematicEngine treatment (Ken Burns + breath-locked bloom) ; add a primary CTA into the portal funnel
AMTCalculator,/portal/amt-calculator,6.5,ENHANCE,L2 — Advanced,PARENT,—,Supporting Planning,0.5,1.9,FIX FIRST — defective output,Tax Strategy,True,undeclared-var|fabricated-constant,To 7.8: wire it to live client/carrier data. Then add the threat→pain→IUL-win→discovery arc.,"extract the math into `shared/<name>Engine.ts` as a pure, deterministic module with a vitest suite ; add a tRPC procedure so scenarios save against the client record"
AlimonyTaxCalc,/portal/alimony-tax-impact,6.5,ENHANCE,L2 — Advanced,STANDALONE,—,Supporting Planning,0.5,1.9,FIX FIRST — defective output,Tax Strategy,True,undeclared-var|fabricated-constant,To 7.8: wire it to live client/carrier data. Then add the threat→pain→IUL-win→discovery arc.,"extract the math into `shared/<name>Engine.ts` as a pure, deterministic module with a vitest suite ; add a tRPC procedure so scenarios save against the client record"
AssetAllocationCalc,/portal/asset-allocation,6.5,ENHANCE,L2 — Advanced,STANDALONE,—,Supporting Planning,0.5,1.9,FIX FIRST — defective output,Investments & Portfolio,True,undeclared-var|fabricated-constant,To 7.8: wire it to live client/carrier data. Then add the threat→pain→IUL-win→discovery arc.,"extract the math into `shared/<name>Engine.ts` as a pure, deterministic module with a vitest suite ; add a tRPC procedure so scenarios save against the client record"
AvatarTwins,/portal/avatar-twins,6.5,ENHANCE,L2 — Advanced,STANDALONE,—,Supporting Planning,1.9,2.3,UPGRADE or fold into library,Engagement & Behavioral,False,,To 7.8: add a market-vs-IUL outcome chart. Then add the threat→pain→IUL-win→discovery arc.,"extract the math into `shared/<name>Engine.ts` as a pure, deterministic module with a vitest suite ; add projection + sensitivity + comparison charts"
BondLadderCalc,/portal/bond-ladder,6.5,ENHANCE,L2 — Advanced,STANDALONE,—,Supporting Planning,0.5,1.9,FIX FIRST — defective output,Investments & Portfolio,True,undeclared-var|fabricated-constant,To 7.8: wire it to live client/carrier data. Then add the threat→pain→IUL-win→discovery arc.,"extract the math into `shared/<name>Engine.ts` as a pure, deterministic module with a vitest suite ; add a tRPC procedure so scenarios save against the client record"
Budget503020Calc,/portal/budget-50-30-20,6.5,ENHANCE,L2 — Advanced,STANDALONE,—,Supporting Planning,0.5,1.5,FIX FIRST — defective output,Cross-Cutting Reference Library,True,undeclared-var,To 7.8: wire it to live client/carrier data. Then add the threat→pain→IUL-win→discovery arc.,"extract the math into `shared/<name>Engine.ts` as a pure, deterministic module with a vitest suite ; add a tRPC procedure so scenarios save against the client record"
CRTCalculator,/portal/crt-calculator,6.5,ENHANCE,L2 — Advanced,TOGGLE,CharitableLeadTrustEngine,Supporting Planning,0.5,1.9,FIX FIRST — defective output,Tax Strategy,True,undeclared-var|fabricated-constant,To 7.8: wire it to live client/carrier data. Then add the threat→pain→IUL-win→discovery arc.,"extract the math into `shared/<name>Engine.ts` as a pure, deterministic module with a vitest suite ; add a tRPC procedure so scenarios save against the client record"
CharitableStockCalc,/portal/charitable-stock-donation,6.5,ENHANCE,L2 — Advanced,TOGGLE,CharitableLeadTrustEngine,Supporting Planning,0.5,1.9,FIX FIRST — defective output,Tax Strategy,True,undeclared-var,To 7.8: wire it to live client/carrier data. Then add the threat→pain→IUL-win→discovery arc.,"extract the math into `shared/<name>Engine.ts` as a pure, deterministic module with a vitest suite ; add a tRPC procedure so scenarios save against the client record"
CompoundInterestCalc,/portal/compound-interest,6.5,ENHANCE,L2 — Advanced,STANDALONE,—,Supporting Planning,0.5,1.9,FIX FIRST — defective output,Cross-Cutting Reference Library,True,undeclared-var,To 7.8: wire it to live client/carrier data. Then add the threat→pain→IUL-win→discovery arc.,"extract the math into `shared/<name>Engine.ts` as a pure, deterministic module with a vitest suite ; add a tRPC procedure so scenarios save against the client record"
CostOfLivingCalc,/portal/cost-of-living,6.5,ENHANCE,L2 — Advanced,STANDALONE,—,Supporting Planning,0.5,1.9,UPGRADE or fold into library,Cross-Cutting Reference Library,False,fabricated-constant,To 7.8: wire it to live client/carrier data. Then add the threat→pain→IUL-win→discovery arc.,"extract the math into `shared/<name>Engine.ts` as a pure, deterministic module with a vitest suite ; add a tRPC procedure so scenarios save against the client record"
CostOfWaitingCalc,/portal/cost-of-waiting,6.5,ENHANCE,L2 — Advanced,STANDALONE,—,Supporting Planning,0.5,1.9,FIX FIRST — defective output,Cross-Cutting Reference Library,True,undeclared-var,To 7.8: wire it to live client/carrier data. Then add the threat→pain→IUL-win→discovery arc.,"extract the math into `shared/<name>Engine.ts` as a pure, deterministic module with a vitest suite ; add a tRPC procedure so scenarios save against the client record"
CreditCardPayoffCalc,/portal/credit-card-payoff,6.5,ENHANCE,L2 — Advanced,STANDALONE,—,Supporting Planning,0.5,1.9,FIX FIRST — defective output,Mortgage & Debt Elimination,True,undeclared-var,To 7.8: wire it to live client/carrier data. Then add the threat→pain→IUL-win→discovery arc.,"extract the math into `shared/<name>Engine.ts` as a pure, deterministic module with a vitest suite ; add a tRPC procedure so scenarios save against the client record"
CryptoTaxCalc,/portal/crypto-tax,6.5,ENHANCE,L2 — Advanced,STANDALONE,—,Supporting Planning,0.5,1.9,FIX FIRST — defective output,Tax Strategy,True,undeclared-var,To 7.8: wire it to live client/carrier data. Then add the threat→pain→IUL-win→discovery arc.,"extract the math into `shared/<name>Engine.ts` as a pure, deterministic module with a vitest suite ; add a tRPC procedure so scenarios save against the client record"
DAFvsDirectCalc,/portal/daf-vs-direct-giving,6.5,ENHANCE,L2 — Advanced,TOGGLE,CharitableLeadTrustEngine,Supporting Planning,0.5,1.9,FIX FIRST — defective output,Tax Strategy,True,undeclared-var,To 7.8: wire it to live client/carrier data. Then add the threat→pain→IUL-win→discovery arc.,"extract the math into `shared/<name>Engine.ts` as a pure, deterministic module with a vitest suite ; add a tRPC procedure so scenarios save against the client record"
DeductionOptimizerCalc,/portal/deduction-optimizer,6.5,ENHANCE,L2 — Advanced,STANDALONE,—,Supporting Planning,0.5,1.9,FIX FIRST — defective output,Tax Strategy,True,undeclared-var|fabricated-constant,To 7.8: wire it to live client/carrier data. Then add the threat→pain→IUL-win→discovery arc.,"extract the math into `shared/<name>Engine.ts` as a pure, deterministic module with a vitest suite ; add a tRPC procedure so scenarios save against the client record"
DepreciationTaxShieldCalc,/portal/depreciation-tax-shield,6.5,ENHANCE,L2 — Advanced,STANDALONE,—,Supporting Planning,1.5,1.9,UPGRADE or fold into library,Real Estate Intelligence,False,,To 7.8: wire it to live client/carrier data. Then add the threat→pain→IUL-win→discovery arc.,"extract the math into `shared/<name>Engine.ts` as a pure, deterministic module with a vitest suite ; add a tRPC procedure so scenarios save against the client record"
DivorceSettlementCalc,/portal/divorce-settlement-enhanced,6.5,ENHANCE,L2 — Advanced,STANDALONE,—,Supporting Planning,1.5,1.9,UPGRADE or fold into library,"Risk, Divorce & Protection",False,,To 7.8: wire it to live client/carrier data. Then add the threat→pain→IUL-win→discovery arc.,"extract the math into `shared/<name>Engine.ts` as a pure, deterministic module with a vitest suite ; add a tRPC procedure so scenarios save against the client record"
EmergencyFundPlanner,/portal/emergency-fund,6.5,ENHANCE,L2 — Advanced,STANDALONE,—,Supporting Planning,1.8,2.2,UPGRADE or fold into library,"Risk, Divorce & Protection",False,,To 7.8: wire it to live client/carrier data. Then add the threat→pain→IUL-win→discovery arc.,"extract the math into `shared/<name>Engine.ts` as a pure, deterministic module with a vitest suite ; add a tRPC procedure so scenarios save against the client record"
Exchange1031Calc,/portal/1031-exchange,6.5,ENHANCE,L2 — Advanced,TOGGLE,TaxDeferredExchangeTimeline,Supporting Planning,1.5,1.9,UPGRADE or fold into library,Real Estate Intelligence,False,,To 7.8: wire it to live client/carrier data. Then add the threat→pain→IUL-win→discovery arc.,"extract the math into `shared/<name>Engine.ts` as a pure, deterministic module with a vitest suite ; add a tRPC procedure so scenarios save against the client record"
FIRECalculator,/portal/fire-calculator,6.5,ENHANCE,L2 — Advanced,STANDALONE,—,Supporting Planning,0.5,2.3,FIX FIRST — defective output,Cross-Cutting Reference Library,True,undeclared-var|fabricated-constant,To 7.8: wire it to live client/carrier data. Then add the threat→pain→IUL-win→discovery arc.,"extract the math into `shared/<name>Engine.ts` as a pure, deterministic module with a vitest suite ; add a tRPC procedure so scenarios save against the client record"
FeeImpactCalc,/portal/fee-impact,6.5,ENHANCE,L2 — Advanced,STANDALONE,—,Supporting Planning,0.5,1.9,FIX FIRST — defective output,Investments & Portfolio,True,undeclared-var,To 7.8: wire it to live client/carrier data. Then add the threat→pain→IUL-win→discovery arc.,"extract the math into `shared/<name>Engine.ts` as a pure, deterministic module with a vitest suite ; add a tRPC procedure so scenarios save against the client record"
FinancialFreedomCalc,/portal/financial-freedom-number,6.5,ENHANCE,L2 — Advanced,STANDALONE,—,Supporting Planning,0.5,2.8,FIX FIRST — defective output,Cross-Cutting Reference Library,True,undeclared-var|fabricated-constant,To 7.8: wire it to live client/carrier data. Then add the threat→pain→IUL-win→discovery arc.,"extract the math into `shared/<name>Engine.ts` as a pure, deterministic module with a vitest suite ; add a tRPC procedure so scenarios save against the client record"
FinancialHealthScoreCalc,/portal/financial-health-score,6.5,ENHANCE,L2 — Advanced,STANDALONE,—,Supporting Planning,1.5,1.9,UPGRADE or fold into library,Cross-Cutting Reference Library,False,,To 7.8: wire it to live client/carrier data. Then add the threat→pain→IUL-win→discovery arc.,"extract the math into `shared/<name>Engine.ts` as a pure, deterministic module with a vitest suite ; add a tRPC procedure so scenarios save against the client record"
GSTTCalculator,/portal/gstt-calculator,6.5,ENHANCE,L2 — Advanced,STANDALONE,—,Supporting Planning,1.1,1.5,UPGRADE or fold into library,Cross-Cutting Reference Library,False,,To 7.8: wire it to live client/carrier data. Then add the threat→pain→IUL-win→discovery arc.,"extract the math into `shared/<name>Engine.ts` as a pure, deterministic module with a vitest suite ; add a tRPC procedure so scenarios save against the client record"
HSATripleTaxCalc,/portal/hsa-triple-tax,6.5,ENHANCE,L2 — Advanced,STANDALONE,—,Supporting Planning,0.7,2.3,UPGRADE or fold into library,Tax Strategy,False,fabricated-constant,To 7.8: wire it to live client/carrier data. Then add the threat→pain→IUL-win→discovery arc.,"extract the math into `shared/<name>Engine.ts` as a pure, deterministic module with a vitest suite ; add a tRPC procedure so scenarios save against the client record"
IncomeShiftingCalc,/portal/income-shifting,6.5,ENHANCE,L2 — Advanced,TOGGLE,RetirementIncomeProjection,Supporting Planning,0.5,2.3,FIX FIRST — defective output,Cross-Cutting Reference Library,True,undeclared-var|fabricated-constant,To 7.8: wire it to live client/carrier data. Then add the threat→pain→IUL-win→discovery arc.,"extract the math into `shared/<name>Engine.ts` as a pure, deterministic module with a vitest suite ; add a tRPC procedure so scenarios save against the client record"
InflationAdjustedCalc,/portal/inflation-adjusted-income,6.5,ENHANCE,L2 — Advanced,STANDALONE,—,Supporting Planning,0.5,1.9,FIX FIRST — defective output,Investments & Portfolio,True,undeclared-var|fabricated-constant,To 7.8: wire it to live client/carrier data. Then add the threat→pain→IUL-win→discovery arc.,"extract the math into `shared/<name>Engine.ts` as a pure, deterministic module with a vitest suite ; add a tRPC procedure so scenarios save against the client record"
Landing,/,6.5,ENHANCE,L2 — Advanced,STANDALONE,—,Supporting Planning,5.8,5.8,EMBED — accordion section,"Public, Marketing & Legal",False,,To 7.8: add a market-vs-IUL outcome chart. Then add the threat→pain→IUL-win→discovery arc.,apply the CinematicEngine treatment (Ken Burns + breath-locked bloom)
LeaseVsBuyCalc,/portal/lease-vs-buy,6.5,ENHANCE,L2 — Advanced,TOGGLE,ReverseHeloc,Supporting Planning,0.5,2.8,FIX FIRST — defective output,Scenario Lab & Comparison,True,undeclared-var|fabricated-constant,To 7.8: wire it to live client/carrier data. Then add the threat→pain→IUL-win→discovery arc.,"extract the math into `shared/<name>Engine.ts` as a pure, deterministic module with a vitest suite ; add a tRPC procedure so scenarios save against the client record"
LifestyleInflationCalc,/portal/lifestyle-inflation,6.5,ENHANCE,L2 — Advanced,STANDALONE,—,Supporting Planning,0.5,1.9,FIX FIRST — defective output,Investments & Portfolio,True,undeclared-var,To 7.8: wire it to live client/carrier data. Then add the threat→pain→IUL-win→discovery arc.,"extract the math into `shared/<name>Engine.ts` as a pure, deterministic module with a vitest suite ; add a tRPC procedure so scenarios save against the client record"
LikeKindExchangeCalc,/portal/like-kind-exchange,6.5,ENHANCE,L2 — Advanced,TOGGLE,TaxDeferredExchangeTimeline,Supporting Planning,0.5,1.9,FIX FIRST — defective output,Cross-Cutting Reference Library,True,frozen-chart|undeclared-var,To 7.8: wire it to live client/carrier data. Then add the threat→pain→IUL-win→discovery arc.,"extract the math into `shared/<name>Engine.ts` as a pure, deterministic module with a vitest suite ; add a tRPC procedure so scenarios save against the client record"
LivingRiskProfile,/portal/living-risk-profile,6.5,ENHANCE,L2 — Advanced,STANDALONE,—,Supporting Planning,3.8,4.2,EMBED — reference card,"Discovery, Calibration & Onboarding",False,,To 7.8: wire it to live client/carrier data. Then add the threat→pain→IUL-win→discovery arc.,"extract the math into `shared/<name>Engine.ts` as a pure, deterministic module with a vitest suite ; add a tRPC procedure so scenarios save against the client record"
MarginalTaxRateCalc,/portal/marginal-tax-rate,6.5,ENHANCE,L2 — Advanced,STANDALONE,—,Supporting Planning,0.5,1.9,FIX FIRST — defective output,Tax Strategy,True,undeclared-var|fabricated-constant,To 7.8: wire it to live client/carrier data. Then add the threat→pain→IUL-win→discovery arc.,"extract the math into `shared/<name>Engine.ts` as a pure, deterministic module with a vitest suite ; add a tRPC procedure so scenarios save against the client record"
MillionaireCalc,/portal/millionaire-calculator,6.5,ENHANCE,L2 — Advanced,STANDALONE,—,Supporting Planning,0.5,2.3,FIX FIRST — defective output,Cross-Cutting Reference Library,True,undeclared-var|fabricated-constant,To 7.8: wire it to live client/carrier data. Then add the threat→pain→IUL-win→discovery arc.,"extract the math into `shared/<name>Engine.ts` as a pure, deterministic module with a vitest suite ; add a tRPC procedure so scenarios save against the client record"
MuniBondLadderCalc,/portal/muni-bond-ladder,6.5,ENHANCE,L2 — Advanced,STANDALONE,—,Supporting Planning,0.5,1.9,FIX FIRST — defective output,Investments & Portfolio,True,undeclared-var,To 7.8: wire it to live client/carrier data. Then add the threat→pain→IUL-win→discovery arc.,"extract the math into `shared/<name>Engine.ts` as a pure, deterministic module with a vitest suite ; add a tRPC procedure so scenarios save against the client record"
MyWorld,/portal/my-world,6.5,ENHANCE,L2 — Advanced,STANDALONE,—,Supporting Planning,2.0,2.4,UPGRADE or fold into library,Cross-Cutting Reference Library,False,,To 7.8: add a market-vs-IUL outcome chart. Then add the threat→pain→IUL-win→discovery arc.,"extract the math into `shared/<name>Engine.ts` as a pure, deterministic module with a vitest suite ; add projection + sensitivity + comparison charts"
OpportunityZoneCalc,/portal/opportunity-zone,6.5,ENHANCE,L2 — Advanced,PARENT,—,Supporting Planning,1.5,1.9,UPGRADE or fold into library,Tax Strategy,False,,To 7.8: wire it to live client/carrier data. Then add the threat→pain→IUL-win→discovery arc.,"extract the math into `shared/<name>Engine.ts` as a pure, deterministic module with a vitest suite ; add a tRPC procedure so scenarios save against the client record"
OptionsProfitCalc,/portal/options-profit-loss,6.5,ENHANCE,L2 — Advanced,STANDALONE,—,Supporting Planning,0.5,1.9,FIX FIRST — defective output,Cross-Cutting Reference Library,True,undeclared-var,To 7.8: wire it to live client/carrier data. Then add the threat→pain→IUL-win→discovery arc.,"extract the math into `shared/<name>Engine.ts` as a pure, deterministic module with a vitest suite ; add a tRPC procedure so scenarios save against the client record"
PatentShowcase,/portal/patent-showcase,6.5,ENHANCE,L2 — Advanced,STANDALONE,—,Supporting Planning,0.8,1.2,UPGRADE or fold into library,Cross-Cutting Reference Library,False,,To 7.8: wire it to live client/carrier data. Then add the threat→pain→IUL-win→discovery arc.,"extract the math into `shared/<name>Engine.ts` as a pure, deterministic module with a vitest suite ; add a tRPC procedure so scenarios save against the client record"
PhysiciansEdge,/portal/physicians-edge,6.5,ENHANCE,L2 — Advanced,STANDALONE,—,Supporting Planning,0.8,1.2,UPGRADE or fold into library,Cross-Cutting Reference Library,False,,To 7.8: wire it to live client/carrier data. Then add the threat→pain→IUL-win→discovery arc.,"extract the math into `shared/<name>Engine.ts` as a pure, deterministic module with a vitest suite ; add a tRPC procedure so scenarios save against the client record"
PrivateEquityIRRCalc,/portal/pe-irr-calculator,6.5,ENHANCE,L2 — Advanced,STANDALONE,—,Supporting Planning,0.5,1.9,FIX FIRST — defective output,Investments & Portfolio,True,frozen-chart|undeclared-var|fabricated-constant,To 7.8: wire it to live client/carrier data. Then add the threat→pain→IUL-win→discovery arc.,"extract the math into `shared/<name>Engine.ts` as a pure, deterministic module with a vitest suite ; add a tRPC procedure so scenarios save against the client record"
PropertyTaxAppealCalc,/portal/property-tax-appeal,6.5,ENHANCE,L2 — Advanced,STANDALONE,—,Supporting Planning,0.5,1.9,FIX FIRST — defective output,Real Estate Intelligence,True,undeclared-var,To 7.8: wire it to live client/carrier data. Then add the threat→pain→IUL-win→discovery arc.,"extract the math into `shared/<name>Engine.ts` as a pure, deterministic module with a vitest suite ; add a tRPC procedure so scenarios save against the client record"
QLACCalculator,/portal/qlac-calculator,6.5,ENHANCE,L2 — Advanced,STANDALONE,—,Supporting Planning,0.5,1.9,FIX FIRST — defective output,Cross-Cutting Reference Library,True,undeclared-var|fabricated-constant,To 7.8: wire it to live client/carrier data. Then add the threat→pain→IUL-win→discovery arc.,"extract the math into `shared/<name>Engine.ts` as a pure, deterministic module with a vitest suite ; add a tRPC procedure so scenarios save against the client record"
RSUTaxCalc,/portal/rsu-tax,6.5,ENHANCE,L2 — Advanced,STANDALONE,—,Supporting Planning,0.5,1.9,FIX FIRST — defective output,Tax Strategy,True,undeclared-var|fabricated-constant,To 7.8: wire it to live client/carrier data. Then add the threat→pain→IUL-win→discovery arc.,"extract the math into `shared/<name>Engine.ts` as a pure, deterministic module with a vitest suite ; add a tRPC procedure so scenarios save against the client record"
RefinanceBreakEvenCalc,/portal/refinance-break-even,6.5,ENHANCE,L2 — Advanced,TOGGLE,ReverseHeloc,Supporting Planning,1.5,1.9,UPGRADE or fold into library,Mortgage & Debt Elimination,False,,To 7.8: wire it to live client/carrier data. Then add the threat→pain→IUL-win→discovery arc.,"extract the math into `shared/<name>Engine.ts` as a pure, deterministic module with a vitest suite ; add a tRPC procedure so scenarios save against the client record"
RentalPropertyROICalc,/portal/rental-property-roi,6.5,ENHANCE,L2 — Advanced,STANDALONE,—,Supporting Planning,1.9,2.3,UPGRADE or fold into library,Real Estate Intelligence,False,,To 7.8: wire it to live client/carrier data. Then add the threat→pain→IUL-win→discovery arc.,"extract the math into `shared/<name>Engine.ts` as a pure, deterministic module with a vitest suite ; add a tRPC procedure so scenarios save against the client record"
RothVsTraditionalCalc,/portal/roth-vs-traditional,6.5,ENHANCE,L2 — Advanced,TOGGLE,RothConversionSTR,Supporting Planning,0.5,2.3,FIX FIRST — defective output,Tax Strategy,True,undeclared-var,To 7.8: wire it to live client/carrier data. Then add the threat→pain→IUL-win→discovery arc.,"extract the math into `shared/<name>Engine.ts` as a pure, deterministic module with a vitest suite ; add a tRPC procedure so scenarios save against the client record"
SabbaticalPlannerCalc,/portal/sabbatical-planner,6.5,ENHANCE,L2 — Advanced,STANDALONE,—,Supporting Planning,2.4,2.8,UPGRADE or fold into library,Cross-Cutting Reference Library,False,,To 7.8: wire it to live client/carrier data. Then add the threat→pain→IUL-win→discovery arc.,"extract the math into `shared/<name>Engine.ts` as a pure, deterministic module with a vitest suite ; add a tRPC procedure so scenarios save against the client record"
SavingsRateCalc,/portal/savings-rate-impact,6.5,ENHANCE,L2 — Advanced,STANDALONE,—,Supporting Planning,0.5,1.5,FIX FIRST — defective output,Cross-Cutting Reference Library,True,undeclared-var|fabricated-constant,To 7.8: wire it to live client/carrier data. Then add the threat→pain→IUL-win→discovery arc.,"extract the math into `shared/<name>Engine.ts` as a pure, deterministic module with a vitest suite ; add a tRPC procedure so scenarios save against the client record"
SectorRotationCalc,/portal/sector-rotation,6.5,ENHANCE,L2 — Advanced,STANDALONE,—,Supporting Planning,0.5,1.5,FIX FIRST — defective output,Cross-Cutting Reference Library,True,undeclared-var|fabricated-constant,To 7.8: wire it to live client/carrier data. Then add the threat→pain→IUL-win→discovery arc.,"extract the math into `shared/<name>Engine.ts` as a pure, deterministic module with a vitest suite ; add a tRPC procedure so scenarios save against the client record"
SelfEmploymentTaxCalc,/portal/self-employment-tax,6.5,ENHANCE,L2 — Advanced,STANDALONE,—,Supporting Planning,0.5,1.9,FIX FIRST — defective output,Tax Strategy,True,undeclared-var,To 7.8: wire it to live client/carrier data. Then add the threat→pain→IUL-win→discovery arc.,"extract the math into `shared/<name>Engine.ts` as a pure, deterministic module with a vitest suite ; add a tRPC procedure so scenarios save against the client record"
SeveranceCalc,/portal/severance-calculator,6.5,ENHANCE,L2 — Advanced,STANDALONE,—,Supporting Planning,1.9,2.3,UPGRADE or fold into library,Cross-Cutting Reference Library,False,,To 7.8: wire it to live client/carrier data. Then add the threat→pain→IUL-win→discovery arc.,"extract the math into `shared/<name>Engine.ts` as a pure, deterministic module with a vitest suite ; add a tRPC procedure so scenarios save against the client record"
SpendVsInvestCalc,/portal/spend-vs-invest,6.5,ENHANCE,L2 — Advanced,STANDALONE,—,Supporting Planning,1.5,1.9,UPGRADE or fold into library,Investments & Portfolio,False,,To 7.8: wire it to live client/carrier data. Then add the threat→pain→IUL-win→discovery arc.,"extract the math into `shared/<name>Engine.ts` as a pure, deterministic module with a vitest suite ; add a tRPC procedure so scenarios save against the client record"
SpousalSSCalc,/portal/spousal-ss-coordination,6.5,ENHANCE,L2 — Advanced,TOGGLE,SocialSecurityBridge,Supporting Planning,0.5,2.8,FIX FIRST — defective output,Cross-Cutting Reference Library,True,undeclared-var,To 7.8: wire it to live client/carrier data. Then add the threat→pain→IUL-win→discovery arc.,"extract the math into `shared/<name>Engine.ts` as a pure, deterministic module with a vitest suite ; add a tRPC procedure so scenarios save against the client record"
StateTaxArbitrageCalc,/portal/state-tax-arbitrage,6.5,ENHANCE,L2 — Advanced,STANDALONE,—,Supporting Planning,0.5,1.9,FIX FIRST — defective output,Tax Strategy,True,undeclared-var,To 7.8: wire it to live client/carrier data. Then add the threat→pain→IUL-win→discovery arc.,"extract the math into `shared/<name>Engine.ts` as a pure, deterministic module with a vitest suite ; add a tRPC procedure so scenarios save against the client record"
VacationRentalCalc,/portal/vacation-rental,6.5,ENHANCE,L2 — Advanced,STANDALONE,—,Supporting Planning,1.1,1.5,UPGRADE or fold into library,Real Estate Intelligence,False,,To 7.8: wire it to live client/carrier data. Then add the threat→pain→IUL-win→discovery arc.,"extract the math into `shared/<name>Engine.ts` as a pure, deterministic module with a vitest suite ; add a tRPC procedure so scenarios save against the client record"
W4OptimizerCalc,/portal/w4-optimizer,6.5,ENHANCE,L2 — Advanced,STANDALONE,—,Supporting Planning,0.5,1.9,FIX FIRST — defective output,Cross-Cutting Reference Library,True,undeclared-var|fabricated-constant,To 7.8: wire it to live client/carrier data. Then add the threat→pain→IUL-win→discovery arc.,"extract the math into `shared/<name>Engine.ts` as a pure, deterministic module with a vitest suite ; add a tRPC procedure so scenarios save against the client record"
WindfallCalc,/portal/windfall-management,6.5,ENHANCE,L2 — Advanced,STANDALONE,—,Supporting Planning,1.5,1.9,UPGRADE or fold into library,Cross-Cutting Reference Library,False,,To 7.8: wire it to live client/carrier data. Then add the threat→pain→IUL-win→discovery arc.,"extract the math into `shared/<name>Engine.ts` as a pure, deterministic module with a vitest suite ; add a tRPC procedure so scenarios save against the client record"
ZeroBasedBudgetCalc,/portal/zero-based-budget,6.5,ENHANCE,L2 — Advanced,STANDALONE,—,Supporting Planning,0.5,1.9,FIX FIRST — defective output,Cross-Cutting Reference Library,True,undeclared-var,To 7.8: wire it to live client/carrier data. Then add the threat→pain→IUL-win→discovery arc.,"extract the math into `shared/<name>Engine.ts` as a pure, deterministic module with a vitest suite ; add a tRPC procedure so scenarios save against the client record"
MedicareIRMAACalc,/portal/medicare-irmaa-calc,6.5,MERGE,Merge,TOGGLE,MedicareIRMAA,Tax / Income Lever,0.5,1.5,FIX FIRST — defective output,Tax Strategy,True,undeclared-var,None,"extract the math into `shared/<name>Engine.ts` as a pure, deterministic module with a vitest suite ; add a tRPC procedure so scenarios save against the client record"
TaxOptimizationCommand,/portal/tax-optimization-command,6.5,ENHANCE,L2 — Advanced,STANDALONE,—,Tax / Income Lever,0.6,1.0,UPGRADE or fold into library,Tax Strategy,False,,To 8.5: wire it to live client/carrier data. Then add the threat→pain→IUL-win→discovery arc.,"extract the math into `shared/<name>Engine.ts` as a pure, deterministic module with a vitest suite ; add a tRPC procedure so scenarios save against the client record"
DeferredCompensationAnalyzer,/portal/deferred-comp,6.4,MERGE,Merge,TOGGLE,DeferredCompCalc,Business Owner / Entity,1.7,2.1,UPGRADE or fold into library,Business & Succession,False,,None,"extract the math into `shared/<name>Engine.ts` as a pure, deterministic module with a vitest suite ; add a tRPC procedure so scenarios save against the client record"
KeyPersonInsurance,,6.4,MERGE,Merge,TOGGLE,KeyPersonInsuranceCalc,Business Owner / Entity,0.5,2.2,UPGRADE or fold into library,Business & Succession,False,fabricated-constant|literal-chart-data,None,"extract the math into `shared/<name>Engine.ts` as a pure, deterministic module with a vitest suite ; add a tRPC procedure so scenarios save against the client record"
KeyPersonInsurancePlanner,,6.4,MERGE,Merge,TOGGLE,KeyPersonInsuranceCalc,Business Owner / Entity,1.8,2.2,UPGRADE or fold into library,Business & Succession,False,,None,"extract the math into `shared/<name>Engine.ts` as a pure, deterministic module with a vitest suite ; add a tRPC procedure so scenarios save against the client record"
OrganismDashboard,/portal/organism-dashboard,6.4,ENHANCE,L2 — Advanced,STANDALONE,—,Dashboards / Internal,2.0,2.4,UPGRADE or fold into library,Reports & Deliverables,False,,To 7.7: wire it to live client/carrier data. Then add the threat→pain→IUL-win→discovery arc.,"extract the math into `shared/<name>Engine.ts` as a pure, deterministic module with a vitest suite ; add a tRPC procedure so scenarios save against the client record"
IncomeAnnuityPage,,6.4,ENHANCE,L2 — Advanced,STANDALONE,—,Guaranteed Income / Annuity,1.1,1.1,UPGRADE or fold into library,"Insurance, Annuity & Carrier",False,,To 8.4: wire it to live client/carrier data. Then add the threat→pain→IUL-win→discovery arc.,"extract the math into `shared/<name>Engine.ts` as a pure, deterministic module with a vitest suite ; add a tRPC procedure so scenarios save against the client record"
Knowledge,/portal/knowledge,6.4,ENHANCE,L2 — Advanced,STANDALONE,—,Platform / Admin,4.7,5.1,EMBED — reference card,AI Brain & Intelligence,False,,To 7.7: add a discovery question to open the conversation. Then add the threat→pain→IUL-win→discovery arc.,"extract the math into `shared/<name>Engine.ts` as a pure, deterministic module with a vitest suite ; add branded PDF export with sources and method notes"
CollegeAidOptimizer,/portal/college-aid,6.4,ENHANCE,L2 — Advanced,TOGGLE,Education529VsIULCalc,Supporting Planning,1.0,2.6,UPGRADE or fold into library,Cross-Cutting Reference Library,False,fabricated-constant,To 7.7: wire it to live client/carrier data. Then add the threat→pain→IUL-win→discovery arc.,"extract the math into `shared/<name>Engine.ts` as a pure, deterministic module with a vitest suite ; add a tRPC procedure so scenarios save against the client record"
CouplesMode,/portal/couples,6.4,ENHANCE,L2 — Advanced,STANDALONE,—,Supporting Planning,3.2,3.6,UPGRADE or fold into library,Cross-Cutting Reference Library,False,,To 7.7: add a market-vs-IUL outcome chart. Then add the threat→pain→IUL-win→discovery arc.,"extract the math into `shared/<name>Engine.ts` as a pure, deterministic module with a vitest suite ; add projection + sensitivity + comparison charts"
DebtPayoffStrategy,/portal/debt-payoff,6.4,ENHANCE,L2 — Advanced,STANDALONE,—,Supporting Planning,0.6,2.2,UPGRADE or fold into library,Mortgage & Debt Elimination,False,fabricated-constant,To 7.7: wire it to live client/carrier data. Then add the threat→pain→IUL-win→discovery arc.,"extract the math into `shared/<name>Engine.ts` as a pure, deterministic module with a vitest suite ; add a tRPC procedure so scenarios save against the client record"
Education529Planner,/portal/education-529,6.4,ENHANCE,L2 — Advanced,TOGGLE,Education529VsIULCalc,Supporting Planning,1.4,1.8,UPGRADE or fold into library,Education & Knowledge,False,,To 7.7: wire it to live client/carrier data. Then add the threat→pain→IUL-win→discovery arc.,"extract the math into `shared/<name>Engine.ts` as a pure, deterministic module with a vitest suite ; add a tRPC procedure so scenarios save against the client record"
FamilyTreeFinancial,/portal/family-tree,6.4,ENHANCE,L2 — Advanced,STANDALONE,—,Supporting Planning,2.1,2.5,UPGRADE or fold into library,Cross-Cutting Reference Library,False,,To 7.7: add a discovery question to open the conversation. Then add the threat→pain→IUL-win→discovery arc.,"extract the math into `shared/<name>Engine.ts` as a pure, deterministic module with a vitest suite ; add projection + sensitivity + comparison charts"
HealthcareCostProjector,/portal/healthcare-cost,6.4,ENHANCE,L2 — Advanced,STANDALONE,—,Supporting Planning,1.0,2.6,UPGRADE or fold into library,Cross-Cutting Reference Library,False,fabricated-constant,To 7.7: wire it to live client/carrier data. Then add the threat→pain→IUL-win→discovery arc.,"extract the math into `shared/<name>Engine.ts` as a pure, deterministic module with a vitest suite ; add a tRPC procedure so scenarios save against the client record"
LiveCoPilot,/portal/co-pilot,6.4,ENHANCE,L2 — Advanced,STANDALONE,—,Supporting Planning,1.0,1.4,UPGRADE or fold into library,Cross-Cutting Reference Library,False,,To 7.7: add a discovery question to open the conversation. Then add the threat→pain→IUL-win→discovery arc.,"extract the math into `shared/<name>Engine.ts` as a pure, deterministic module with a vitest suite ; add projection + sensitivity + comparison charts"
MorningRitual,/portal/morning-ritual,6.4,ENHANCE,L2 — Advanced,STANDALONE,—,Supporting Planning,2.8,3.2,UPGRADE or fold into library,Cross-Cutting Reference Library,False,,To 7.7: add a market-vs-IUL outcome chart. Then add the threat→pain→IUL-win→discovery arc.,"extract the math into `shared/<name>Engine.ts` as a pure, deterministic module with a vitest suite ; add projection + sensitivity + comparison charts"
MultiCurrencyWealth,/portal/multi-currency,6.4,ENHANCE,L2 — Advanced,STANDALONE,—,Supporting Planning,2.1,2.5,UPGRADE or fold into library,Cross-Cutting Reference Library,False,,To 7.7: add a discovery question to open the conversation. Then add the threat→pain→IUL-win→discovery arc.,"extract the math into `shared/<name>Engine.ts` as a pure, deterministic module with a vitest suite ; add projection + sensitivity + comparison charts"
PhysicianMortgageAnalyzer,/portal/physician-mortgage,6.4,ENHANCE,L2 — Advanced,TOGGLE,ReverseHeloc,Supporting Planning,0.5,2.1,UPGRADE or fold into library,Mortgage & Debt Elimination,True,frozen-chart|fabricated-constant|literal-chart-data,To 7.7: wire it to live client/carrier data. Then add the threat→pain→IUL-win→discovery arc.,"extract the math into `shared/<name>Engine.ts` as a pure, deterministic module with a vitest suite ; add a tRPC procedure so scenarios save against the client record"
PolicyReplacementAnalyzer,/portal/policy-replacement,6.4,ENHANCE,L2 — Advanced,TOGGLE,PolicyReviewChecklist,Supporting Planning,2.5,2.9,UPGRADE or fold into library,IUL & Policy Engineering,False,,To 7.7: add a discovery question to open the conversation. Then add the threat→pain→IUL-win→discovery arc.,"extract the math into `shared/<name>Engine.ts` as a pure, deterministic module with a vitest suite ; add projection + sensitivity + comparison charts"
PortfolioStressTest,/portal/stress-test,6.4,ENHANCE,L2 — Advanced,STANDALONE,—,Supporting Planning,1.0,2.6,UPGRADE or fold into library,"Admin, Ops & System",False,fabricated-constant,To 7.7: wire it to live client/carrier data. Then add the threat→pain→IUL-win→discovery arc.,"extract the math into `shared/<name>Engine.ts` as a pure, deterministic module with a vitest suite ; add a tRPC procedure so scenarios save against the client record"
RetirementHealthcareCostPlanner,,6.4,ENHANCE,L2 — Advanced,STANDALONE,—,Supporting Planning,1.8,2.2,UPGRADE or fold into library,Retirement Income & Drawdown,False,,To 7.7: wire it to live client/carrier data. Then add the threat→pain→IUL-win→discovery arc.,"extract the math into `shared/<name>Engine.ts` as a pure, deterministic module with a vitest suite ; add a tRPC procedure so scenarios save against the client record"
RetirementPlanDistributionPlanner,/portal/retirement-distributions,6.4,ENHANCE,L2 — Advanced,STANDALONE,—,Supporting Planning,0.6,2.2,UPGRADE or fold into library,Retirement Income & Drawdown,False,fabricated-constant,To 7.7: wire it to live client/carrier data. Then add the threat→pain→IUL-win→discovery arc.,"extract the math into `shared/<name>Engine.ts` as a pure, deterministic module with a vitest suite ; add a tRPC procedure so scenarios save against the client record"
RetirementReadinessScore,,6.4,ENHANCE,L2 — Advanced,STANDALONE,—,Supporting Planning,1.8,2.2,UPGRADE or fold into library,Retirement Income & Drawdown,False,,To 7.7: wire it to live client/carrier data. Then add the threat→pain→IUL-win→discovery arc.,"extract the math into `shared/<name>Engine.ts` as a pure, deterministic module with a vitest suite ; add a tRPC procedure so scenarios save against the client record"
RetirementSpendingGuardrails,/portal/spending-guardrails,6.4,ENHANCE,L2 — Advanced,TOGGLE,WithdrawalSequencing,Supporting Planning,1.4,1.8,UPGRADE or fold into library,Retirement Income & Drawdown,False,,To 7.7: wire it to live client/carrier data. Then add the threat→pain→IUL-win→discovery arc.,"extract the math into `shared/<name>Engine.ts` as a pure, deterministic module with a vitest suite ; add a tRPC procedure so scenarios save against the client record"
Section529AdvancedPlanner,/portal/529-advanced,6.4,ENHANCE,L2 — Advanced,STANDALONE,—,Supporting Planning,1.4,1.8,UPGRADE or fold into library,Tax Strategy,False,,To 7.7: wire it to live client/carrier data. Then add the threat→pain→IUL-win→discovery arc.,"extract the math into `shared/<name>Engine.ts` as a pure, deterministic module with a vitest suite ; add a tRPC procedure so scenarios save against the client record"
AuditDefensePrep,/portal/audit-defense,6.3,ENHANCE,L2 — Advanced,STANDALONE,—,Compliance / Reporting Ops,0.8,2.2,UPGRADE or fold into library,Compliance & Supervision,False,literal-chart-data,To 7.6: wire it to live client/carrier data. Then add the threat→pain→IUL-win→discovery arc.,"extract the math into `shared/<name>Engine.ts` as a pure, deterministic module with a vitest suite ; add a tRPC procedure so scenarios save against the client record"
ConcentratedStock,/portal/concentrated-stock,6.3,ENHANCE,L2 — Advanced,STANDALONE,—,Supporting Planning,1.4,1.8,UPGRADE or fold into library,Investments & Portfolio,False,,To 7.6: wire it to live client/carrier data. Then add the threat→pain→IUL-win→discovery arc.,"extract the math into `shared/<name>Engine.ts` as a pure, deterministic module with a vitest suite ; add a tRPC procedure so scenarios save against the client record"
IncomeProtectionPlanner,/portal/income-protection,6.3,ENHANCE,L2 — Advanced,TOGGLE,OverheadExpenseCalc,Supporting Planning,1.7,2.1,UPGRADE or fold into library,Cross-Cutting Reference Library,False,,To 7.6: wire it to live client/carrier data. Then add the threat→pain→IUL-win→discovery arc.,"extract the math into `shared/<name>Engine.ts` as a pure, deterministic module with a vitest suite ; add a tRPC procedure so scenarios save against the client record"
NetUnrealizedAppreciationPlanner,/portal/nua-planner,6.3,ENHANCE,L2 — Advanced,STANDALONE,—,Supporting Planning,0.5,2.6,UPGRADE or fold into library,Cross-Cutting Reference Library,False,fabricated-constant|literal-chart-data,To 7.6: wire it to live client/carrier data. Then add the threat→pain→IUL-win→discovery arc.,"extract the math into `shared/<name>Engine.ts` as a pure, deterministic module with a vitest suite ; add a tRPC procedure so scenarios save against the client record"
PhysicianFinancialBlueprint,/portal/physician-blueprint,6.3,ENHANCE,L2 — Advanced,STANDALONE,—,Supporting Planning,1.8,2.2,UPGRADE or fold into library,Reports & Deliverables,False,,To 7.6: wire it to live client/carrier data. Then add the threat→pain→IUL-win→discovery arc.,"extract the math into `shared/<name>Engine.ts` as a pure, deterministic module with a vitest suite ; add a tRPC procedure so scenarios save against the client record"
PrivateCreditAnalyzer,,6.3,ENHANCE,L2 — Advanced,STANDALONE,—,Supporting Planning,0.7,2.6,UPGRADE or fold into library,Cross-Cutting Reference Library,True,frozen-chart,To 7.6: wire it to live client/carrier data. Then add the threat→pain→IUL-win→discovery arc.,"extract the math into `shared/<name>Engine.ts` as a pure, deterministic module with a vitest suite ; add a tRPC procedure so scenarios save against the client record"
Section1202Planner,/portal/section-1202,6.3,ENHANCE,L2 — Advanced,STANDALONE,—,Supporting Planning,0.6,2.2,UPGRADE or fold into library,Tax Strategy,False,fabricated-constant,To 7.6: wire it to live client/carrier data. Then add the threat→pain→IUL-win→discovery arc.,"extract the math into `shared/<name>Engine.ts` as a pure, deterministic module with a vitest suite ; add a tRPC procedure so scenarios save against the client record"
ShortTermRentalTaxStrategy,/portal/str-tax-strategy,6.3,ENHANCE,L2 — Advanced,STANDALONE,—,Supporting Planning,1.8,2.2,UPGRADE or fold into library,Real Estate Intelligence,False,,To 7.6: wire it to live client/carrier data. Then add the threat→pain→IUL-win→discovery arc.,"extract the math into `shared/<name>Engine.ts` as a pure, deterministic module with a vitest suite ; add a tRPC procedure so scenarios save against the client record"
SpecialNeedsPlanner,/portal/special-needs,6.3,ENHANCE,L2 — Advanced,STANDALONE,—,Supporting Planning,0.8,2.2,UPGRADE or fold into library,Cross-Cutting Reference Library,False,literal-chart-data,To 7.6: wire it to live client/carrier data. Then add the threat→pain→IUL-win→discovery arc.,"extract the math into `shared/<name>Engine.ts` as a pure, deterministic module with a vitest suite ; add a tRPC procedure so scenarios save against the client record"
WealthProjectionTheater,/portal/projection-theater,6.3,ENHANCE,L2 — Advanced,STANDALONE,—,Supporting Planning,1.9,2.3,UPGRADE or fold into library,Cross-Cutting Reference Library,False,,To 7.6: wire it to live client/carrier data. Then add the threat→pain→IUL-win→discovery arc.,"extract the math into `shared/<name>Engine.ts` as a pure, deterministic module with a vitest suite ; add a tRPC procedure so scenarios save against the client record"
ILITAnalyzer,/portal/ilit-analyzer,6.2,MERGE,Merge,TOGGLE,ILITCalculator,Estate / Legacy,0.5,1.4,UPGRADE or fold into library,"Estate, Trust & Legacy",False,literal-chart-data,None,"extract the math into `shared/<name>Engine.ts` as a pure, deterministic module with a vitest suite ; add a tRPC procedure so scenarios save against the client record"
CaptiveInsuranceModeler,/portal/captive-insurance-modeler,6.2,MERGE,Merge,TOGGLE,CaptiveInsuranceIUL,Large-Case Structure,1.3,1.7,UPGRADE or fold into library,"Insurance, Annuity & Carrier",False,,None,"extract the math into `shared/<name>Engine.ts` as a pure, deterministic module with a vitest suite ; add a tRPC procedure so scenarios save against the client record"
ClientJourneyNavigator,/portal/journey-navigator,6.2,ENHANCE,L2 — Advanced,STANDALONE,—,Supporting Planning,0.5,0.7,UPGRADE or fold into library,Mortgage & Debt Elimination,False,,To 7.5: wire it to live client/carrier data. Then add the threat→pain→IUL-win→discovery arc.,"extract the math into `shared/<name>Engine.ts` as a pure, deterministic module with a vitest suite ; add a tRPC procedure so scenarios save against the client record"
ComplianceCommandCenter,/portal/compliance-center,6.1,ENHANCE,L2 — Advanced,STANDALONE,—,Compliance / Reporting Ops,1.0,1.4,UPGRADE or fold into library,Compliance & Supervision,False,,To 7.4: add a market-vs-IUL outcome chart. Then add the threat→pain→IUL-win→discovery arc.,"extract the math into `shared/<name>Engine.ts` as a pure, deterministic module with a vitest suite ; add projection + sensitivity + comparison charts"
ComplianceDisclosure,,6.1,ENHANCE,L2 — Advanced,STANDALONE,—,Compliance / Reporting Ops,2.7,2.7,UPGRADE or fold into library,Compliance & Supervision,False,,To 7.4: add a market-vs-IUL outcome chart. Then add the threat→pain→IUL-win→discovery arc.,"extract the math into `shared/<name>Engine.ts` as a pure, deterministic module with a vitest suite ; add projection + sensitivity + comparison charts"
DailyBriefing,/portal/daily-briefing,6.1,ENHANCE,L2 — Advanced,STANDALONE,—,Dashboards / Internal,2.8,3.2,UPGRADE or fold into library,Cross-Cutting Reference Library,False,,To 7.4: add a market-vs-IUL outcome chart. Then add the threat→pain→IUL-win→discovery arc.,"extract the math into `shared/<name>Engine.ts` as a pure, deterministic module with a vitest suite ; add projection + sensitivity + comparison charts"
InnovationDashboard,/portal/innovation-dashboard,6.1,ENHANCE,L2 — Advanced,STANDALONE,—,Dashboards / Internal,0.5,0.7,UPGRADE or fold into library,Reports & Deliverables,False,,To 7.4: wire it to live client/carrier data. Then add the threat→pain→IUL-win→discovery arc.,"extract the math into `shared/<name>Engine.ts` as a pure, deterministic module with a vitest suite ; add a tRPC procedure so scenarios save against the client record"
PhysicianVitalsDashboard,/portal/physician-vitals,6.1,ENHANCE,L2 — Advanced,STANDALONE,—,Dashboards / Internal,1.1,1.5,UPGRADE or fold into library,Reports & Deliverables,False,,To 7.4: wire it to live client/carrier data. Then add the threat→pain→IUL-win→discovery arc.,"extract the math into `shared/<name>Engine.ts` as a pure, deterministic module with a vitest suite ; add a tRPC procedure so scenarios save against the client record"
UnifiedDataBusDashboard,/portal/data-bus-dashboard,6.1,ENHANCE,L2 — Advanced,STANDALONE,—,Dashboards / Internal,2.9,4.5,UPGRADE or fold into library,Reports & Deliverables,False,fabricated-constant,To 7.4: wire it to live client/carrier data. Then add the threat→pain→IUL-win→discovery arc.,"extract the math into `shared/<name>Engine.ts` as a pure, deterministic module with a vitest suite ; add a tRPC procedure so scenarios save against the client record"
GenerationalWealthSim,/portal/generational-wealth,6.1,MERGE,Merge,TOGGLE,MultiGenWealthTransfer,Estate / Legacy,2.5,2.9,UPGRADE or fold into library,Cross-Cutting Reference Library,False,,None,"extract the math into `shared/<name>Engine.ts` as a pure, deterministic module with a vitest suite ; add projection + sensitivity + comparison charts"
IulProjectionPage,,6.1,ENHANCE,L2 — Advanced,STANDALONE,—,IUL Core,0.7,0.7,UPGRADE or fold into library,IUL & Policy Engineering,False,,To 8.1: wire it to live client/carrier data. Then add the threat→pain→IUL-win→discovery arc.,"extract the math into `shared/<name>Engine.ts` as a pure, deterministic module with a vitest suite ; add a tRPC procedure so scenarios save against the client record"
ComboDetail,/portal/tax-combos/:id,6.1,ENHANCE,L2 — Advanced,STANDALONE,—,Supporting Planning,2.1,4.0,UPGRADE or fold into library,Tax Strategy,True,frozen-chart,To 7.4: wire it to live client/carrier data. Then add the threat→pain→IUL-win→discovery arc.,"extract the math into `shared/<name>Engine.ts` as a pure, deterministic module with a vitest suite ; add a tRPC procedure so scenarios save against the client record"
FinancialDNA,/portal/financial-dna,6.1,ENHANCE,L2 — Advanced,STANDALONE,—,Supporting Planning,1.4,1.8,UPGRADE or fold into library,Cross-Cutting Reference Library,False,,To 7.4: wire it to live client/carrier data. Then add the threat→pain→IUL-win→discovery arc.,"extract the math into `shared/<name>Engine.ts` as a pure, deterministic module with a vitest suite ; add a tRPC procedure so scenarios save against the client record"
PersonaHub,/portal/persona-hub,6.1,ENHANCE,L2 — Advanced,STANDALONE,—,Supporting Planning,1.4,1.8,UPGRADE or fold into library,"Discovery, Calibration & Onboarding",False,,To 7.4: wire it to live client/carrier data. Then add the threat→pain→IUL-win→discovery arc.,"extract the math into `shared/<name>Engine.ts` as a pure, deterministic module with a vitest suite ; add a tRPC procedure so scenarios save against the client record"
SecretDetail,/portal/secret-secrets/:id,6.1,ENHANCE,L2 — Advanced,STANDALONE,—,Supporting Planning,2.1,4.0,UPGRADE or fold into library,Education & Knowledge,True,frozen-chart,To 7.4: wire it to live client/carrier data. Then add the threat→pain→IUL-win→discovery arc.,"extract the math into `shared/<name>Engine.ts` as a pure, deterministic module with a vitest suite ; add a tRPC procedure so scenarios save against the client record"
UnifiedCrossFeatureIntelligence,/portal/cross-feature-intelligence,6.1,ENHANCE,L2 — Advanced,STANDALONE,—,Supporting Planning,4.0,4.4,EMBED — reference card,AI Brain & Intelligence,False,,To 7.4: wire it to live client/carrier data. Then add the threat→pain→IUL-win→discovery arc.,"extract the math into `shared/<name>Engine.ts` as a pure, deterministic module with a vitest suite ; add a tRPC procedure so scenarios save against the client record"
InstallmentSale,/portal/installment-sale-strategy,6.0,MERGE,Merge,STANDALONE,—,Business Owner / Entity,0.5,1.8,UPGRADE or fold into library,Cross-Cutting Reference Library,True,frozen-chart,None,"extract the math into `shared/<name>Engine.ts` as a pure, deterministic module with a vitest suite ; add a tRPC procedure so scenarios save against the client record"
SuccessionPlanningEngine,/portal/succession-engine,6.0,MERGE,Merge,TOGGLE,SuccessionPlanningWizard,Business Owner / Entity,1.7,2.1,UPGRADE or fold into library,"Estate, Trust & Legacy",False,,None,"extract the math into `shared/<name>Engine.ts` as a pure, deterministic module with a vitest suite ; add a tRPC procedure so scenarios save against the client record"
SuccessionPlanningHub,,6.0,MERGE,Merge,TOGGLE,SuccessionPlanningWizard,Business Owner / Entity,1.0,1.4,UPGRADE or fold into library,"Estate, Trust & Legacy",False,,None,"extract the math into `shared/<name>Engine.ts` as a pure, deterministic module with a vitest suite ; add a tRPC procedure so scenarios save against the client record"
AnnuityExplorerPage,,6.0,ENHANCE,L2 — Advanced,STANDALONE,—,Guaranteed Income / Annuity,1.1,1.1,UPGRADE or fold into library,"Insurance, Annuity & Carrier",False,,To 8.0: wire it to live client/carrier data. Then add the threat→pain→IUL-win→discovery arc.,"extract the math into `shared/<name>Engine.ts` as a pure, deterministic module with a vitest suite ; add a tRPC procedure so scenarios save against the client record"
ClientRetentionAssistant,/portal/client-retention-ai,6.0,ENHANCE,L2 — Advanced,STANDALONE,—,Supporting Planning,1.7,2.1,UPGRADE or fold into library,Mortgage & Debt Elimination,False,,To 7.3: add a discovery question to open the conversation. Then add the threat→pain→IUL-win→discovery arc.,"extract the math into `shared/<name>Engine.ts` as a pure, deterministic module with a vitest suite ; widen inputs to a full scenario (assumptions, ranges, alternatives)"
PhysicianRetirementBlueprint,/portal/physician-retirement,6.0,ENHANCE,L2 — Advanced,STANDALONE,—,Supporting Planning,1.0,1.4,UPGRADE or fold into library,Retirement Income & Drawdown,False,,To 7.3: wire it to live client/carrier data. Then add the threat→pain→IUL-win→discovery arc.,"extract the math into `shared/<name>Engine.ts` as a pure, deterministic module with a vitest suite ; add a tRPC procedure so scenarios save against the client record"
EngineChainingPipeline,/portal/engine-chaining,5.9,ENHANCE,L2 — Advanced,STANDALONE,—,Advisor Ops / Growth,2.7,3.1,UPGRADE or fold into library,Client Management & CRM,False,,To 7.2: add a market-vs-IUL outcome chart. Then add the threat→pain→IUL-win→discovery arc.,"extract the math into `shared/<name>Engine.ts` as a pure, deterministic module with a vitest suite ; add projection + sensitivity + comparison charts"
PeerBenchmarkingIntel,/portal/peer-intel,5.9,ENHANCE,L2 — Advanced,STANDALONE,—,Advisor Ops / Growth,2.5,2.9,UPGRADE or fold into library,Cross-Cutting Reference Library,False,,To 7.2: add a market-vs-IUL outcome chart. Then add the threat→pain→IUL-win→discovery arc.,"extract the math into `shared/<name>Engine.ts` as a pure, deterministic module with a vitest suite ; add projection + sensitivity + comparison charts"
ProspectQualification,/portal/prospect-qualification,5.9,ENHANCE,L2 — Advanced,STANDALONE,—,Advisor Ops / Growth,2.1,2.5,UPGRADE or fold into library,Client Management & CRM,False,,To 7.2: add a market-vs-IUL outcome chart. Then add the threat→pain→IUL-win→discovery arc.,"extract the math into `shared/<name>Engine.ts` as a pure, deterministic module with a vitest suite ; add projection + sensitivity + comparison charts"
SyndicationDealAnalyzer,/portal/syndication-deal,5.9,ENHANCE,L2 — Advanced,STANDALONE,—,Advisor Ops / Growth,1.4,1.8,UPGRADE or fold into library,Real Estate Intelligence,False,,To 7.2: wire it to live client/carrier data. Then add the threat→pain→IUL-win→discovery arc.,"extract the math into `shared/<name>Engine.ts` as a pure, deterministic module with a vitest suite ; add a tRPC procedure so scenarios save against the client record"
ClientReportBuilder,/portal/report-builder,5.9,ENHANCE,L2 — Advanced,STANDALONE,—,Compliance / Reporting Ops,3.5,3.9,EMBED — reference card,Reports & Deliverables,False,,To 7.2: add a market-vs-IUL outcome chart. Then add the threat→pain→IUL-win→discovery arc.,"extract the math into `shared/<name>Engine.ts` as a pure, deterministic module with a vitest suite ; add projection + sensitivity + comparison charts"
ComplianceDocGenerator,/portal/compliance-doc-gen,5.9,ENHANCE,L2 — Advanced,STANDALONE,—,Compliance / Reporting Ops,2.1,2.5,UPGRADE or fold into library,Compliance & Supervision,False,,To 7.2: add a market-vs-IUL outcome chart. Then add the threat→pain→IUL-win→discovery arc.,"extract the math into `shared/<name>Engine.ts` as a pure, deterministic module with a vitest suite ; add projection + sensitivity + comparison charts"
FBARFATCACompliance,/portal/fbar-fatca,5.9,ENHANCE,L2 — Advanced,STANDALONE,—,Compliance / Reporting Ops,2.0,3.4,UPGRADE or fold into library,Compliance & Supervision,False,literal-chart-data,To 7.2: wire it to live client/carrier data. Then add the threat→pain→IUL-win→discovery arc.,"extract the math into `shared/<name>Engine.ts` as a pure, deterministic module with a vitest suite ; add a tRPC procedure so scenarios save against the client record"
CharitableGivingDashboard,/portal/charitable-giving-dashboard,5.9,ENHANCE,L2 — Advanced,TOGGLE,CharitableLeadTrustEngine,Dashboards / Internal,1.7,2.1,UPGRADE or fold into library,Tax Strategy,False,,To 7.2: wire it to live client/carrier data. Then add the threat→pain→IUL-win→discovery arc.,"extract the math into `shared/<name>Engine.ts` as a pure, deterministic module with a vitest suite ; add a tRPC procedure so scenarios save against the client record"
ACASubsidyCalc,/portal/aca-subsidy,5.9,ENHANCE,L2 — Advanced,STANDALONE,—,Supporting Planning,0.5,1.5,FIX FIRST — defective output,Cross-Cutting Reference Library,True,undeclared-var,To 7.2: wire it to live client/carrier data. Then add the threat→pain→IUL-win→discovery arc.,"extract the math into `shared/<name>Engine.ts` as a pure, deterministic module with a vitest suite ; add a tRPC procedure so scenarios save against the client record"
AIBehavioralFinancialPlanning,/portal/behavioral-planning,5.9,ENHANCE,L2 — Advanced,STANDALONE,—,Supporting Planning,1.6,3.5,UPGRADE or fold into library,Cross-Cutting Reference Library,True,frozen-chart,To 7.2: wire it to live client/carrier data. Then add the threat→pain→IUL-win→discovery arc.,"extract the math into `shared/<name>Engine.ts` as a pure, deterministic module with a vitest suite ; add a tRPC procedure so scenarios save against the client record"
AlternativeInvestment,/portal/alternative-investment,5.9,ENHANCE,L2 — Advanced,STANDALONE,—,Supporting Planning,0.5,1.8,UPGRADE or fold into library,Investments & Portfolio,False,fabricated-constant|literal-chart-data,To 7.2: wire it to live client/carrier data. Then add the threat→pain→IUL-win→discovery arc.,"extract the math into `shared/<name>Engine.ts` as a pure, deterministic module with a vitest suite ; add a tRPC procedure so scenarios save against the client record"
AlternativeInvestmentAllocator,/portal/alt-allocator,5.9,ENHANCE,L2 — Advanced,STANDALONE,—,Supporting Planning,1.4,1.8,UPGRADE or fold into library,Investments & Portfolio,False,,To 7.2: wire it to live client/carrier data. Then add the threat→pain→IUL-win→discovery arc.,"extract the math into `shared/<name>Engine.ts` as a pure, deterministic module with a vitest suite ; add a tRPC procedure so scenarios save against the client record"
AlternativeInvestmentDueDiligence,/portal/alt-investment-dd,5.9,ENHANCE,L2 — Advanced,STANDALONE,—,Supporting Planning,1.4,1.8,UPGRADE or fold into library,Investments & Portfolio,False,,To 7.2: wire it to live client/carrier data. Then add the threat→pain→IUL-win→discovery arc.,"extract the math into `shared/<name>Engine.ts` as a pure, deterministic module with a vitest suite ; add a tRPC procedure so scenarios save against the client record"
AlternativeMinimumTaxPlanner,/portal/amt-planner,5.9,ENHANCE,L2 — Advanced,TOGGLE,AMTCalculator,Supporting Planning,0.5,2.2,UPGRADE or fold into library,Tax Strategy,False,fabricated-constant|literal-chart-data,To 7.2: wire it to live client/carrier data. Then add the threat→pain→IUL-win→discovery arc.,"extract the math into `shared/<name>Engine.ts` as a pure, deterministic module with a vitest suite ; add a tRPC procedure so scenarios save against the client record"
BehavioralBiasDetector,/portal/behavioral-bias,5.9,ENHANCE,L2 — Advanced,STANDALONE,—,Supporting Planning,2.1,2.5,UPGRADE or fold into library,Cross-Cutting Reference Library,False,,To 7.2: add a market-vs-IUL outcome chart. Then add the threat→pain→IUL-win→discovery arc.,"extract the math into `shared/<name>Engine.ts` as a pure, deterministic module with a vitest suite ; add projection + sensitivity + comparison charts"
BondLadderConstructor,,5.9,ENHANCE,L2 — Advanced,STANDALONE,—,Supporting Planning,0.6,2.2,UPGRADE or fold into library,Investments & Portfolio,False,fabricated-constant,To 7.2: wire it to live client/carrier data. Then add the threat→pain→IUL-win→discovery arc.,"extract the math into `shared/<name>Engine.ts` as a pure, deterministic module with a vitest suite ; add a tRPC procedure so scenarios save against the client record"
CECreditTracker,/portal/ce-credits,5.9,ENHANCE,L2 — Advanced,STANDALONE,—,Supporting Planning,2.1,2.5,UPGRADE or fold into library,Cross-Cutting Reference Library,False,,To 7.2: add a market-vs-IUL outcome chart. Then add the threat→pain→IUL-win→discovery arc.,"extract the math into `shared/<name>Engine.ts` as a pure, deterministic module with a vitest suite ; add projection + sensitivity + comparison charts"
CashBalancePlanCalc,/portal/cash-balance-plan,5.9,ENHANCE,L2 — Advanced,PARENT,—,Supporting Planning,0.5,1.7,UPGRADE or fold into library,Cross-Cutting Reference Library,True,frozen-chart,To 7.2: wire it to live client/carrier data. Then add the threat→pain→IUL-win→discovery arc.,"extract the math into `shared/<name>Engine.ts` as a pure, deterministic module with a vitest suite ; add a tRPC procedure so scenarios save against the client record"
CashFlowOptimizer,/portal/cash-flow-optimizer,5.9,ENHANCE,L2 — Advanced,STANDALONE,—,Supporting Planning,1.0,2.6,UPGRADE or fold into library,Cross-Cutting Reference Library,False,fabricated-constant,To 7.2: wire it to live client/carrier data. Then add the threat→pain→IUL-win→discovery arc.,"extract the math into `shared/<name>Engine.ts` as a pure, deterministic module with a vitest suite ; add a tRPC procedure so scenarios save against the client record"
ClientOnboardingWorkflow,/portal/onboarding-workflow,5.9,ENHANCE,L2 — Advanced,STANDALONE,—,Supporting Planning,2.1,2.5,UPGRADE or fold into library,Advisor Practice & Sales Enablement,False,,To 7.2: add a market-vs-IUL outcome chart. Then add the threat→pain→IUL-win→discovery arc.,"extract the math into `shared/<name>Engine.ts` as a pure, deterministic module with a vitest suite ; add projection + sensitivity + comparison charts"
ClientRetentionPredictor,/portal/client-retention,5.9,ENHANCE,L2 — Advanced,STANDALONE,—,Supporting Planning,2.1,2.5,UPGRADE or fold into library,Mortgage & Debt Elimination,False,,To 7.2: add a market-vs-IUL outcome chart. Then add the threat→pain→IUL-win→discovery arc.,"extract the math into `shared/<name>Engine.ts` as a pure, deterministic module with a vitest suite ; add projection + sensitivity + comparison charts"
CostSegregationAccelerator,/portal/cost-segregation,5.9,ENHANCE,L2 — Advanced,STANDALONE,—,Supporting Planning,1.4,1.8,UPGRADE or fold into library,Tax Strategy,False,,To 7.2: wire it to live client/carrier data. Then add the threat→pain→IUL-win→discovery arc.,"extract the math into `shared/<name>Engine.ts` as a pure, deterministic module with a vitest suite ; add a tRPC procedure so scenarios save against the client record"
CrossBorderWealthPlanner,/portal/cross-border-wealth,5.9,ENHANCE,L2 — Advanced,STANDALONE,—,Supporting Planning,1.4,1.8,UPGRADE or fold into library,Cross-Cutting Reference Library,False,,To 7.2: wire it to live client/carrier data. Then add the threat→pain→IUL-win→discovery arc.,"extract the math into `shared/<name>Engine.ts` as a pure, deterministic module with a vitest suite ; add a tRPC procedure so scenarios save against the client record"
CryptoTaxNavigator,,5.9,ENHANCE,L2 — Advanced,STANDALONE,—,Supporting Planning,0.5,1.8,UPGRADE or fold into library,Tax Strategy,False,fabricated-constant,To 7.2: wire it to live client/carrier data. Then add the threat→pain→IUL-win→discovery arc.,"extract the math into `shared/<name>Engine.ts` as a pure, deterministic module with a vitest suite ; add a tRPC procedure so scenarios save against the client record"
DAFStrategicPlanner,/portal/daf-strategic,5.9,ENHANCE,L2 — Advanced,TOGGLE,CharitableLeadTrustEngine,Supporting Planning,0.5,2.2,UPGRADE or fold into library,Tax Strategy,False,fabricated-constant|literal-chart-data,To 7.2: wire it to live client/carrier data. Then add the threat→pain→IUL-win→discovery arc.,"extract the math into `shared/<name>Engine.ts` as a pure, deterministic module with a vitest suite ; add a tRPC procedure so scenarios save against the client record"
DCAvsLumpSumCalc,/portal/dca-vs-lump-sum,5.9,ENHANCE,L2 — Advanced,STANDALONE,—,Supporting Planning,0.5,1.9,FIX FIRST — defective output,Scenario Lab & Comparison,True,undeclared-var,To 7.2: wire it to live client/carrier data. Then add the threat→pain→IUL-win→discovery arc.,"extract the math into `shared/<name>Engine.ts` as a pure, deterministic module with a vitest suite ; add a tRPC procedure so scenarios save against the client record"
DRIPGrowthCalc,/portal/drip-growth,5.9,ENHANCE,L2 — Advanced,STANDALONE,—,Supporting Planning,0.5,1.9,FIX FIRST — defective output,Cross-Cutting Reference Library,True,undeclared-var,To 7.2: wire it to live client/carrier data. Then add the threat→pain→IUL-win→discovery arc.,"extract the math into `shared/<name>Engine.ts` as a pure, deterministic module with a vitest suite ; add a tRPC procedure so scenarios save against the client record"
DSTAnalyzer,/portal/dst-analyzer,5.9,ENHANCE,L2 — Advanced,TOGGLE,TaxDeferredExchangeTimeline,Supporting Planning,1.3,1.7,UPGRADE or fold into library,Cross-Cutting Reference Library,False,,To 7.2: wire it to live client/carrier data. Then add the threat→pain→IUL-win→discovery arc.,"extract the math into `shared/<name>Engine.ts` as a pure, deterministic module with a vitest suite ; add a tRPC procedure so scenarios save against the client record"
DefinedBenefitPlanDesigner,,5.9,ENHANCE,L2 — Advanced,TOGGLE,CashBalancePlanCalc,Supporting Planning,0.6,2.2,UPGRADE or fold into library,Cross-Cutting Reference Library,False,fabricated-constant,To 7.2: wire it to live client/carrier data. Then add the threat→pain→IUL-win→discovery arc.,"extract the math into `shared/<name>Engine.ts` as a pure, deterministic module with a vitest suite ; add a tRPC procedure so scenarios save against the client record"
DefinedBenefitPlanner,/portal/defined-benefit,5.9,ENHANCE,L2 — Advanced,TOGGLE,CashBalancePlanCalc,Supporting Planning,1.3,1.7,UPGRADE or fold into library,Cross-Cutting Reference Library,False,,To 7.2: wire it to live client/carrier data. Then add the threat→pain→IUL-win→discovery arc.,"extract the math into `shared/<name>Engine.ts` as a pure, deterministic module with a vitest suite ; add a tRPC procedure so scenarios save against the client record"
DimensionalWealthCanvas,/portal/wealth-canvas,5.9,ENHANCE,L2 — Advanced,STANDALONE,—,Supporting Planning,1.5,1.9,UPGRADE or fold into library,Cross-Cutting Reference Library,False,,To 7.2: wire it to live client/carrier data. Then add the threat→pain→IUL-win→discovery arc.,"extract the math into `shared/<name>Engine.ts` as a pure, deterministic module with a vitest suite ; add a tRPC procedure so scenarios save against the client record"
DirectIndexingOptimizer,/portal/direct-indexing,5.9,ENHANCE,L2 — Advanced,STANDALONE,—,Supporting Planning,2.1,2.5,UPGRADE or fold into library,Cross-Cutting Reference Library,False,,To 7.2: wire it to live client/carrier data. Then add the threat→pain→IUL-win→discovery arc.,"extract the math into `shared/<name>Engine.ts` as a pure, deterministic module with a vitest suite ; add a tRPC procedure so scenarios save against the client record"
DivorceCalculatorPage,,5.9,ENHANCE,L2 — Advanced,STANDALONE,—,Supporting Planning,0.5,1.1,MERGE into canonical version,"Risk, Divorce & Protection",False,fabricated-constant,To 7.2: wire it to live client/carrier data. Then add the threat→pain→IUL-win→discovery arc.,"extract the math into `shared/<name>Engine.ts` as a pure, deterministic module with a vitest suite ; add a tRPC procedure so scenarios save against the client record"
DivorceFinancialPlanner,/portal/divorce-financial,5.9,ENHANCE,L2 — Advanced,STANDALONE,—,Supporting Planning,0.5,2.9,UPGRADE or fold into library,"Risk, Divorce & Protection",True,frozen-chart|fabricated-constant,To 7.2: wire it to live client/carrier data. Then add the threat→pain→IUL-win→discovery arc.,"extract the math into `shared/<name>Engine.ts` as a pure, deterministic module with a vitest suite ; add a tRPC procedure so scenarios save against the client record"
EmployeeRetentionStrategy,/portal/employee-retention,5.9,ENHANCE,L2 — Advanced,STANDALONE,—,Supporting Planning,1.4,1.8,UPGRADE or fold into library,Cross-Cutting Reference Library,False,,To 7.2: wire it to live client/carrier data. Then add the threat→pain→IUL-win→discovery arc.,"extract the math into `shared/<name>Engine.ts` as a pure, deterministic module with a vitest suite ; add a tRPC procedure so scenarios save against the client record"
EmployeeStockOptions,/portal/employee-stock-options,5.9,ENHANCE,L2 — Advanced,STANDALONE,—,Supporting Planning,1.7,2.1,UPGRADE or fold into library,Investments & Portfolio,False,,To 7.2: wire it to live client/carrier data. Then add the threat→pain→IUL-win→discovery arc.,"extract the math into `shared/<name>Engine.ts` as a pure, deterministic module with a vitest suite ; add a tRPC procedure so scenarios save against the client record"
ExpatTaxPlanner,/portal/expat-tax,5.9,ENHANCE,L2 — Advanced,STANDALONE,—,Supporting Planning,0.5,1.8,UPGRADE or fold into library,Tax Strategy,False,fabricated-constant,To 7.2: wire it to live client/carrier data. Then add the threat→pain→IUL-win→discovery arc.,"extract the math into `shared/<name>Engine.ts` as a pure, deterministic module with a vitest suite ; add a tRPC procedure so scenarios save against the client record"
FamilyBankStrategy,/portal/family-bank,5.9,ENHANCE,L2 — Advanced,STANDALONE,—,Supporting Planning,1.4,1.8,UPGRADE or fold into library,Cross-Cutting Reference Library,False,,To 7.2: wire it to live client/carrier data. Then add the threat→pain→IUL-win→discovery arc.,"extract the math into `shared/<name>Engine.ts` as a pure, deterministic module with a vitest suite ; add a tRPC procedure so scenarios save against the client record"
FamilyOfficeSimulator,/portal/family-office,5.9,ENHANCE,L2 — Advanced,STANDALONE,—,Supporting Planning,2.5,2.9,UPGRADE or fold into library,Scenario Lab & Comparison,False,,To 7.2: wire it to live client/carrier data. Then add the threat→pain→IUL-win→discovery arc.,"extract the math into `shared/<name>Engine.ts` as a pure, deterministic module with a vitest suite ; add a tRPC procedure so scenarios save against the client record"
FamilyWealthConstitution,/portal/family-constitution,5.9,ENHANCE,L2 — Advanced,STANDALONE,—,Supporting Planning,1.4,1.8,UPGRADE or fold into library,Cross-Cutting Reference Library,False,,To 7.2: wire it to live client/carrier data. Then add the threat→pain→IUL-win→discovery arc.,"extract the math into `shared/<name>Engine.ts` as a pure, deterministic module with a vitest suite ; add a tRPC procedure so scenarios save against the client record"
FinancialIndependenceCalc,/portal/financial-independence,5.9,ENHANCE,L2 — Advanced,STANDALONE,—,Supporting Planning,0.6,2.2,UPGRADE or fold into library,Cross-Cutting Reference Library,False,fabricated-constant,To 7.2: wire it to live client/carrier data. Then add the threat→pain→IUL-win→discovery arc.,"extract the math into `shared/<name>Engine.ts` as a pure, deterministic module with a vitest suite ; add a tRPC procedure so scenarios save against the client record"
HSAMaximizer,/portal/hsa-maximizer,5.9,ENHANCE,L2 — Advanced,STANDALONE,—,Supporting Planning,1.3,1.7,UPGRADE or fold into library,Cross-Cutting Reference Library,False,,To 7.2: wire it to live client/carrier data. Then add the threat→pain→IUL-win→discovery arc.,"extract the math into `shared/<name>Engine.ts` as a pure, deterministic module with a vitest suite ; add a tRPC procedure so scenarios save against the client record"
HealthSavingsAccountMaximizer,,5.9,ENHANCE,L2 — Advanced,STANDALONE,—,Supporting Planning,1.4,1.8,UPGRADE or fold into library,Cross-Cutting Reference Library,False,,To 7.2: wire it to live client/carrier data. Then add the threat→pain→IUL-win→discovery arc.,"extract the math into `shared/<name>Engine.ts` as a pure, deterministic module with a vitest suite ; add a tRPC procedure so scenarios save against the client record"
ImpactScorecard,/portal/impact-scorecard,5.9,ENHANCE,L2 — Advanced,STANDALONE,—,Supporting Planning,0.6,1.0,UPGRADE or fold into library,Reports & Deliverables,False,,To 7.2: wire it to live client/carrier data. Then add the threat→pain→IUL-win→discovery arc.,"extract the math into `shared/<name>Engine.ts` as a pure, deterministic module with a vitest suite ; add a tRPC procedure so scenarios save against the client record"
InflationAdjustedReturnCalculator,/portal/inflation-returns,5.9,ENHANCE,L2 — Advanced,STANDALONE,—,Supporting Planning,1.8,2.2,UPGRADE or fold into library,Investments & Portfolio,False,,To 7.2: wire it to live client/carrier data. Then add the threat→pain→IUL-win→discovery arc.,"extract the math into `shared/<name>Engine.ts` as a pure, deterministic module with a vitest suite ; add a tRPC procedure so scenarios save against the client record"
InflationProtectionSuite,/portal/inflation-protection,5.9,ENHANCE,L2 — Advanced,STANDALONE,—,Supporting Planning,1.2,2.6,UPGRADE or fold into library,Investments & Portfolio,False,literal-chart-data,To 7.2: wire it to live client/carrier data. Then add the threat→pain→IUL-win→discovery arc.,"extract the math into `shared/<name>Engine.ts` as a pure, deterministic module with a vitest suite ; add a tRPC procedure so scenarios save against the client record"
InternationalTax,/portal/international-tax,5.9,ENHANCE,L2 — Advanced,STANDALONE,—,Supporting Planning,1.0,1.4,UPGRADE or fold into library,Tax Strategy,False,,To 7.2: wire it to live client/carrier data. Then add the threat→pain→IUL-win→discovery arc.,"extract the math into `shared/<name>Engine.ts` as a pure, deterministic module with a vitest suite ; add a tRPC procedure so scenarios save against the client record"
MedicarePartDPlanner,/portal/medicare-part-d,5.9,ENHANCE,L2 — Advanced,TOGGLE,MedicareIRMAA,Supporting Planning,1.2,2.6,UPGRADE or fold into library,"Insurance, Annuity & Carrier",False,literal-chart-data,To 7.2: wire it to live client/carrier data. Then add the threat→pain→IUL-win→discovery arc.,"extract the math into `shared/<name>Engine.ts` as a pure, deterministic module with a vitest suite ; add a tRPC procedure so scenarios save against the client record"
MortgageKillerV2Page,,5.9,ENHANCE,L2 — Advanced,STANDALONE,—,Supporting Planning,2.2,2.2,MERGE into canonical version,Mortgage & Debt Elimination,False,,To 7.2: wire it to live client/carrier data. Then add the threat→pain→IUL-win→discovery arc.,"extract the math into `shared/<name>Engine.ts` as a pure, deterministic module with a vitest suite ; add a tRPC procedure so scenarios save against the client record"
MunicipalBondLadderBuilder,,5.9,ENHANCE,L2 — Advanced,STANDALONE,—,Supporting Planning,1.8,2.2,UPGRADE or fold into library,Investments & Portfolio,False,,To 7.2: wire it to live client/carrier data. Then add the threat→pain→IUL-win→discovery arc.,"extract the math into `shared/<name>Engine.ts` as a pure, deterministic module with a vitest suite ; add a tRPC procedure so scenarios save against the client record"
NIISurtaxOptimizer,/portal/nii-surtax,5.9,ENHANCE,L2 — Advanced,STANDALONE,—,Supporting Planning,1.0,1.4,UPGRADE or fold into library,Cross-Cutting Reference Library,False,,To 7.2: wire it to live client/carrier data. Then add the threat→pain→IUL-win→discovery arc.,"extract the math into `shared/<name>Engine.ts` as a pure, deterministic module with a vitest suite ; add a tRPC procedure so scenarios save against the client record"
OilGasTaxStrategy,/portal/oil-gas-strategy,5.9,ENHANCE,L2 — Advanced,STANDALONE,—,Supporting Planning,0.6,1.0,UPGRADE or fold into library,Tax Strategy,False,,To 7.2: wire it to live client/carrier data. Then add the threat→pain→IUL-win→discovery arc.,"extract the math into `shared/<name>Engine.ts` as a pure, deterministic module with a vitest suite ; add a tRPC procedure so scenarios save against the client record"
OrganismControlCenter,/portal/organism-control,5.9,ENHANCE,L2 — Advanced,STANDALONE,—,Supporting Planning,1.0,1.4,UPGRADE or fold into library,Cross-Cutting Reference Library,False,,To 7.2: wire it to live client/carrier data. Then add the threat→pain→IUL-win→discovery arc.,"extract the math into `shared/<name>Engine.ts` as a pure, deterministic module with a vitest suite ; add a tRPC procedure so scenarios save against the client record"
PSLFCalculator,/portal/pslf-calculator,5.9,ENHANCE,L2 — Advanced,TOGGLE,IDRComparisonCalc,Supporting Planning,0.5,2.6,UPGRADE or fold into library,Cross-Cutting Reference Library,True,frozen-chart|fabricated-constant,To 7.2: wire it to live client/carrier data. Then add the threat→pain→IUL-win→discovery arc.,"extract the math into `shared/<name>Engine.ts` as a pure, deterministic module with a vitest suite ; add a tRPC procedure so scenarios save against the client record"
PostMortemTaxPlanner,/portal/post-mortem-tax,5.9,ENHANCE,L2 — Advanced,TOGGLE,EstateTax,Supporting Planning,1.4,1.8,UPGRADE or fold into library,Tax Strategy,False,,To 7.2: wire it to live client/carrier data. Then add the threat→pain→IUL-win→discovery arc.,"extract the math into `shared/<name>Engine.ts` as a pure, deterministic module with a vitest suite ; add a tRPC procedure so scenarios save against the client record"
PrivateEquitySecondaryMarket,/portal/pe-secondary-market,5.9,ENHANCE,L2 — Advanced,STANDALONE,—,Supporting Planning,1.4,1.8,UPGRADE or fold into library,Investments & Portfolio,False,,To 7.2: wire it to live client/carrier data. Then add the threat→pain→IUL-win→discovery arc.,"extract the math into `shared/<name>Engine.ts` as a pure, deterministic module with a vitest suite ; add a tRPC procedure so scenarios save against the client record"
PrivateEquityTaxPlanner,/portal/pe-tax,5.9,ENHANCE,L2 — Advanced,STANDALONE,—,Supporting Planning,0.5,2.6,UPGRADE or fold into library,Tax Strategy,False,fabricated-constant|literal-chart-data,To 7.2: wire it to live client/carrier data. Then add the threat→pain→IUL-win→discovery arc.,"extract the math into `shared/<name>Engine.ts` as a pure, deterministic module with a vitest suite ; add a tRPC procedure so scenarios save against the client record"
QSBSExclusionCalc,/portal/qsbs-exclusion,5.9,ENHANCE,L2 — Advanced,STANDALONE,—,Supporting Planning,1.3,1.7,UPGRADE or fold into library,Cross-Cutting Reference Library,False,,To 7.2: wire it to live client/carrier data. Then add the threat→pain→IUL-win→discovery arc.,"extract the math into `shared/<name>Engine.ts` as a pure, deterministic module with a vitest suite ; add a tRPC procedure so scenarios save against the client record"
RSUTaxPlanning,/portal/rsu-tax-planning,5.9,ENHANCE,L2 — Advanced,STANDALONE,—,Supporting Planning,2.3,2.7,UPGRADE or fold into library,Tax Strategy,False,,To 7.2: wire it to live client/carrier data. Then add the threat→pain→IUL-win→discovery arc.,"extract the math into `shared/<name>Engine.ts` as a pure, deterministic module with a vitest suite ; add a tRPC procedure so scenarios save against the client record"
Register,/register,5.9,ENHANCE,L2 — Advanced,STANDALONE,—,Supporting Planning,3.2,3.2,UPGRADE or fold into library,"Public, Marketing & Legal",False,,To 7.2: add a market-vs-IUL outcome chart. Then add the threat→pain→IUL-win→discovery arc.,"apply the CinematicEngine treatment (Ken Burns + breath-locked bloom) ; expand copy: proof, mechanism, outcome"
ResidencyToAttendingCalc,/portal/residency-to-attending,5.9,ENHANCE,L2 — Advanced,TOGGLE,IDRComparisonCalc,Supporting Planning,1.5,3.1,UPGRADE or fold into library,Cross-Cutting Reference Library,False,fabricated-constant,To 7.2: wire it to live client/carrier data. Then add the threat→pain→IUL-win→discovery arc.,"extract the math into `shared/<name>Engine.ts` as a pure, deterministic module with a vitest suite ; add a tRPC procedure so scenarios save against the client record"
SERPAnalyzer,/portal/serp-analyzer,5.9,ENHANCE,L2 — Advanced,STANDALONE,—,Supporting Planning,1.8,2.2,UPGRADE or fold into library,Cross-Cutting Reference Library,False,,To 7.2: wire it to live client/carrier data. Then add the threat→pain→IUL-win→discovery arc.,"extract the math into `shared/<name>Engine.ts` as a pure, deterministic module with a vitest suite ; add a tRPC procedure so scenarios save against the client record"
Section1031AdvancedExchange,/portal/1031-advanced,5.9,ENHANCE,L2 — Advanced,TOGGLE,TaxDeferredExchangeTimeline,Supporting Planning,1.3,1.7,UPGRADE or fold into library,Real Estate Intelligence,False,,To 7.2: wire it to live client/carrier data. Then add the threat→pain→IUL-win→discovery arc.,"extract the math into `shared/<name>Engine.ts` as a pure, deterministic module with a vitest suite ; add a tRPC procedure so scenarios save against the client record"
Section2701ValuationPlanner,/portal/section-2701,5.9,ENHANCE,L2 — Advanced,STANDALONE,—,Supporting Planning,0.8,2.2,UPGRADE or fold into library,Tax Strategy,False,literal-chart-data,To 7.2: wire it to live client/carrier data. Then add the threat→pain→IUL-win→discovery arc.,"extract the math into `shared/<name>Engine.ts` as a pure, deterministic module with a vitest suite ; add a tRPC procedure so scenarios save against the client record"
ShortTermRentalStrategy,/portal/short-term-rental,5.9,ENHANCE,L2 — Advanced,STANDALONE,—,Supporting Planning,1.3,1.7,UPGRADE or fold into library,Real Estate Intelligence,False,,To 7.2: wire it to live client/carrier data. Then add the threat→pain→IUL-win→discovery arc.,"extract the math into `shared/<name>Engine.ts` as a pure, deterministic module with a vitest suite ; add a tRPC procedure so scenarios save against the client record"
StructuredNoteAnalyzer,/portal/structured-notes,5.9,ENHANCE,L2 — Advanced,STANDALONE,—,Supporting Planning,0.6,2.2,UPGRADE or fold into library,Cross-Cutting Reference Library,False,fabricated-constant,To 7.2: wire it to live client/carrier data. Then add the threat→pain→IUL-win→discovery arc.,"extract the math into `shared/<name>Engine.ts` as a pure, deterministic module with a vitest suite ; add a tRPC procedure so scenarios save against the client record"
StructuredSettlementPlanner,/portal/structured-settlement,5.9,ENHANCE,L2 — Advanced,TOGGLE,ExistingAnnuities,Supporting Planning,1.8,2.2,UPGRADE or fold into library,Cross-Cutting Reference Library,False,,To 7.2: wire it to live client/carrier data. Then add the threat→pain→IUL-win→discovery arc.,"extract the math into `shared/<name>Engine.ts` as a pure, deterministic module with a vitest suite ; add a tRPC procedure so scenarios save against the client record"
SurvivorBenefitPlanner,/portal/survivor-benefits,5.9,ENHANCE,L2 — Advanced,TOGGLE,SocialSecurityBridge,Supporting Planning,1.7,2.1,UPGRADE or fold into library,Cross-Cutting Reference Library,False,,To 7.2: wire it to live client/carrier data. Then add the threat→pain→IUL-win→discovery arc.,"extract the math into `shared/<name>Engine.ts` as a pure, deterministic module with a vitest suite ; add a tRPC procedure so scenarios save against the client record"
TenantInCommonAnalyzer,/portal/tenant-in-common,5.9,ENHANCE,L2 — Advanced,STANDALONE,—,Supporting Planning,0.5,2.5,UPGRADE or fold into library,Real Estate Intelligence,False,fabricated-constant|literal-chart-data,To 7.2: wire it to live client/carrier data. Then add the threat→pain→IUL-win→discovery arc.,"extract the math into `shared/<name>Engine.ts` as a pure, deterministic module with a vitest suite ; add a tRPC procedure so scenarios save against the client record"
TimeLapse,/portal/time-lapse,5.9,ENHANCE,L2 — Advanced,STANDALONE,—,Supporting Planning,1.4,1.8,UPGRADE or fold into library,IUL & Policy Engineering,False,,To 7.2: add a market-vs-IUL outcome chart. Then add the threat→pain→IUL-win→discovery arc.,"extract the math into `shared/<name>Engine.ts` as a pure, deterministic module with a vitest suite ; add projection + sensitivity + comparison charts"
WealthErosionTracker,/portal/wealth-erosion,5.9,ENHANCE,L2 — Advanced,STANDALONE,—,Supporting Planning,1.0,1.4,UPGRADE or fold into library,Cross-Cutting Reference Library,False,,To 7.2: wire it to live client/carrier data. Then add the threat→pain→IUL-win→discovery arc.,"extract the math into `shared/<name>Engine.ts` as a pure, deterministic module with a vitest suite ; add a tRPC procedure so scenarios save against the client record"
MegaBackdoorRoth,,5.9,MERGE,Merge,TOGGLE,RothConversionSTR,Tax / Income Lever,0.5,1.4,UPGRADE or fold into library,Tax Strategy,True,frozen-chart|fabricated-constant,None,"extract the math into `shared/<name>Engine.ts` as a pure, deterministic module with a vitest suite ; add a tRPC procedure so scenarios save against the client record"
TaxLossHarvestingEngine,,5.9,MERGE,Merge,TOGGLE,TaxLossHarvestingScanner,Tax / Income Lever,1.4,1.8,UPGRADE or fold into library,Tax Strategy,False,,None,"extract the math into `shared/<name>Engine.ts` as a pure, deterministic module with a vitest suite ; add a tRPC procedure so scenarios save against the client record"
ILITDeepDive,/portal/ilit-deep-dive,5.8,MERGE,Merge,TOGGLE,ILITCalculator,Estate / Legacy,0.6,1.0,UPGRADE or fold into library,"Estate, Trust & Legacy",False,,None,"extract the math into `shared/<name>Engine.ts` as a pure, deterministic module with a vitest suite ; add a tRPC procedure so scenarios save against the client record"
AutoPilotWorkflow,/portal/autopilot,5.8,ENHANCE,L2 — Advanced,STANDALONE,—,Supporting Planning,0.5,0.7,UPGRADE or fold into library,Advisor Practice & Sales Enablement,False,,To 7.1: wire it to live client/carrier data. Then add the threat→pain→IUL-win→discovery arc.,"extract the math into `shared/<name>Engine.ts` as a pure, deterministic module with a vitest suite ; add a tRPC procedure so scenarios save against the client record"
RevenueGuarantee,/portal/revenue-guarantee,5.8,ENHANCE,L2 — Advanced,STANDALONE,—,Supporting Planning,1.2,1.6,UPGRADE or fold into library,Cross-Cutting Reference Library,False,,To 7.1: wire it to live client/carrier data. Then add the threat→pain→IUL-win→discovery arc.,"extract the math into `shared/<name>Engine.ts` as a pure, deterministic module with a vitest suite ; add a tRPC procedure so scenarios save against the client record"
RiskToleranceProfiler,,5.8,ENHANCE,L2 — Advanced,STANDALONE,—,Supporting Planning,0.5,1.7,UPGRADE or fold into library,"Discovery, Calibration & Onboarding",False,literal-chart-data,To 7.1: wire it to live client/carrier data. Then add the threat→pain→IUL-win→discovery arc.,"extract the math into `shared/<name>Engine.ts` as a pure, deterministic module with a vitest suite ; add a tRPC procedure so scenarios save against the client record"
MortgageKillerV3,/portal/mortgage-killer-v3,5.7,MERGE,Merge,TOGGLE,MortgageKiller,Supporting Planning,4.5,5.0,MERGE into canonical version,Mortgage & Debt Elimination,False,,None,"extract the math into `shared/<name>Engine.ts` as a pure, deterministic module with a vitest suite ; add a tRPC procedure so scenarios save against the client record"
CharitableLeadTrust,/portal/charitable-lead-trust,5.6,MERGE,Merge,TOGGLE,CharitableLeadTrustEngine,Estate / Legacy,0.5,2.1,UPGRADE or fold into library,Tax Strategy,False,fabricated-constant,None,"extract the math into `shared/<name>Engine.ts` as a pure, deterministic module with a vitest suite ; add a tRPC procedure so scenarios save against the client record"
CharitableLeadTrustPlanner,,5.6,MERGE,Merge,TOGGLE,CharitableLeadTrustEngine,Estate / Legacy,1.8,2.2,UPGRADE or fold into library,Tax Strategy,False,,None,"extract the math into `shared/<name>Engine.ts` as a pure, deterministic module with a vitest suite ; add a tRPC procedure so scenarios save against the client record"
DynastyTrustArchitect,/portal/dynasty-trust,5.6,MERGE,Merge,TOGGLE,MultiGenWealthTransfer,Estate / Legacy,1.4,1.8,UPGRADE or fold into library,"Estate, Trust & Legacy",False,,None,"extract the math into `shared/<name>Engine.ts` as a pure, deterministic module with a vitest suite ; add a tRPC procedure so scenarios save against the client record"
EstateLiquidityPlanner,,5.6,MERGE,Merge,TOGGLE,EstateTax,Estate / Legacy,0.9,2.5,UPGRADE or fold into library,"Estate, Trust & Legacy",False,fabricated-constant,None,"extract the math into `shared/<name>Engine.ts` as a pure, deterministic module with a vitest suite ; add a tRPC procedure so scenarios save against the client record"
GRATPlanner,/portal/grat,5.6,MERGE,Merge,TOGGLE,GRATCalculator,Estate / Legacy,1.4,1.8,UPGRADE or fold into library,"Estate, Trust & Legacy",False,,None,"extract the math into `shared/<name>Engine.ts` as a pure, deterministic module with a vitest suite ; add a tRPC procedure so scenarios save against the client record"
QPRTPlanner,/portal/qprt,5.6,MERGE,Merge,TOGGLE,QPRTCalculator,Estate / Legacy,0.5,2.9,UPGRADE or fold into library,Cross-Cutting Reference Library,False,fabricated-constant|literal-chart-data,None,"extract the math into `shared/<name>Engine.ts` as a pure, deterministic module with a vitest suite ; add a tRPC procedure so scenarios save against the client record"
SLATPlanner,/portal/slat-planner,5.6,MERGE,Merge,TOGGLE,SLATDeepDive,Estate / Legacy,0.9,1.3,UPGRADE or fold into library,"Estate, Trust & Legacy",False,,None,"extract the math into `shared/<name>Engine.ts` as a pure, deterministic module with a vitest suite ; add a tRPC procedure so scenarios save against the client record"
AdminHealthDashboard,/portal/admin/health,5.6,ENHANCE,L2 — Advanced,STANDALONE,—,Platform / Admin,4.0,4.4,EMBED — reference card,"Admin, Ops & System",False,,To 6.9: add a discovery question to open the conversation. Then add the threat→pain→IUL-win→discovery arc.,"extract the math into `shared/<name>Engine.ts` as a pure, deterministic module with a vitest suite ; widen inputs to a full scenario (assumptions, ranges, alternatives)"
AIBrainHubPage,/portal/ai-brain-hub,5.6,ENHANCE,L2 — Advanced,STANDALONE,—,Supporting Planning,2.3,2.3,UPGRADE or fold into library,AI Brain & Intelligence,False,,To 6.9: wire it to live client/carrier data. Then add the threat→pain→IUL-win→discovery arc.,"extract the math into `shared/<name>Engine.ts` as a pure, deterministic module with a vitest suite ; add a tRPC procedure so scenarios save against the client record"
EngineFusionLab,/portal/engine-fusion,5.6,ENHANCE,L2 — Advanced,STANDALONE,—,Supporting Planning,1.8,2.2,UPGRADE or fold into library,Cross-Cutting Reference Library,False,,To 6.9: wire it to live client/carrier data. Then add the threat→pain→IUL-win→discovery arc.,"extract the math into `shared/<name>Engine.ts` as a pure, deterministic module with a vitest suite ; add a tRPC procedure so scenarios save against the client record"
MarketPulseSentinel,/portal/market-pulse,5.6,ENHANCE,L2 — Advanced,STANDALONE,—,Supporting Planning,0.5,0.7,UPGRADE or fold into library,Investments & Portfolio,False,,To 6.9: wire it to live client/carrier data. Then add the threat→pain→IUL-win→discovery arc.,"extract the math into `shared/<name>Engine.ts` as a pure, deterministic module with a vitest suite ; add a tRPC procedure so scenarios save against the client record"
OnboardingWizard,/portal/welcome,5.6,MERGE,Merge,STANDALONE,—,Supporting Planning,4.5,5.0,MERGE into canonical version,"Discovery, Calibration & Onboarding",False,,None,"extract the math into `shared/<name>Engine.ts` as a pure, deterministic module with a vitest suite ; add projection + sensitivity + comparison charts"
VideoLibrary,/portal/video-library,5.6,ENHANCE,L2 — Advanced,STANDALONE,—,Supporting Planning,0.5,0.7,UPGRADE or fold into library,Cross-Cutting Reference Library,False,,To 6.9: wire it to live client/carrier data. Then add the threat→pain→IUL-win→discovery arc.,"extract the math into `shared/<name>Engine.ts` as a pure, deterministic module with a vitest suite ; add a tRPC procedure so scenarios save against the client record"
FIDOComplianceTracker,/portal/fiduciary-compliance,5.5,ENHANCE,L2 — Advanced,STANDALONE,—,Compliance / Reporting Ops,1.3,1.7,UPGRADE or fold into library,Compliance & Supervision,False,,To 6.8: wire it to live client/carrier data. Then add the threat→pain→IUL-win→discovery arc.,"extract the math into `shared/<name>Engine.ts` as a pure, deterministic module with a vitest suite ; add a tRPC procedure so scenarios save against the client record"
FiduciaryDutyTracker,/portal/fiduciary-tracker,5.5,ENHANCE,L2 — Advanced,STANDALONE,—,Compliance / Reporting Ops,1.7,2.1,UPGRADE or fold into library,Compliance & Supervision,False,,To 6.8: wire it to live client/carrier data. Then add the threat→pain→IUL-win→discovery arc.,"extract the math into `shared/<name>Engine.ts` as a pure, deterministic module with a vitest suite ; add a tRPC procedure so scenarios save against the client record"
OrganismHealthReport,/portal/organism-health,5.5,ENHANCE,L2 — Advanced,STANDALONE,—,Compliance / Reporting Ops,0.9,1.3,UPGRADE or fold into library,Reports & Deliverables,False,,To 6.8: wire it to live client/carrier data. Then add the threat→pain→IUL-win→discovery arc.,"extract the math into `shared/<name>Engine.ts` as a pure, deterministic module with a vitest suite ; add a tRPC procedure so scenarios save against the client record"
DeepOrganismDashboard,/portal/deep-organism,5.5,ENHANCE,L2 — Advanced,STANDALONE,—,Dashboards / Internal,1.0,1.4,UPGRADE or fold into library,Reports & Deliverables,False,,To 6.8: wire it to live client/carrier data. Then add the threat→pain→IUL-win→discovery arc.,"extract the math into `shared/<name>Engine.ts` as a pure, deterministic module with a vitest suite ; add a tRPC procedure so scenarios save against the client record"
FinancialNerveCenter,/portal/financial-nerve-center,5.5,ENHANCE,L2 — Advanced,STANDALONE,—,Dashboards / Internal,1.3,1.7,UPGRADE or fold into library,Cross-Cutting Reference Library,False,,To 6.8: wire it to live client/carrier data. Then add the threat→pain→IUL-win→discovery arc.,"extract the math into `shared/<name>Engine.ts` as a pure, deterministic module with a vitest suite ; add a tRPC procedure so scenarios save against the client record"
PhilanthropyImpactDashboard,/portal/philanthropy,5.5,ENHANCE,L2 — Advanced,TOGGLE,CharitableLeadTrustEngine,Dashboards / Internal,2.1,2.5,UPGRADE or fold into library,Reports & Deliverables,False,,To 6.8: wire it to live client/carrier data. Then add the threat→pain→IUL-win→discovery arc.,"extract the math into `shared/<name>Engine.ts` as a pure, deterministic module with a vitest suite ; add a tRPC procedure so scenarios save against the client record"
WealthDashboardSummary,/portal/wealth-dashboard,5.5,ENHANCE,L2 — Advanced,STANDALONE,—,Dashboards / Internal,0.5,1.4,UPGRADE or fold into library,Reports & Deliverables,False,literal-chart-data,To 6.8: wire it to live client/carrier data. Then add the threat→pain→IUL-win→discovery arc.,"extract the math into `shared/<name>Engine.ts` as a pure, deterministic module with a vitest suite ; add a tRPC procedure so scenarios save against the client record"
AdministratorPortal,/administrator,5.5,ENHANCE,L2 — Advanced,STANDALONE,—,Platform / Admin,5.5,5.5,EMBED — accordion section,"Admin, Ops & System",False,,To 6.8: wire it to live client/carrier data. Then add the threat→pain→IUL-win→discovery arc.,"add projection + sensitivity + comparison charts ; widen inputs to a full scenario (assumptions, ranges, alternatives)"
AIWealthConcierge,/portal/concierge,5.5,ENHANCE,L2 — Advanced,STANDALONE,—,Supporting Planning,0.5,0.7,UPGRADE or fold into library,Cross-Cutting Reference Library,False,,To 6.8: wire it to live client/carrier data. Then add the threat→pain→IUL-win→discovery arc.,"extract the math into `shared/<name>Engine.ts` as a pure, deterministic module with a vitest suite ; add a tRPC procedure so scenarios save against the client record"
AssetProtection,/portal/asset-protection,5.5,ENHANCE,L2 — Advanced,STANDALONE,—,Supporting Planning,1.0,1.4,UPGRADE or fold into library,"Risk, Divorce & Protection",False,,To 6.8: wire it to live client/carrier data. Then add the threat→pain→IUL-win→discovery arc.,"extract the math into `shared/<name>Engine.ts` as a pure, deterministic module with a vitest suite ; add a tRPC procedure so scenarios save against the client record"
CarrierStrengthMonitor,/portal/carrier-strength,5.5,ENHANCE,L2 — Advanced,TOGGLE,IllustrationCompare,Supporting Planning,1.7,2.1,UPGRADE or fold into library,"Insurance, Annuity & Carrier",False,,To 6.8: add a market-vs-IUL outcome chart. Then add the threat→pain→IUL-win→discovery arc.,"extract the math into `shared/<name>Engine.ts` as a pure, deterministic module with a vitest suite ; add projection + sensitivity + comparison charts"
ClientFinancialHealthScore,,5.5,ENHANCE,L2 — Advanced,STANDALONE,—,Supporting Planning,1.0,1.4,UPGRADE or fold into library,Mortgage & Debt Elimination,False,,To 6.8: wire it to live client/carrier data. Then add the threat→pain→IUL-win→discovery arc.,"extract the math into `shared/<name>Engine.ts` as a pure, deterministic module with a vitest suite ; add a tRPC procedure so scenarios save against the client record"
CostSegregationEngine,/portal/cost-segregation-engine,5.5,ENHANCE,L2 — Advanced,STANDALONE,—,Supporting Planning,0.9,1.3,UPGRADE or fold into library,Tax Strategy,False,,To 6.8: wire it to live client/carrier data. Then add the threat→pain→IUL-win→discovery arc.,"extract the math into `shared/<name>Engine.ts` as a pure, deterministic module with a vitest suite ; add a tRPC procedure so scenarios save against the client record"
FamilyGovernanceFramework,/portal/family-governance,5.5,ENHANCE,L2 — Advanced,STANDALONE,—,Supporting Planning,1.4,1.8,UPGRADE or fold into library,Cross-Cutting Reference Library,False,,To 6.8: wire it to live client/carrier data. Then add the threat→pain→IUL-win→discovery arc.,"extract the math into `shared/<name>Engine.ts` as a pure, deterministic module with a vitest suite ; add a tRPC procedure so scenarios save against the client record"
FamilyLimitedPartnership,/portal/family-limited-partnership,5.5,ENHANCE,L2 — Advanced,STANDALONE,—,Supporting Planning,0.5,1.7,UPGRADE or fold into library,Business & Succession,True,frozen-chart,To 6.8: wire it to live client/carrier data. Then add the threat→pain→IUL-win→discovery arc.,"extract the math into `shared/<name>Engine.ts` as a pure, deterministic module with a vitest suite ; add a tRPC procedure so scenarios save against the client record"
FinancialPlanChecklist,/portal/financial-plan-checklist,5.5,ENHANCE,L2 — Advanced,STANDALONE,—,Supporting Planning,1.4,1.8,UPGRADE or fold into library,Cross-Cutting Reference Library,False,,To 6.8: wire it to live client/carrier data. Then add the threat→pain→IUL-win→discovery arc.,"extract the math into `shared/<name>Engine.ts` as a pure, deterministic module with a vitest suite ; add a tRPC procedure so scenarios save against the client record"
Login,/login,5.5,ENHANCE,L2 — Advanced,STANDALONE,—,Supporting Planning,3.7,3.7,EMBED — reference card,"Public, Marketing & Legal",False,,To 6.8: add a market-vs-IUL outcome chart. Then add the threat→pain→IUL-win→discovery arc.,"apply the CinematicEngine treatment (Ken Burns + breath-locked bloom) ; expand copy: proof, mechanism, outcome"
MedicaidPlanning,/portal/medicaid-planning,5.5,ENHANCE,L2 — Advanced,STANDALONE,—,Supporting Planning,1.0,1.4,UPGRADE or fold into library,Cross-Cutting Reference Library,False,,To 6.8: wire it to live client/carrier data. Then add the threat→pain→IUL-win→discovery arc.,"extract the math into `shared/<name>Engine.ts` as a pure, deterministic module with a vitest suite ; add a tRPC procedure so scenarios save against the client record"
PrivateFoundationPlanner,/portal/private-foundation,5.5,ENHANCE,L2 — Advanced,TOGGLE,CharitableLeadTrustEngine,Supporting Planning,1.0,1.4,UPGRADE or fold into library,Cross-Cutting Reference Library,False,,To 6.8: wire it to live client/carrier data. Then add the threat→pain→IUL-win→discovery arc.,"extract the math into `shared/<name>Engine.ts` as a pure, deterministic module with a vitest suite ; add a tRPC procedure so scenarios save against the client record"
PrivateREITAnalyzer,/portal/private-reit,5.5,ENHANCE,L2 — Advanced,STANDALONE,—,Supporting Planning,1.4,1.8,UPGRADE or fold into library,Real Estate Intelligence,False,,To 6.8: wire it to live client/carrier data. Then add the threat→pain→IUL-win→discovery arc.,"extract the math into `shared/<name>Engine.ts` as a pure, deterministic module with a vitest suite ; add a tRPC procedure so scenarios save against the client record"
QualifiedOpportunityFund,/portal/qualified-opportunity-fund,5.5,ENHANCE,L2 — Advanced,TOGGLE,OpportunityZoneCalc,Supporting Planning,1.0,1.4,UPGRADE or fold into library,Cross-Cutting Reference Library,False,,To 6.8: wire it to live client/carrier data. Then add the threat→pain→IUL-win→discovery arc.,"extract the math into `shared/<name>Engine.ts` as a pure, deterministic module with a vitest suite ; add a tRPC procedure so scenarios save against the client record"
QualifiedPlanMaximizer,/portal/qualified-plan-maximizer,5.5,ENHANCE,L2 — Advanced,TOGGLE,CashBalancePlanCalc,Supporting Planning,0.5,1.7,UPGRADE or fold into library,Cross-Cutting Reference Library,False,fabricated-constant,To 6.8: wire it to live client/carrier data. Then add the threat→pain→IUL-win→discovery arc.,"extract the math into `shared/<name>Engine.ts` as a pure, deterministic module with a vitest suite ; add a tRPC procedure so scenarios save against the client record"
ResetPassword,/reset-password,5.5,ENHANCE,L2 — Advanced,STANDALONE,—,Supporting Planning,3.2,3.2,UPGRADE or fold into library,"Public, Marketing & Legal",False,,To 6.8: add a market-vs-IUL outcome chart. Then add the threat→pain→IUL-win→discovery arc.,"apply the CinematicEngine treatment (Ken Burns + breath-locked bloom) ; expand copy: proof, mechanism, outcome"
RussellNumber,/portal/russell-number,5.5,ENHANCE,L2 — Advanced,STANDALONE,—,Supporting Planning,2.5,2.9,UPGRADE or fold into library,Cross-Cutting Reference Library,False,,To 6.8: add a market-vs-IUL outcome chart. Then add the threat→pain→IUL-win→discovery arc.,"extract the math into `shared/<name>Engine.ts` as a pure, deterministic module with a vitest suite ; add projection + sensitivity + comparison charts"
RussellWrapped,/portal/wrapped,5.5,ENHANCE,L2 — Advanced,STANDALONE,—,Supporting Planning,1.9,2.3,UPGRADE or fold into library,Cross-Cutting Reference Library,False,,To 6.8: add a market-vs-IUL outcome chart. Then add the threat→pain→IUL-win→discovery arc.,"extract the math into `shared/<name>Engine.ts` as a pure, deterministic module with a vitest suite ; add projection + sensitivity + comparison charts"
SpousalLifetimeAccess,/portal/spousal-lifetime-access,5.5,ENHANCE,L2 — Advanced,TOGGLE,SLATDeepDive,Supporting Planning,1.0,1.4,UPGRADE or fold into library,Cross-Cutting Reference Library,False,,To 6.8: wire it to live client/carrier data. Then add the threat→pain→IUL-win→discovery arc.,"extract the math into `shared/<name>Engine.ts` as a pure, deterministic module with a vitest suite ; add a tRPC procedure so scenarios save against the client record"
StrategySynergyHub,/portal/strategy-synergy,5.5,ENHANCE,L2 — Advanced,STANDALONE,—,Supporting Planning,1.9,2.3,UPGRADE or fold into library,Scenario Lab & Comparison,False,,To 6.8: add a market-vs-IUL outcome chart. Then add the threat→pain→IUL-win→discovery arc.,"extract the math into `shared/<name>Engine.ts` as a pure, deterministic module with a vitest suite ; add projection + sensitivity + comparison charts"
StretchIRAStrategy,/portal/stretch-ira,5.5,ENHANCE,L2 — Advanced,STANDALONE,—,Supporting Planning,1.3,1.7,UPGRADE or fold into library,Cross-Cutting Reference Library,False,,To 6.8: wire it to live client/carrier data. Then add the threat→pain→IUL-win→discovery arc.,"extract the math into `shared/<name>Engine.ts` as a pure, deterministic module with a vitest suite ; add a tRPC procedure so scenarios save against the client record"
VideoViewer,/video/:token,5.5,ENHANCE,L2 — Advanced,STANDALONE,—,Supporting Planning,4.0,4.4,EMBED — reference card,"Public, Marketing & Legal",False,,To 6.8: add a market-vs-IUL outcome chart. Then add the threat→pain→IUL-win→discovery arc.,apply the CinematicEngine treatment (Ken Burns + breath-locked bloom)
WealthAccumulationTimeline,/portal/wealth-timeline,5.5,ENHANCE,L2 — Advanced,STANDALONE,—,Supporting Planning,0.7,1.1,UPGRADE or fold into library,Cross-Cutting Reference Library,False,,To 6.8: wire it to live client/carrier data. Then add the threat→pain→IUL-win→discovery arc.,"extract the math into `shared/<name>Engine.ts` as a pure, deterministic module with a vitest suite ; add a tRPC procedure so scenarios save against the client record"
WealthTransferScoreboard,/portal/wealth-transfer-scoreboard,5.5,ENHANCE,L2 — Advanced,TOGGLE,MultiGenWealthTransfer,Supporting Planning,0.5,2.0,UPGRADE or fold into library,"Estate, Trust & Legacy",False,fabricated-constant|literal-chart-data,To 6.8: wire it to live client/carrier data. Then add the threat→pain→IUL-win→discovery arc.,"extract the math into `shared/<name>Engine.ts` as a pure, deterministic module with a vitest suite ; add a tRPC procedure so scenarios save against the client record"
WealthTransferScorecard,/portal/wealth-transfer-scorecard,5.5,ENHANCE,L2 — Advanced,TOGGLE,MultiGenWealthTransfer,Supporting Planning,1.0,1.4,UPGRADE or fold into library,"Estate, Trust & Legacy",False,,To 6.8: wire it to live client/carrier data. Then add the threat→pain→IUL-win→discovery arc.,"extract the math into `shared/<name>Engine.ts` as a pure, deterministic module with a vitest suite ; add a tRPC procedure so scenarios save against the client record"
WealthTransferTimeline,/portal/wealth-transfer-timeline,5.5,ENHANCE,L2 — Advanced,TOGGLE,MultiGenWealthTransfer,Supporting Planning,1.3,1.7,UPGRADE or fold into library,"Estate, Trust & Legacy",False,,To 6.8: wire it to live client/carrier data. Then add the threat→pain→IUL-win→discovery arc.,"extract the math into `shared/<name>Engine.ts` as a pure, deterministic module with a vitest suite ; add a tRPC procedure so scenarios save against the client record"
MedicareIRMAAPlanner,,5.5,MERGE,Merge,TOGGLE,MedicareIRMAA,Tax / Income Lever,1.3,1.7,UPGRADE or fold into library,Tax Strategy,False,,None,"extract the math into `shared/<name>Engine.ts` as a pure, deterministic module with a vitest suite ; add a tRPC procedure so scenarios save against the client record"
NUAStrategy,/portal/nua-strategy,5.5,MERGE,Merge,STANDALONE,—,Tax / Income Lever,1.4,1.8,UPGRADE or fold into library,Cross-Cutting Reference Library,False,,None,"extract the math into `shared/<name>Engine.ts` as a pure, deterministic module with a vitest suite ; add a tRPC procedure so scenarios save against the client record"
PensionMaximizationEngine,/portal/pension-max-engine,5.4,MERGE,Merge,TOGGLE,PensionVsLumpSumCalc,Guaranteed Income / Annuity,1.4,1.8,UPGRADE or fold into library,Retirement Income & Drawdown,False,,None,"extract the math into `shared/<name>Engine.ts` as a pure, deterministic module with a vitest suite ; add a tRPC procedure so scenarios save against the client record"
RetirementIncomeFloorPlanner,/portal/income-floor,5.4,MERGE,Merge,TOGGLE,RetirementIncomeProjection,Guaranteed Income / Annuity,0.5,2.9,UPGRADE or fold into library,Retirement Income & Drawdown,True,frozen-chart|fabricated-constant,None,"extract the math into `shared/<name>Engine.ts` as a pure, deterministic module with a vitest suite ; add a tRPC procedure so scenarios save against the client record"
SocialSecurityBridgeStrategy,/portal/ss-bridge-strategy,5.4,MERGE,Merge,TOGGLE,SocialSecurityBridge,Guaranteed Income / Annuity,1.4,1.8,UPGRADE or fold into library,Retirement Income & Drawdown,False,,None,"extract the math into `shared/<name>Engine.ts` as a pure, deterministic module with a vitest suite ; add a tRPC procedure so scenarios save against the client record"
ClientOnboardingWizard,/portal/client-onboarding,5.4,ENHANCE,L2 — Advanced,STANDALONE,—,Supporting Planning,1.5,1.9,UPGRADE or fold into library,Mortgage & Debt Elimination,False,,To 6.7: wire it to live client/carrier data. Then add the threat→pain→IUL-win→discovery arc.,"extract the math into `shared/<name>Engine.ts` as a pure, deterministic module with a vitest suite ; add a tRPC procedure so scenarios save against the client record"
MatchAndDeployPage,,5.4,ENHANCE,L2 — Advanced,STANDALONE,—,Supporting Planning,3.9,3.9,EMBED — reference card,"Public, Marketing & Legal",False,,To 6.7: wire it to live client/carrier data. Then add the threat→pain→IUL-win→discovery arc.,apply the CinematicEngine treatment (Ken Burns + breath-locked bloom)
PhysicianForum,/portal/physician-forum,5.4,ENHANCE,L2 — Advanced,STANDALONE,—,Supporting Planning,0.7,1.1,UPGRADE or fold into library,Cross-Cutting Reference Library,False,,To 6.7: wire it to live client/carrier data. Then add the threat→pain→IUL-win→discovery arc.,"extract the math into `shared/<name>Engine.ts` as a pure, deterministic module with a vitest suite ; add a tRPC procedure so scenarios save against the client record"
SecretSecrets,/portal/secret-secrets,5.4,ENHANCE,L2 — Advanced,STANDALONE,—,Supporting Planning,0.7,1.1,UPGRADE or fold into library,Education & Knowledge,False,,To 6.7: wire it to live client/carrier data. Then add the threat→pain→IUL-win→discovery arc.,"extract the math into `shared/<name>Engine.ts` as a pure, deterministic module with a vitest suite ; add a tRPC procedure so scenarios save against the client record"
InsuranceCoverageCommand,/portal/insurance-coverage-command,5.1,ENHANCE,L2 — Advanced,STANDALONE,—,Insurance (other),0.5,0.7,UPGRADE or fold into library,"Insurance, Annuity & Carrier",False,,To 6.4: wire it to live client/carrier data. Then add the threat→pain→IUL-win→discovery arc.,"extract the math into `shared/<name>Engine.ts` as a pure, deterministic module with a vitest suite ; add a tRPC procedure so scenarios save against the client record"
AdvisorMeetingPrep,/portal/meeting-prep,5.0,ENHANCE,L2 — Advanced,STANDALONE,—,Advisor Ops / Growth,1.0,1.4,UPGRADE or fold into library,Client Management & CRM,False,,To 6.3: wire it to live client/carrier data. Then add the threat→pain→IUL-win→discovery arc.,"extract the math into `shared/<name>Engine.ts` as a pure, deterministic module with a vitest suite ; add a tRPC procedure so scenarios save against the client record"
UsageAnalyticsDashboard,/portal/usage-analytics,5.0,ENHANCE,L2 — Advanced,STANDALONE,—,Platform / Admin,2.1,2.5,UPGRADE or fold into library,Reports & Deliverables,False,,To 6.3: add a discovery question to open the conversation. Then add the threat→pain→IUL-win→discovery arc.,"extract the math into `shared/<name>Engine.ts` as a pure, deterministic module with a vitest suite ; add projection + sensitivity + comparison charts"
ComprehensiveIRCReferenceIndex,/portal/irc-reference,5.0,ENHANCE,L2 — Advanced,STANDALONE,—,Supporting Planning,0.8,1.2,UPGRADE or fold into library,Cross-Cutting Reference Library,False,,To 6.3: wire it to live client/carrier data. Then add the threat→pain→IUL-win→discovery arc.,"extract the math into `shared/<name>Engine.ts` as a pure, deterministic module with a vitest suite ; add a tRPC procedure so scenarios save against the client record"
InteropEnginePage,,5.0,ENHANCE,L2 — Advanced,STANDALONE,—,Supporting Planning,2.0,2.0,UPGRADE or fold into library,"Public, Marketing & Legal",False,,To 6.3: wire it to live client/carrier data. Then add the threat→pain→IUL-win→discovery arc.,apply the CinematicEngine treatment (Ken Burns + breath-locked bloom) ; add a primary CTA into the portal funnel
MasteryNexus,/portal/mastery-nexus,5.0,ENHANCE,L2 — Advanced,STANDALONE,—,Supporting Planning,0.5,0.7,UPGRADE or fold into library,Cross-Cutting Reference Library,False,,To 6.3: wire it to live client/carrier data. Then add the threat→pain→IUL-win→discovery arc.,"extract the math into `shared/<name>Engine.ts` as a pure, deterministic module with a vitest suite ; add a tRPC procedure so scenarios save against the client record"
OnboardingQuiz,/portal/onboarding-quiz,5.0,ENHANCE,L2 — Advanced,STANDALONE,—,Supporting Planning,1.1,1.5,UPGRADE or fold into library,"Discovery, Calibration & Onboarding",False,,To 6.3: wire it to live client/carrier data. Then add the threat→pain→IUL-win→discovery arc.,"extract the math into `shared/<name>Engine.ts` as a pure, deterministic module with a vitest suite ; add a tRPC procedure so scenarios save against the client record"
TrialLogin,/trial,5.0,ENHANCE,L2 — Advanced,STANDALONE,—,Supporting Planning,4.4,4.4,EMBED — reference card,"Public, Marketing & Legal",False,,To 6.3: wire it to live client/carrier data. Then add the threat→pain→IUL-win→discovery arc.,apply the CinematicEngine treatment (Ken Burns + breath-locked bloom)
WealthRituals,/portal/wealth-rituals,5.0,ENHANCE,L2 — Advanced,STANDALONE,—,Supporting Planning,0.5,0.7,UPGRADE or fold into library,Cross-Cutting Reference Library,False,,To 6.3: wire it to live client/carrier data. Then add the threat→pain→IUL-win→discovery arc.,"extract the math into `shared/<name>Engine.ts` as a pure, deterministic module with a vitest suite ; add a tRPC procedure so scenarios save against the client record"
STRTaxEliminatorPage,,4.8,ABSORB/CUT,L3 — Lab,STANDALONE,—,Supporting Planning,3.9,3.9,EMBED — reference card,"Public, Marketing & Legal",False,,To 6.1: wire it to live client/carrier data. Then add the threat→pain→IUL-win→discovery arc.,apply the CinematicEngine treatment (Ken Burns + breath-locked bloom)
EstatePlanningPage,,4.7,ABSORB/CUT,L3 — Lab,STANDALONE,—,Estate / Legacy,1.1,1.1,UPGRADE or fold into library,"Estate, Trust & Legacy",False,,To 6.7: wire it to live client/carrier data. Then add the threat→pain→IUL-win→discovery arc.,"extract the math into `shared/<name>Engine.ts` as a pure, deterministic module with a vitest suite ; add a tRPC procedure so scenarios save against the client record"
RealEstatePage,,4.7,ABSORB/CUT,L3 — Lab,STANDALONE,—,Estate / Legacy,0.7,0.7,UPGRADE or fold into library,Real Estate Intelligence,False,,To 6.7: wire it to live client/carrier data. Then add the threat→pain→IUL-win→discovery arc.,"extract the math into `shared/<name>Engine.ts` as a pure, deterministic module with a vitest suite ; add a tRPC procedure so scenarios save against the client record"
CertificationsPage,,4.6,ABSORB/CUT,L3 — Lab,STANDALONE,—,Supporting Planning,2.7,2.7,UPGRADE or fold into library,"Public, Marketing & Legal",False,,To 5.9: wire it to live client/carrier data. Then add the threat→pain→IUL-win→discovery arc.,"apply the CinematicEngine treatment (Ken Burns + breath-locked bloom) ; expand copy: proof, mechanism, outcome"
MygaWaterfallPage,,4.5,ABSORB/CUT,L3 — Lab,STANDALONE,—,Guaranteed Income / Annuity,1.1,1.1,UPGRADE or fold into library,"Insurance, Annuity & Carrier",False,,To 6.5: wire it to live client/carrier data. Then add the threat→pain→IUL-win→discovery arc.,"extract the math into `shared/<name>Engine.ts` as a pure, deterministic module with a vitest suite ; add a tRPC procedure so scenarios save against the client record"
RetirementReadinessCenter,/portal/retirement-readiness,4.5,ABSORB/CUT,L3 — Lab,STANDALONE,—,Supporting Planning,0.6,1.0,UPGRADE or fold into library,Retirement Income & Drawdown,False,,To 5.8: wire it to live client/carrier data. Then add the threat→pain→IUL-win→discovery arc.,"extract the math into `shared/<name>Engine.ts` as a pure, deterministic module with a vitest suite ; add a tRPC procedure so scenarios save against the client record"
TimeMachine,/portal/time-machine,4.4,MERGE,Merge,STANDALONE,—,Supporting Planning,1.8,2.2,UPGRADE or fold into library,IUL & Policy Engineering,False,,None,"extract the math into `shared/<name>Engine.ts` as a pure, deterministic module with a vitest suite ; add projection + sensitivity + comparison charts"
TrustsPage,/portal/trusts,4.2,MERGE,Merge,TOGGLE,EstateFlowChart,Estate / Legacy,0.7,0.7,UPGRADE or fold into library,"Estate, Trust & Legacy",False,,None,"extract the math into `shared/<name>Engine.ts` as a pure, deterministic module with a vitest suite ; add a tRPC procedure so scenarios save against the client record"
CommissionOptimizer,/portal/commission-optimizer,4.0,MERGE,Merge,STANDALONE,—,Advisor Ops / Growth,2.1,2.5,UPGRADE or fold into library,Advisor Practice & Sales Enablement,False,,None,"extract the math into `shared/<name>Engine.ts` as a pure, deterministic module with a vitest suite ; add projection + sensitivity + comparison charts"
DealRoomPage,,4.0,ABSORB/CUT,L3 — Lab,STANDALONE,—,Advisor Ops / Growth,2.7,2.7,UPGRADE or fold into library,"Public, Marketing & Legal",False,,To 5.3: wire it to live client/carrier data. Then add the threat→pain→IUL-win→discovery arc.,"apply the CinematicEngine treatment (Ken Burns + breath-locked bloom) ; expand copy: proof, mechanism, outcome"
ComplianceVaultPage,,4.0,ABSORB/CUT,L3 — Lab,STANDALONE,—,Compliance / Reporting Ops,0.7,0.7,UPGRADE or fold into library,Advisor Practice & Sales Enablement,False,,To 5.3: wire it to live client/carrier data. Then add the threat→pain→IUL-win→discovery arc.,"extract the math into `shared/<name>Engine.ts` as a pure, deterministic module with a vitest suite ; add a tRPC procedure so scenarios save against the client record"
ToolExplorer,/portal/tool-explorer,4.0,ABSORB/CUT,L3 — Lab,STANDALONE,—,Platform / Admin,2.3,2.7,UPGRADE or fold into library,Cross-Cutting Reference Library,False,,To 5.3: wire it to live client/carrier data. Then add the threat→pain→IUL-win→discovery arc.,add a tRPC procedure so scenarios save against the client record ; add projection + sensitivity + comparison charts
AcceptInvite,/invite,4.0,ABSORB/CUT,L3 — Lab,STANDALONE,—,Supporting Planning,2.5,2.5,UPGRADE or fold into library,"Public, Marketing & Legal",False,,To 5.3: add a market-vs-IUL outcome chart. Then add the threat→pain→IUL-win→discovery arc.,apply the CinematicEngine treatment (Ken Burns + breath-locked bloom) ; add a primary CTA into the portal funnel
AutoCloserPage,,4.0,ABSORB/CUT,L3 — Lab,STANDALONE,—,Supporting Planning,2.7,2.7,UPGRADE or fold into library,"Public, Marketing & Legal",False,,To 5.3: wire it to live client/carrier data. Then add the threat→pain→IUL-win→discovery arc.,"apply the CinematicEngine treatment (Ken Burns + breath-locked bloom) ; expand copy: proof, mechanism, outcome"
CareerPathPage,,4.0,ABSORB/CUT,L3 — Lab,STANDALONE,—,Supporting Planning,2.7,2.7,UPGRADE or fold into library,"Public, Marketing & Legal",False,,To 5.3: wire it to live client/carrier data. Then add the threat→pain→IUL-win→discovery arc.,"apply the CinematicEngine treatment (Ken Burns + breath-locked bloom) ; expand copy: proof, mechanism, outcome"
ForgotPassword,/forgot-password,4.0,ABSORB/CUT,L3 — Lab,STANDALONE,—,Supporting Planning,3.2,3.2,UPGRADE or fold into library,"Public, Marketing & Legal",False,,To 5.3: add a market-vs-IUL outcome chart. Then add the threat→pain→IUL-win→discovery arc.,"apply the CinematicEngine treatment (Ken Burns + breath-locked bloom) ; expand copy: proof, mechanism, outcome"
PeerBenchmarking,/portal/peer-benchmarking,3.9,ABSORB/CUT,L3 — Lab,STANDALONE,—,Advisor Ops / Growth,0.5,1.8,UPGRADE or fold into library,Cross-Cutting Reference Library,False,fabricated-constant,To 5.2: wire it to live client/carrier data. Then add the threat→pain→IUL-win→discovery arc.,"extract the math into `shared/<name>Engine.ts` as a pure, deterministic module with a vitest suite ; add a tRPC procedure so scenarios save against the client record"
MortgageKillerV2,/portal/mortgage-killer-v2,3.9,MERGE,Merge,TOGGLE,MortgageKiller,Supporting Planning,1.4,1.8,MERGE into canonical version,Mortgage & Debt Elimination,False,,None,"extract the math into `shared/<name>Engine.ts` as a pure, deterministic module with a vitest suite ; add a tRPC procedure so scenarios save against the client record"
Exchange1031Analyzer,/portal/1031-exchange-analyzer,3.8,MERGE,Merge,TOGGLE,TaxDeferredExchangeTimeline,Supporting Planning,1.4,1.8,UPGRADE or fold into library,Real Estate Intelligence,False,,None,"extract the math into `shared/<name>Engine.ts` as a pure, deterministic module with a vitest suite ; add a tRPC procedure so scenarios save against the client record"
MarketPulsePage,,3.6,ABSORB/CUT,L3 — Lab,STANDALONE,—,Supporting Planning,1.1,1.1,UPGRADE or fold into library,Investments & Portfolio,False,,To 4.9: wire it to live client/carrier data. Then add the threat→pain→IUL-win→discovery arc.,"extract the math into `shared/<name>Engine.ts` as a pure, deterministic module with a vitest suite ; add a tRPC procedure so scenarios save against the client record"
RetirementOpportunitiesPage,,3.6,ABSORB/CUT,L3 — Lab,STANDALONE,—,Supporting Planning,0.7,0.7,UPGRADE or fold into library,Retirement Income & Drawdown,False,,To 4.9: wire it to live client/carrier data. Then add the threat→pain→IUL-win→discovery arc.,"extract the math into `shared/<name>Engine.ts` as a pure, deterministic module with a vitest suite ; add a tRPC procedure so scenarios save against the client record"
AlertCommandCenter,/portal/alert-command-center,3.5,ABSORB/CUT,L3 — Lab,STANDALONE,—,Dashboards / Internal,0.5,0.7,UPGRADE or fold into library,Cross-Cutting Reference Library,False,,To 4.8: wire it to live client/carrier data. Then add the threat→pain→IUL-win→discovery arc.,"extract the math into `shared/<name>Engine.ts` as a pure, deterministic module with a vitest suite ; add a tRPC procedure so scenarios save against the client record"
SmartRoutingDashboard,/portal/smart-routing,3.5,ABSORB/CUT,L3 — Lab,STANDALONE,—,Dashboards / Internal,0.5,0.7,UPGRADE or fold into library,Reports & Deliverables,False,,To 4.8: wire it to live client/carrier data. Then add the threat→pain→IUL-win→discovery arc.,"extract the math into `shared/<name>Engine.ts` as a pure, deterministic module with a vitest suite ; add a tRPC procedure so scenarios save against the client record"
CalcInteropMatrix,/portal/calc-interop-matrix,3.5,ABSORB/CUT,L3 — Lab,STANDALONE,—,Supporting Planning,0.6,1.0,UPGRADE or fold into library,Cross-Cutting Reference Library,False,,To 4.8: wire it to live client/carrier data. Then add the threat→pain→IUL-win→discovery arc.,"extract the math into `shared/<name>Engine.ts` as a pure, deterministic module with a vitest suite ; add a tRPC procedure so scenarios save against the client record"
CrossCalcAggregationHub,/portal/cross-calc-aggregation,3.5,ABSORB/CUT,L3 — Lab,STANDALONE,—,Supporting Planning,0.5,0.7,UPGRADE or fold into library,Cross-Cutting Reference Library,False,,To 4.8: wire it to live client/carrier data. Then add the threat→pain→IUL-win→discovery arc.,"extract the math into `shared/<name>Engine.ts` as a pure, deterministic module with a vitest suite ; add a tRPC procedure so scenarios save against the client record"
DataCompletenessTracker,/portal/data-completeness,3.5,ABSORB/CUT,L3 — Lab,STANDALONE,—,Supporting Planning,0.5,0.7,UPGRADE or fold into library,Cross-Cutting Reference Library,False,,To 4.8: wire it to live client/carrier data. Then add the threat→pain→IUL-win→discovery arc.,"extract the math into `shared/<name>Engine.ts` as a pure, deterministic module with a vitest suite ; add a tRPC procedure so scenarios save against the client record"
DataFlowVisualizer,/portal/data-flow-visualizer,3.5,ABSORB/CUT,L3 — Lab,STANDALONE,—,Supporting Planning,0.5,0.7,UPGRADE or fold into library,Cross-Cutting Reference Library,False,,To 4.8: wire it to live client/carrier data. Then add the threat→pain→IUL-win→discovery arc.,"extract the math into `shared/<name>Engine.ts` as a pure, deterministic module with a vitest suite ; add a tRPC procedure so scenarios save against the client record"
Legal,/privacy,3.5,ABSORB/CUT,L3 — Lab,STANDALONE,—,Supporting Planning,2.0,2.0,UPGRADE or fold into library,"Public, Marketing & Legal",False,,To 4.8: wire it to live client/carrier data. Then add the threat→pain→IUL-win→discovery arc.,apply the CinematicEngine treatment (Ken Burns + breath-locked bloom) ; add a primary CTA into the portal funnel
MeshHealthMonitor,/portal/mesh-health,3.5,ABSORB/CUT,L3 — Lab,STANDALONE,—,Supporting Planning,0.5,0.7,UPGRADE or fold into library,Cross-Cutting Reference Library,False,,To 4.8: wire it to live client/carrier data. Then add the threat→pain→IUL-win→discovery arc.,"extract the math into `shared/<name>Engine.ts` as a pure, deterministic module with a vitest suite ; add a tRPC procedure so scenarios save against the client record"
NotFound,/404,3.5,ABSORB/CUT,L3 — Lab,STANDALONE,—,Supporting Planning,2.7,2.7,UPGRADE or fold into library,"Public, Marketing & Legal",False,,To 4.8: wire it to live client/carrier data. Then add the threat→pain→IUL-win→discovery arc.,"apply the CinematicEngine treatment (Ken Burns + breath-locked bloom) ; expand copy: proof, mechanism, outcome"
OrganismDeepProvider,/portal/organism-deep-provider,3.5,ABSORB/CUT,L3 — Lab,STANDALONE,—,Supporting Planning,0.5,0.7,UPGRADE or fold into library,Cross-Cutting Reference Library,False,,To 4.8: wire it to live client/carrier data. Then add the threat→pain→IUL-win→discovery arc.,"extract the math into `shared/<name>Engine.ts` as a pure, deterministic module with a vitest suite ; add a tRPC procedure so scenarios save against the client record"
AMTAnalyzer,/portal/amt-analyzer,3.4,MERGE,Merge,TOGGLE,AMTCalculator,Supporting Planning,0.5,2.2,UPGRADE or fold into library,Tax Strategy,False,fabricated-constant|literal-chart-data,None,"extract the math into `shared/<name>Engine.ts` as a pure, deterministic module with a vitest suite ; add a tRPC procedure so scenarios save against the client record"
CRTDeepDive,/portal/crt-deep-dive,3.4,MERGE,Merge,TOGGLE,CharitableLeadTrustEngine,Supporting Planning,0.5,1.8,UPGRADE or fold into library,Tax Strategy,False,fabricated-constant,None,"extract the math into `shared/<name>Engine.ts` as a pure, deterministic module with a vitest suite ; add a tRPC procedure so scenarios save against the client record"
CashBalancePlanDesigner,,3.4,MERGE,Merge,TOGGLE,CashBalancePlanCalc,Supporting Planning,1.8,2.2,UPGRADE or fold into library,Cross-Cutting Reference Library,False,,None,"extract the math into `shared/<name>Engine.ts` as a pure, deterministic module with a vitest suite ; add a tRPC procedure so scenarios save against the client record"
CharitableGivingOptimizer,/portal/charitable-giving,3.4,MERGE,Merge,TOGGLE,CharitableLeadTrustEngine,Supporting Planning,0.5,1.8,UPGRADE or fold into library,Tax Strategy,False,fabricated-constant,None,"extract the math into `shared/<name>Engine.ts` as a pure, deterministic module with a vitest suite ; add a tRPC procedure so scenarios save against the client record"
FamilyLimitedPartnershipPlanner,/portal/flp-planner,3.4,MERGE,Merge,STANDALONE,—,Supporting Planning,0.8,2.2,UPGRADE or fold into library,Business & Succession,False,literal-chart-data,None,"extract the math into `shared/<name>Engine.ts` as a pure, deterministic module with a vitest suite ; add a tRPC procedure so scenarios save against the client record"
InternationalTaxPlanner,,3.4,MERGE,Merge,STANDALONE,—,Supporting Planning,0.5,1.8,UPGRADE or fold into library,Tax Strategy,False,literal-chart-data,None,"extract the math into `shared/<name>Engine.ts` as a pure, deterministic module with a vitest suite ; add a tRPC procedure so scenarios save against the client record"
OpportunityZoneTracker,,3.4,MERGE,Merge,TOGGLE,OpportunityZoneCalc,Supporting Planning,1.8,2.2,UPGRADE or fold into library,Tax Strategy,False,,None,"extract the math into `shared/<name>Engine.ts` as a pure, deterministic module with a vitest suite ; add a tRPC procedure so scenarios save against the client record"
ReferralEnginePage,,3.1,ABSORB/CUT,L3 — Lab,STANDALONE,—,Advisor Ops / Growth,1.1,1.1,UPGRADE or fold into library,Client Management & CRM,False,,To 4.4: wire it to live client/carrier data. Then add the threat→pain→IUL-win→discovery arc.,"extract the math into `shared/<name>Engine.ts` as a pure, deterministic module with a vitest suite ; add a tRPC procedure so scenarios save against the client record"
CryptoCyclePage,,3.1,ABSORB/CUT,L3 — Lab,STANDALONE,—,Supporting Planning,1.1,1.1,UPGRADE or fold into library,Investments & Portfolio,False,,To 4.4: wire it to live client/carrier data. Then add the threat→pain→IUL-win→discovery arc.,"extract the math into `shared/<name>Engine.ts` as a pure, deterministic module with a vitest suite ; add a tRPC procedure so scenarios save against the client record"
MassiveCalculatorsPage,,3.1,ABSORB/CUT,L3 — Lab,STANDALONE,—,Supporting Planning,2.0,2.0,UPGRADE or fold into library,"Public, Marketing & Legal",False,,To 4.4: wire it to live client/carrier data. Then add the threat→pain→IUL-win→discovery arc.,apply the CinematicEngine treatment (Ken Burns + breath-locked bloom) ; add a primary CTA into the portal funnel
CryptoTaxStrategy,,3.0,MERGE,Merge,STANDALONE,—,Supporting Planning,1.4,1.8,UPGRADE or fold into library,Tax Strategy,False,,None,"extract the math into `shared/<name>Engine.ts` as a pure, deterministic module with a vitest suite ; add a tRPC procedure so scenarios save against the client record"
OpportunityZonePlanner,,3.0,MERGE,Merge,TOGGLE,OpportunityZoneCalc,Supporting Planning,1.3,1.7,UPGRADE or fold into library,Tax Strategy,False,,None,"extract the math into `shared/<name>Engine.ts` as a pure, deterministic module with a vitest suite ; add a tRPC procedure so scenarios save against the client record"
PrivateCredit,/portal/private-credit,3.0,MERGE,Merge,STANDALONE,—,Supporting Planning,1.0,1.4,UPGRADE or fold into library,Cross-Cutting Reference Library,False,,None,"extract the math into `shared/<name>Engine.ts` as a pure, deterministic module with a vitest suite ; add a tRPC procedure so scenarios save against the client record"
CommandPage,,2.8,ABSORB/CUT,L3 — Lab,STANDALONE,—,Dashboards / Internal,2.0,2.0,UPGRADE or fold into library,"Public, Marketing & Legal",False,,To 4.1: wire it to live client/carrier data. Then add the threat→pain→IUL-win→discovery arc.,apply the CinematicEngine treatment (Ken Burns + breath-locked bloom) ; add a primary CTA into the portal funnel
CompetePage,,2.5,ABSORB/CUT,L3 — Lab,STANDALONE,—,Supporting Planning,2.0,2.0,UPGRADE or fold into library,"Public, Marketing & Legal",False,,To 3.8: wire it to live client/carrier data. Then add the threat→pain→IUL-win→discovery arc.,apply the CinematicEngine treatment (Ken Burns + breath-locked bloom) ; add a primary CTA into the portal funnel
EarnPage,,2.5,ABSORB/CUT,L3 — Lab,STANDALONE,—,Supporting Planning,2.0,2.0,UPGRADE or fold into library,"Public, Marketing & Legal",False,,To 3.8: wire it to live client/carrier data. Then add the threat→pain→IUL-win→discovery arc.,apply the CinematicEngine treatment (Ken Burns + breath-locked bloom) ; add a primary CTA into the portal funnel
ExplorePage,,2.5,ABSORB/CUT,L3 — Lab,STANDALONE,—,Supporting Planning,2.0,2.0,UPGRADE or fold into library,"Public, Marketing & Legal",False,,To 3.8: wire it to live client/carrier data. Then add the threat→pain→IUL-win→discovery arc.,apply the CinematicEngine treatment (Ken Burns + breath-locked bloom) ; add a primary CTA into the portal funnel
Home,,2.5,ABSORB/CUT,L3 — Lab,STANDALONE,—,Supporting Planning,2.0,2.0,UPGRADE or fold into library,"Public, Marketing & Legal",False,,To 3.8: wire it to live client/carrier data. Then add the threat→pain→IUL-win→discovery arc.,apply the CinematicEngine treatment (Ken Burns + breath-locked bloom) ; add a primary CTA into the portal funnel
IndexBacktesterPage,,2.5,ABSORB/CUT,L3 — Lab,STANDALONE,—,Supporting Planning,2.7,2.7,MERGE into canonical version,"Public, Marketing & Legal",False,,To 3.8: wire it to live client/carrier data. Then add the threat→pain→IUL-win→discovery arc.,"apply the CinematicEngine treatment (Ken Burns + breath-locked bloom) ; expand copy: proof, mechanism, outcome"
MeetingPrepPage,,2.5,ABSORB/CUT,L3 — Lab,STANDALONE,—,Supporting Planning,1.1,1.1,UPGRADE or fold into library,Client Management & CRM,False,,To 3.8: wire it to live client/carrier data. Then add the threat→pain→IUL-win→discovery arc.,"extract the math into `shared/<name>Engine.ts` as a pure, deterministic module with a vitest suite ; add a tRPC procedure so scenarios save against the client record"
OilGasPage,,2.5,ABSORB/CUT,L3 — Lab,STANDALONE,—,Supporting Planning,2.7,2.7,UPGRADE or fold into library,"Public, Marketing & Legal",False,,To 3.8: wire it to live client/carrier data. Then add the threat→pain→IUL-win→discovery arc.,"apply the CinematicEngine treatment (Ken Burns + breath-locked bloom) ; expand copy: proof, mechanism, outcome"
RiskScorePage,,2.5,ABSORB/CUT,L3 — Lab,STANDALONE,—,Supporting Planning,2.7,2.7,UPGRADE or fold into library,"Public, Marketing & Legal",False,,To 3.8: wire it to live client/carrier data. Then add the threat→pain→IUL-win→discovery arc.,"apply the CinematicEngine treatment (Ken Burns + breath-locked bloom) ; expand copy: proof, mechanism, outcome"
StrategyLabPage,,2.5,ABSORB/CUT,L3 — Lab,STANDALONE,—,Supporting Planning,0.7,0.7,MERGE into canonical version,Scenario Lab & Comparison,False,,To 3.8: wire it to live client/carrier data. Then add the threat→pain→IUL-win→discovery arc.,"extract the math into `shared/<name>Engine.ts` as a pure, deterministic module with a vitest suite ; add a tRPC procedure so scenarios save against the client record"
SupportPage,,2.5,ABSORB/CUT,L3 — Lab,STANDALONE,—,Supporting Planning,2.0,2.0,UPGRADE or fold into library,"Public, Marketing & Legal",False,,To 3.8: wire it to live client/carrier data. Then add the threat→pain→IUL-win→discovery arc.,apply the CinematicEngine treatment (Ken Burns + breath-locked bloom) ; add a primary CTA into the portal funnel
TheExperiencePage,,2.5,ABSORB/CUT,L3 — Lab,STANDALONE,—,Supporting Planning,2.0,2.0,UPGRADE or fold into library,"Public, Marketing & Legal",False,,To 3.8: wire it to live client/carrier data. Then add the threat→pain→IUL-win→discovery arc.,apply the CinematicEngine treatment (Ken Burns + breath-locked bloom) ; add a primary CTA into the portal funnel
TrainingPage,,2.5,ABSORB/CUT,L3 — Lab,STANDALONE,—,Supporting Planning,1.1,1.1,UPGRADE or fold into library,Advisor Practice & Sales Enablement,False,,To 3.8: wire it to live client/carrier data. Then add the threat→pain→IUL-win→discovery arc.,"extract the math into `shared/<name>Engine.ts` as a pure, deterministic module with a vitest suite ; add a tRPC procedure so scenarios save against the client record"
TranscendPage,,2.5,ABSORB/CUT,L3 — Lab,STANDALONE,—,Supporting Planning,2.0,2.0,UPGRADE or fold into library,"Public, Marketing & Legal",False,,To 3.8: wire it to live client/carrier data. Then add the threat→pain→IUL-win→discovery arc.,apply the CinematicEngine treatment (Ken Burns + breath-locked bloom) ; add a primary CTA into the portal funnel
WealthGenomePage,,2.5,ABSORB/CUT,L3 — Lab,STANDALONE,—,Supporting Planning,0.7,0.7,UPGRADE or fold into library,"Discovery, Calibration & Onboarding",False,,To 3.8: wire it to live client/carrier data. Then add the threat→pain→IUL-win→discovery arc.,"extract the math into `shared/<name>Engine.ts` as a pure, deterministic module with a vitest suite ; add a tRPC procedure so scenarios save against the client record"
WhisperCoachPage,,2.5,ABSORB/CUT,L3 — Lab,STANDALONE,—,Supporting Planning,0.5,0.7,UPGRADE or fold into library,AI Brain & Intelligence,False,fabricated-constant,To 3.8: wire it to live client/carrier data. Then add the threat→pain→IUL-win→discovery arc.,"extract the math into `shared/<name>Engine.ts` as a pure, deterministic module with a vitest suite ; add a tRPC procedure so scenarios save against the client record"
SettingsPage,,1.5,ABSORB/CUT,L3 — Lab,STANDALONE,—,Platform / Admin,1.1,1.1,UPGRADE or fold into library,"Admin, Ops & System",False,,To 2.8: wire it to live client/carrier data. Then add the threat→pain→IUL-win→discovery arc.,"extract the math into `shared/<name>Engine.ts` as a pure, deterministic module with a vitest suite ; add a tRPC procedure so scenarios save against the client record"
Arena,/portal/arena,1.0,CUT,Delete,CUT,—,CUT — Gamification/Novelty,3.2,3.6,UPGRADE or fold into library,Cross-Cutting Reference Library,False,,None,"extract the math into `shared/<name>Engine.ts` as a pure, deterministic module with a vitest suite ; add projection + sensitivity + comparison charts"
BlackMirror,/portal/black-mirror,1.0,CUT,Delete,CUT,—,CUT — Gamification/Novelty,1.6,2.0,UPGRADE or fold into library,Cross-Cutting Reference Library,False,,None,"extract the math into `shared/<name>Engine.ts` as a pure, deterministic module with a vitest suite ; add a tRPC procedure so scenarios save against the client record"
EliteShowdown,/portal/elite-showdown,1.0,CUT,Delete,CUT,—,CUT — Gamification/Novelty,0.6,1.0,UPGRADE or fold into library,Cross-Cutting Reference Library,False,,None,"extract the math into `shared/<name>Engine.ts` as a pure, deterministic module with a vitest suite ; add a tRPC procedure so scenarios save against the client record"
Endgame,/portal/endgame,1.0,CUT,Delete,CUT,—,CUT — Gamification/Novelty,1.2,1.6,UPGRADE or fold into library,Cross-Cutting Reference Library,False,,None,"extract the math into `shared/<name>Engine.ts` as a pure, deterministic module with a vitest suite ; add a tRPC procedure so scenarios save against the client record"
EntrainmentEngine,/portal/entrainment-engine,1.0,CUT,Delete,CUT,—,CUT — Gamification/Novelty,3.9,4.3,EMBED — reference card,Engagement & Behavioral,False,,None,"extract the math into `shared/<name>Engine.ts` as a pure, deterministic module with a vitest suite ; add a tRPC procedure so scenarios save against the client record"
GamifiedPavlovianEngagement,/portal/pavlovian-engagement,1.0,CUT,Delete,CUT,—,CUT — Gamification/Novelty,1.5,5.6,UPGRADE or fold into library,Engagement & Behavioral,True,frozen-chart|fabricated-constant|literal-chart-data,None,"extract the math into `shared/<name>Engine.ts` as a pure, deterministic module with a vitest suite ; add branded PDF export with sources and method notes"
HolographicMirage,/portal/holographic-mirage,1.0,CUT,Delete,CUT,—,CUT — Gamification/Novelty,1.4,1.8,UPGRADE or fold into library,Cross-Cutting Reference Library,False,,None,"extract the math into `shared/<name>Engine.ts` as a pure, deterministic module with a vitest suite ; add a tRPC procedure so scenarios save against the client record"
InfiniteScroll,/portal,1.0,CUT,Delete,CUT,—,CUT — Gamification/Novelty,3.2,3.6,UPGRADE or fold into library,Cross-Cutting Reference Library,False,,None,"extract the math into `shared/<name>Engine.ts` as a pure, deterministic module with a vitest suite ; add projection + sensitivity + comparison charts"
MoatFortress,/portal/moat-fortress,1.0,CUT,Delete,CUT,—,CUT — Gamification/Novelty,1.8,2.2,UPGRADE or fold into library,Cross-Cutting Reference Library,False,,None,"extract the math into `shared/<name>Engine.ts` as a pure, deterministic module with a vitest suite ; add projection + sensitivity + comparison charts"
PetSystem,/portal/pet,1.0,CUT,Delete,CUT,—,CUT — Gamification/Novelty,2.0,2.4,UPGRADE or fold into library,Engagement & Behavioral,False,,None,"extract the math into `shared/<name>Engine.ts` as a pure, deterministic module with a vitest suite ; add projection + sensitivity + comparison charts"
PredictiveInsightArena,/portal/predictive-arena,1.0,CUT,Delete,CUT,—,CUT — Gamification/Novelty,2.7,3.1,UPGRADE or fold into library,Scenario Lab & Comparison,False,,None,"extract the math into `shared/<name>Engine.ts` as a pure, deterministic module with a vitest suite ; add projection + sensitivity + comparison charts"
RewardsVault,/portal/rewards,1.0,CUT,Delete,CUT,—,CUT — Gamification/Novelty,2.8,3.2,UPGRADE or fold into library,Engagement & Behavioral,False,,None,"extract the math into `shared/<name>Engine.ts` as a pure, deterministic module with a vitest suite ; add projection + sensitivity + comparison charts"
SocialNarcotic,/portal/social,1.0,CUT,Delete,CUT,—,CUT — Gamification/Novelty,1.6,2.0,UPGRADE or fold into library,Cross-Cutting Reference Library,False,,None,"extract the math into `shared/<name>Engine.ts` as a pure, deterministic module with a vitest suite ; add a tRPC procedure so scenarios save against the client record"
StrategyComparisonArena,/portal/strategy-comparison,1.0,CUT,Delete,CUT,—,CUT — Gamification/Novelty,0.5,0.7,UPGRADE or fold into library,Scenario Lab & Comparison,False,,None,"extract the math into `shared/<name>Engine.ts` as a pure, deterministic module with a vitest suite ; add a tRPC procedure so scenarios save against the client record"
ToiletDashboard,/portal/toilet,1.0,CUT,Delete,CUT,—,CUT — Gamification/Novelty,1.5,1.9,UPGRADE or fold into library,Reports & Deliverables,False,,None,"extract the math into `shared/<name>Engine.ts` as a pure, deterministic module with a vitest suite ; add projection + sensitivity + comparison charts"
WealthOdyssey,/portal/wealth-odyssey,1.0,CUT,Delete,CUT,—,CUT — Gamification/Novelty,0.8,1.2,UPGRADE or fold into library,Cross-Cutting Reference Library,False,,None,"extract the math into `shared/<name>Engine.ts` as a pure, deterministic module with a vitest suite ; add a tRPC procedure so scenarios save against the client record"
WealthWarriorChallenges,/portal/wealth-warrior,1.0,CUT,Delete,CUT,—,CUT — Gamification/Novelty,0.5,0.7,UPGRADE or fold into library,Cross-Cutting Reference Library,False,,None,"extract the math into `shared/<name>Engine.ts` as a pure, deterministic module with a vitest suite ; add a tRPC procedure so scenarios save against the client record"
