id,section,lens,title,evidenceTag,score,scorelabel,n_sources,subtitle
sys-centrality,0,,Which Weakness Controls the Others — Network Centrality,Emerging,,,15,Network psychometrics · expected influence
sys-weakest-link,0,,The Weakest Link Caps the Whole — Bottleneck & O-Ring,Strong,,,4,Why one weakness can sink strong strengths
sys-mutualism-keystone,0,,One Strength Lifts the Rest — Mutualism & Keystone Effects,Moderate,,,2,Why sharpening the right line raises the whole shape
sys-leverage,0,,"Where to Intervene, and How to Hold It — Leverage Points & Tracking",Moderate,,,2,Re-engineering the probabilities
sys-matching,0,,Complementary Matching — Collective Intelligence,Moderate,,,2,When a partner's strength covers your blind spot
p-1a,1,,Strength & Resistance Training,Strong,,,5,Nearest lines: Volitional (downstream of all)
p-1b,1,,Brazilian Jiu-Jitsu,Moderate,,,5,"Nearest lines: Adversarial/Resilient, Volitional, Emotional, Interpersonal"
p-1c,1,,Yoga,Strong,,,5,"Nearest lines: Emotional, Interoceptive"
p-2,2,,Strength Training — Cognitive & Psychological Transfer,Moderate,,,5,"Nearest lines: Meta-Cognitive, Logical/Strategic, Volitional, Emotional/Intrapersonal, Adversarial/Resilient"
p-3,3,,Social Connection,Strong,,,5,"Nearest lines: Meta-Cognitive, Interpersonal, Emotional, Intrapersonal"
p-4,4,,Contemplative & Nature Walking (Green Exercise),Moderate,,,5,"Nearest lines: Meta-Cognitive (attention), Emotional, Interoceptive"
p-5,5,,Travel & Novel Experiences,Emerging,,,5,"Nearest lines: Intrapersonal, Emotional, Existential, Reflective, Philosophical, Adaptive, Meta-Cognitive"
p-6,6,,Therapy & Counseling,Strong,,,5,"Nearest lines: Emotional, Meta-Cognitive, Interpersonal, Intimacy"
p-7a,7,,Meditation / Mindfulness,Strong,,,5,"Nearest lines: Emotional, Intrapersonal, Meta-Cognitive"
p-7b,7,,Sleep Quality,Strong,,,5,"Nearest lines: Emotional, Interoceptive, Meta-Cognitive"
p-7c,7,,Nutrition / Diet Quality,Strong,,,5,"Nearest lines: Emotional, Interoceptive"
p-7d,7,,Service / Volunteering,Moderate,,,5,"Nearest lines: Interpersonal, Existential"
p-7e,7,,Journaling / Expressive Writing,Moderate,,,5,"Nearest lines: Intrapersonal, Reflective, Emotional"
p-7f,7,,Music Practice,Moderate,,,5,"Nearest lines: Meta-Cognitive, Logical, Musical"
p-7g,7,,Faith / Spiritual Community,Strong,,,5,"Nearest lines: Existential, Interpersonal, Intrapersonal"
p-7h,7,,Strategic Games (Chess),Mixed,,,5,"Nearest lines: Strategic, Logical, Meta-Cognitive (near-transfer skill, not proven general uplift)"
p-8a,8,,Shadow Work (3-2-1 Process),Emerging,,,1,"Nearest lines: Intrapersonal, Reflective"
p-8b,8,,Loving-Kindness / Compassion Meditation,Moderate,,,5,"Nearest lines: Empathic, Interpersonal, Emotional"
p-8c,8,,Qigong / Tai Chi,Strong,,,5,"Nearest lines: Interoceptive, Kinesthetic, Emotional, Meta-Cognitive"
p-9a,9,,Breathwork / Slow-Paced Breathing,Moderate,,,5,"Nearest lines: Interoceptive, Emotional, Meta-Cognitive"
p-9b,9,,Gratitude Practice,Moderate,,,5,"Nearest lines: Intrapersonal, Emotional, Existential"
p-9c,9,,Sunlight / Circadian Light,Strong,,,5,"Nearest lines: Emotional, Interoceptive, Meta-Cognitive (via sleep)"
p-10a,10,,Alcohol Use Disorder,Strong,,,5,"Nearest lines: Meta-Cognitive, Logical, Volitional"
p-10b,10,,Tobacco / Smoking,Strong,,,5,"Nearest lines: Meta-Cognitive, Logical"
p-10c,10,,Vaping / E-Cigarettes,Emerging,,,3,Nearest lines: Meta-Cognitive
p-10d,10,,Other Drugs / Chemical Dependency,Moderate,,,5,"Nearest lines: Meta-Cognitive, Logical, Volitional"
p-10e,10,,Gambling Disorder,Strong,,,5,"Nearest lines: Meta-Cognitive, Volitional, Logical"
p-10f,10,,Problematic Pornography Use,Moderate,,,5,"Nearest lines: Volitional, Emotional, Intimacy"
p-10g,10,,Problematic Social Media / Scrolling,Moderate,,,5,"Nearest lines: Meta-Cognitive (attention), Emotional, Intrapersonal"
p-10h,10,,Overeating / Ultra-Processed Diet,Strong,,,5,"Nearest lines: Emotional, Meta-Cognitive, Interoceptive"
p-10i,10,,Divorce / Separation (and Marital Conflict),Strong,,,5,"Nearest lines: Emotional, Interpersonal, Intrapersonal"
p-10j,10,,Job Loss / Foreclosure / Bankruptcy / Business Failure,Strong,,,5,"Nearest lines: Emotional, Meta-Cognitive, Existential"
p-10k,10,,Bereavement (Spouse / Parent / Child),Strong,,,5,"Nearest lines: Emotional, Intrapersonal, Existential"
p-10l,10,,Spouse with Dementia (Caregiving),Moderate,,,5,"Nearest lines: Emotional, Interpersonal, Meta-Cognitive"
p-10m,10,,"Toxic / ""Addictive"" Relationships & IPV",Moderate,,,1,"Nearest lines: Emotional, Interpersonal, Intrapersonal"
p-11a,11,,Stacking Protective Practices (Additive Upside),Strong,,,5,Nearest lines: convergence across all lines (redundancy as insurance)
p-11b,11,,Cumulative Burden (How Risks Compound),Strong,,,5,Nearest lines: cumulative load across a shared weak cluster
intero-insula-hub,12,,The Insula Hub — Why One Practice Can Touch Many Lines,Strong,,,5,"Anterior insular cortex as the shared substrate of feeling, empathy, and choice"
intero-measurement,12,,"Measuring It — So Gains Are Real, Not Vibes",Strong,,,3,"Distinguishing interoceptive accuracy, sensibility, and awareness"
intero-decision,12,,Interoception → Decision-Making & Intuition,Moderate,,,4,Bolsters (as controlling weakness): the cognitive & financial lines
intero-emotion,12,,Interoception → Emotion Regulation & Empathy,Moderate,,,3,"Bolsters clusters: the intrapersonal, empathic, and interpersonal lines"
intero-floatation,12,,Floatation-REST & Sensory Deprivation — The Specific Practice,Emerging,,,4,An efficient interoception trainer — with honest limits on the magnitude
intero-neuroplasticity,12,,Contemplative Practice Changes the Brain — The Neuroplastic Basis,Moderate,,,4,Why a passive practice can produce structural change (incl. the insula)
keystone-exercise,13,,Aerobic Exercise — The Best-Evidenced Meta-System,Strong,,,8,"Bolsters clusters: cognitive, memory, mood, resilience, self-regulation"
keystone-sleep,14,practice,Sleep — The System That Gates Every Other Line,Strong,5,impact magnitude /5,7,"Bolsters clusters: memory, emotion, decision-making, immunity, everything"
keystone-breath,15,,Breathwork & HRV Biofeedback — Floatation's Free Cousin,Moderate,,,4,"Bolsters clusters: self-regulation, attention, emotional control"
keystone-nature,16,,"Nature Exposure — The Passive, Cross-Line Restorer",Moderate,,,5,"Bolsters clusters: attention, mood, creativity, stress-resilience"
keystone-thermal,17,,Thermal Stress — Sauna (Strong) & Cold (Emerging),Moderate,,,4,"Bolsters clusters: resilience, mood, cardiovascular & brain healthspan"
keystone-psychedelic,18,,"Psychedelic-Assisted Therapy — The Deepest, Most Constrained",Emerging,,,4,"Bolsters clusters: openness, meaning, mood — under strict conditions"
read-people,19,,Reading People — Nonverbal Decoding Is a Trainable Skill,Moderate,,,8,"Bolsters clusters: interpersonal, empathic, intuitive"
couples-relationship-media,20,,Watching + Discussing Other Couples — The Validated Version,Moderate,,,5,"Bolsters clusters: interpersonal, empathic, intrapersonal (marital/parental)"
couples-observational-science,20,,The Observational Science of Couples — What Predicts Success,Moderate,,,4,"Bolsters clusters: interpersonal, empathic (marital)"
couples-emotional-intelligence,20,,Emotional Intelligence in Relationships,Moderate,,,4,"Bolsters clusters: empathic, interpersonal, intrapersonal"
couples-empathy-training,20,,Empathy & Perspective-Taking Are Trainable,Moderate,,,3,"Bolsters clusters: empathic, interpersonal"
couples-relationship-education,20,,Relationship Education — The Skills That Prevent Distress,Moderate,,,3,"Bolsters clusters: interpersonal, intrapersonal (marital)"
parenting-intelligence,20,,Parenting Intelligence — What Actually Works,Moderate,,,3,"Bolsters clusters: intrapersonal, empathic, interpersonal (parental)"
couples-social-learning,20,,How We Learn by Watching — Social Learning,Moderate,,,3,Bolsters clusters: the mechanism under all of the above
knowing-doing-gap,21,practice,The Knowing–Doing Gap Is the Real Enemy,Strong,4,impact magnitude /5,6,"Bolsters clusters: volitional, self-regulation, follow-through"
fasting-tre,22,practice,Intermittent Fasting & Time-Restricted Eating,Moderate,3,impact magnitude /5,5,"Bolsters clusters: interoceptive, volitional, systemic (metabolic)"
light-circadian,23,practice,Light & Circadian Rhythm,Moderate,3,impact magnitude /5,5,"Bolsters clusters: interoceptive, emotional, intrapersonal"
vo2max-fitness,24,practice,Cardiorespiratory Fitness — VO₂max,Strong,5,impact magnitude /5,5,"Bolsters clusters: interoceptive, volitional, systemic, most cognitive lines"
gut-brain-axis,25,practice,The Gut–Brain Axis,Emerging,2,impact magnitude /5,5,"Bolsters clusters: emotional, interoceptive, intrapersonal"
brain-nutrition,26,practice,Nutrition for the Brain,Moderate,3,impact magnitude /5,5,"Bolsters clusters: most cognitive lines, meta-cognitive, interoceptive"
music-training,27,practice,Learning an Instrument,Moderate,3,impact magnitude /5,5,"Bolsters clusters: musical, bodily-kinesthetic, meta-cognitive, auditory"
bilingualism,28,practice,Bilingualism & Language Learning,Emerging,2,impact magnitude /5,5,"Bolsters clusters: linguistic, meta-cognitive (cognitive reserve)"
expressive-writing,29,practice,Expressive Writing & Journaling,Moderate,3,impact magnitude /5,5,"Bolsters clusters: intrapersonal, emotional, linguistic"
gratitude,30,practice,Gratitude Practice,Moderate,2,impact magnitude /5,5,"Bolsters clusters: emotional, intrapersonal, interpersonal"
awe,31,practice,Awe,Moderate,3,impact magnitude /5,5,"Bolsters clusters: existential, moral, interpersonal, aesthetic"
purpose-meaning,32,practice,Purpose & Meaning in Life,Strong,4,impact magnitude /5,5,"Bolsters clusters: existential, volitional, intrapersonal"
volunteering,33,practice,Volunteering & Generativity,Moderate,3,impact magnitude /5,5,"Bolsters clusters: community-founding, moral, interpersonal, existential"
reading,34,practice,Reading,Mixed,2,impact magnitude /5,5,"Bolsters clusters: linguistic, interpersonal (theory of mind), longevity"
deliberate-practice,35,practice,Deliberate Practice & Skill Acquisition,Strong,4,impact magnitude /5,5,"Bolsters clusters: adversarial, strategic, meta-cognitive, most skill lines"
cognitive-reserve,36,practice,Cognitive Reserve & Lifelong Learning,Moderate,3,impact magnitude /5,5,"Bolsters clusters: meta-cognitive, most cognitive lines, existential"
frontier-stacked-protocols,37,practice,The Honest Frontier — Stacked Daily Protocols,Emerging,3,impact magnitude /5,5,"Bolsters clusters: interoceptive, emotional, volitional (experimental)"
micro-saving,38,practice,Micro-Saving & Behavioral Momentum,Mixed,3,impact magnitude /5,5,"Bolsters clusters: financial, volitional, intrapersonal"
order-environment,39,practice,Order & Environment,Mixed,2,impact magnitude /5,4,"Bolsters clusters: volitional, intrapersonal, systemic"
grooming-selfcare,40,practice,Grooming & Self-Care,Emerging,2,impact magnitude /5,4,"Bolsters clusters: intrapersonal, seductive, interpersonal"
digital-minimalism,41,practice,Digital Minimalism & Attention,Moderate,3,impact magnitude /5,5,"Bolsters clusters: meta-cognitive, volitional, emotional, interpersonal"
grip-strength,42,practice,Grip & Muscular Strength,Strong,4,impact magnitude /5,4,"Bolsters clusters: bodily-kinesthetic, systemic (a whole-body vitality index)"
protein-muscle,43,practice,Protein & Muscle Preservation,Strong,4,impact magnitude /5,4,"Bolsters clusters: bodily-kinesthetic, systemic (aging independence)"
creatine,44,practice,Creatine,Strong,4,impact magnitude /5,4,"Bolsters clusters: bodily-kinesthetic, working memory (under stress)"
hiit,45,practice,HIIT & Interval Training,Strong,4,impact magnitude /5,4,"Bolsters clusters: interoceptive, systemic, most cognitive lines (via fitness)"
glucose-walking,46,practice,Glucose Regulation & Post-Meal Walking,Moderate,3,impact magnitude /5,4,"Bolsters clusters: interoceptive, systemic (metabolic)"
fiber,47,practice,Dietary Fiber,Strong,4,impact magnitude /5,4,"Bolsters clusters: systemic, interoceptive (gut–brain)"
ultra-processed,48,practice,Reducing Ultra-Processed Food,Moderate,4,impact magnitude /5,4,"Bolsters clusters: systemic, volitional (appetite control)"
vitamin-d,49,practice,Vitamin D & Sunlight,Mixed,2,impact magnitude /5,4,"Bolsters clusters: systemic (mostly a deficiency-correction, not a booster)"
hearing,50,practice,Hearing & Cognition,Strong,4,impact magnitude /5,4,"Bolsters clusters: auditory, interpersonal, meta-cognitive"
oral-health,51,practice,Oral & Periodontal Health,Moderate,3,impact magnitude /5,4,Bolsters clusters: systemic (vascular & inflammatory load)
air-quality,52,practice,Air Quality,Moderate,3,impact magnitude /5,4,Bolsters clusters: systemic (cerebrovascular protection)
vision,53,practice,Vision Correction,Moderate,4,impact magnitude /5,4,"Bolsters clusters: systemic, meta-cognitive (sensory input → engagement)"
blue-space,54,practice,Blue Space — Water & Wellbeing,Emerging,2,impact magnitude /5,4,"Bolsters clusters: emotional, interoceptive (restoration)"
pets,55,practice,Pets & Companion Animals,Mixed,3,impact magnitude /5,4,"Bolsters clusters: interpersonal, emotional, systemic"
caffeine,56,practice,Caffeine,Moderate,3,impact magnitude /5,4,"Bolsters clusters: alertness, adversarial/strategic (under fatigue) — traded vs sleep"
alcohol,57,practice,Alcohol Reduction,Strong,4,impact magnitude /5,4,"Bolsters clusters: most cognitive lines, systemic, emotional"
dance,58,practice,Dance,Moderate,3,impact magnitude /5,4,"Bolsters clusters: bodily-kinesthetic, spatial, memory, interpersonal"
tai-chi,59,practice,Tai Chi & Qigong,Strong,4,impact magnitude /5,4,"Bolsters clusters: bodily-kinesthetic, interoceptive, executive function"
walking-steps,60,practice,Walking & Daily Steps,Strong,4,impact magnitude /5,4,"Bolsters clusters: interoceptive, systemic, emotional"
sit-less,61,practice,Breaking Up Sitting,Moderate,3,impact magnitude /5,4,"Bolsters clusters: systemic, interoceptive (metabolic)"
singing,62,practice,Singing & Choir,Moderate,3,impact magnitude /5,4,"Bolsters clusters: musical, interpersonal, interoceptive (vagal)"
sexual-health,63,practice,Sexual Health & Longevity,Mixed,2,impact magnitude /5,3,"Bolsters clusters: seductive, interpersonal, systemic"
flow,64,practice,Flow States,Moderate,3,impact magnitude /5,4,"Bolsters clusters: volitional, meta-cognitive, most skill lines"
massage,65,practice,Massage & Bodywork,Mixed,3,impact magnitude /5,4,"Bolsters clusters: interoceptive, emotional (state anxiety)"
mindfulness,66,practice,Mindfulness & MBSR,Moderate,3,impact magnitude /5,4,"Bolsters clusters: meta-cognitive, emotional, interoceptive"
loving-kindness,67,practice,Loving-Kindness Meditation,Moderate,3,impact magnitude /5,4,"Bolsters clusters: emotional, interpersonal, existential"
self-compassion,68,practice,Self-Compassion,Moderate,4,impact magnitude /5,4,"Bolsters clusters: intrapersonal, emotional, volitional (resilience)"
reappraisal,69,practice,Reappraisal vs. Suppression,Strong,4,impact magnitude /5,4,"Bolsters clusters: emotional, interpersonal, intrapersonal"
forgiveness,70,practice,Forgiveness,Moderate,3,impact magnitude /5,4,"Bolsters clusters: emotional, interpersonal, moral, intrapersonal"
optimism,71,practice,Optimism & Explanatory Style,Moderate,3,impact magnitude /5,4,"Bolsters clusters: intrapersonal, volitional, existential"
savoring,72,practice,Savoring,Emerging,3,impact magnitude /5,3,"Bolsters clusters: emotional, intrapersonal, aesthetic"
nature-dose,73,practice,Nature Dose — 120 min/week,Moderate,3,impact magnitude /5,4,"Bolsters clusters: emotional, meta-cognitive (attention restoration)"
goal-setting,74,practice,Goal-Setting,Strong,3,impact magnitude /5,4,"Bolsters clusters: volitional, strategic, meta-cognitive"
habit-formation,75,practice,Habit Formation,Strong,4,impact magnitude /5,4,"Bolsters clusters: volitional, self-regulation (offloads willpower)"
index-investing,76,practice,Automated & Index Investing,Strong,4,impact magnitude /5,4,"Bolsters clusters: financial, volitional, strategic"
autonomy-control,77,practice,Autonomy & Job Control,Strong,4,impact magnitude /5,4,"Bolsters clusters: volitional, systemic, emotional"
time-affluence,78,practice,Time Affluence,Moderate,3,impact magnitude /5,4,"Bolsters clusters: intrapersonal, emotional, strategic"
sleep-regularity,79,practice,Sleep Regularity,Strong,4,impact magnitude /5,4,"Bolsters clusters: systemic, interoceptive (complements Section 14)"
laughter,80,practice,Laughter & Humor,Emerging,2,impact magnitude /5,4,"Bolsters clusters: humor, emotional, interpersonal"
learning-by-teaching,81,practice,Learning by Teaching,Strong,3,impact magnitude /5,4,"Bolsters clusters: linguistic, meta-cognitive, most skill lines"
emdr,82,practice,EMDR,Strong,4,impact magnitude /5,4,"Bolsters clusters: emotional regulation, trauma recovery"
hypnosis,83,practice,Clinical & Ericksonian Hypnosis,Moderate,3,impact magnitude /5,4,"Bolsters clusters: pain modulation, interoceptive, emotional"
cbt,84,practice,Cognitive Behavioral Therapy (CBT),Strong,5,impact magnitude /5,4,"Bolsters clusters: emotional, meta-cognitive, most mental-health lines"
behavioral-activation,85,practice,Behavioral Activation,Strong,4,impact magnitude /5,3,"Bolsters clusters: volitional, emotional (depression)"
act,86,practice,Acceptance & Commitment Therapy (ACT),Moderate,3,impact magnitude /5,3,"Bolsters clusters: emotional, intrapersonal, existential"
exposure,87,practice,Exposure Therapy,Strong,5,impact magnitude /5,3,"Bolsters clusters: emotional, volitional (anxiety/fear)"
dbt,88,practice,Dialectical Behavior Therapy (DBT) Skills,Strong,4,impact magnitude /5,3,"Bolsters clusters: emotional regulation, volitional, interpersonal"
motivational-interviewing,89,practice,Motivational Interviewing,Moderate,3,impact magnitude /5,3,"Bolsters clusters: volitional, interpersonal, emotional"
psychodynamic-ipt,90,practice,Psychodynamic & Interpersonal Therapy,Moderate,4,impact magnitude /5,4,"Bolsters clusters: intrapersonal, interpersonal, emotional"
group-therapy,91,practice,Support Groups & Group Therapy,Moderate,3,impact magnitude /5,3,"Bolsters clusters: interpersonal, emotional, existential"
nlp-verdict,92,practice,NLP — The Honest Verdict,Mixed,1,impact magnitude /5,3,The branded model is not empirically supported
nlp-metaprograms,93,practice,NLP Meta-Programs & Modality Matching,Mixed,1,impact magnitude /5,3,The 'match their VAK style' hypothesis fails controlled tests
rapport-mirroring,94,practice,"Rapport, Mirroring & Language Patterns",Moderate,3,impact magnitude /5,3,NLP scripts weak — but real mimicry & alliance are validated
self-affirmation,95,practice,Self-Affirmation,Strong,3,impact magnitude /5,2,"Bolsters clusters: intrapersonal, volitional, emotional"
self-talk,96,practice,Self-Talk,Moderate,3,impact magnitude /5,2,"Bolsters clusters: volitional, meta-cognitive, skill lines"
visualization,97,practice,Mental Imagery & Visualization,Moderate,3,impact magnitude /5,2,"Bolsters clusters: bodily-kinesthetic, skill acquisition"
woop,98,practice,Mental Contrasting (WOOP),Moderate,3,impact magnitude /5,2,"Bolsters clusters: volitional, strategic, meta-cognitive"
placebo,99,practice,Placebo & Expectancy Effects,Strong,4,impact magnitude /5,3,"Bolsters clusters: interoceptive, emotional (symptom modulation)"
biofeedback,100,practice,Biofeedback & Neurofeedback,Mixed,2,impact magnitude /5,2,"Bolsters clusters: interoceptive, self-regulation"
relaxation,101,practice,Progressive Relaxation & Autogenic Training,Moderate,3,impact magnitude /5,2,"Bolsters clusters: interoceptive, emotional (anxiety)"
teen-work-moderate,102,practice,Adolescent Work — Moderate Hours,Moderate,2,impact magnitude /5,2,"Bolsters clusters: volitional, street-smarts, financial (youth)"
work-intensity,103,practice,Work Intensity Threshold (>20 hrs),Strong,3,impact magnitude /5,2,"A limit, not a practice — keep teen work under the line"
chores,104,practice,Household Chores & Responsibility,Emerging,2,impact magnitude /5,2,"Bolsters clusters: volitional, intrapersonal (youth)"
youth-entrepreneurship,105,practice,Youth Entrepreneurship & Paper Routes,Emerging,2,impact magnitude /5,2,Honest gap — the childhood micro-venture is unstudied
early-employment,106,practice,Early Employment & Later Earnings,Moderate,3,impact magnitude /5,3,"Bolsters clusters: financial, volitional, street-smarts"
continuing-ed,107,practice,Adult Continuing Education (Non-Degree),Moderate,3,impact magnitude /5,2,"Bolsters clusters: meta-cognitive, existential, interpersonal"
apprenticeship,108,practice,Apprenticeship & Vocational Training,Strong,4,impact magnitude /5,2,"Bolsters clusters: financial, mechanical, street-smarts"
youth-mentoring,109,practice,Youth Mentoring Programs,Strong,3,impact magnitude /5,2,"Bolsters clusters: interpersonal, volitional, moral (youth)"
extracurriculars,110,practice,Extracurricular Participation,Moderate,2,impact magnitude /5,2,"Bolsters clusters: interpersonal, volitional (youth)"
dialogic-reading,111,practice,Shared Reading & Early Literacy,Strong,4,impact magnitude /5,2,"Bolsters clusters: linguistic, interpersonal (parent-child)"
rec-sports,112,practice,Community & Rec Sports Teams,Moderate,3,impact magnitude /5,2,"Bolsters clusters: interpersonal, bodily-kinesthetic, emotional"
social-clubs,113,practice,Social Clubs & Group Games (incl. Bingo),Moderate,3,impact magnitude /5,3,"Bolsters clusters: interpersonal, meta-cognitive, emotional"
marriage,114,practice,Marriage & Long-Term Partnership,Strong,4,impact magnitude /5,3,"Bolsters clusters: interpersonal, systemic, existential"
religious-attendance,115,practice,Religious Service Attendance,Strong,4,impact magnitude /5,3,"Bolsters clusters: existential, interpersonal, moral"
social-prescribing,116,practice,Social Prescribing,Emerging,2,impact magnitude /5,2,"Intuitive, widely adopted — but the evidence is thin"
kindness,117,practice,Prosocial Spending & Kindness,Moderate,3,impact magnitude /5,3,"Bolsters clusters: moral, emotional, interpersonal"
adult-mentoring,118,practice,Adult Mentoring,Moderate,3,impact magnitude /5,2,"Bolsters clusters: interpersonal, strategic, volitional"
befriending,119,practice,Befriending & Loneliness Interventions,Moderate,2,impact magnitude /5,2,"Bolsters clusters: interpersonal, emotional"
book-clubs,120,practice,Book Clubs & Interest Groups,Emerging,2,impact magnitude /5,2,"Bolsters clusters: linguistic, interpersonal, meta-cognitive"
intergenerational,121,practice,Intergenerational Programs,Moderate,3,impact magnitude /5,2,"Bolsters clusters: existential, interpersonal, meta-cognitive"
houseplants,122,practice,Houseplants,Emerging,2,impact magnitude /5,3,"Bolsters clusters: emotional, aesthetic, interoceptive"
gardening,123,practice,Gardening & Horticultural Therapy,Moderate,3,impact magnitude /5,2,"Bolsters clusters: emotional, bodily-kinesthetic, interoceptive"
talking-it-out,124,practice,The Pet Rock — Talking It Out,Moderate,3,impact magnitude /5,4,"Bolsters clusters: intrapersonal, emotional, self-regulation"
cooking,125,practice,Cooking at Home,Moderate,3,impact magnitude /5,2,"Bolsters clusters: systemic, volitional, bodily-kinesthetic"
handwriting,126,practice,Handwriting & Longhand Notes,Mixed,2,impact magnitude /5,2,"Bolsters clusters: meta-cognitive, linguistic, memory"
video-games,127,practice,Action Video Games,Moderate,3,impact magnitude /5,2,"Bolsters clusters: spatial, adversarial, attention"
brain-training,128,practice,Brain-Training Games — The Honest Verdict,Strong,1,impact magnitude /5,2,You get better at the games — and nothing else
chess,129,practice,Chess & Strategy Games,Mixed,2,impact magnitude /5,1,"Bolsters clusters: strategic, adversarial, pattern-recognition"
napping,130,practice,Napping,Strong,3,impact magnitude /5,2,"Bolsters clusters: interoceptive, memory, most cognitive lines"
weighted-blankets,131,practice,Weighted Blankets,Emerging,2,impact magnitude /5,2,"Bolsters clusters: interoceptive, emotional (anxiety/sleep)"
gestalt,132,practice,Gestalt Therapy & Empty-Chair Work,Moderate,4,impact magnitude /5,3,"Bolsters clusters: emotional regulation, intrapersonal insight"
eft,133,practice,Emotion-Focused Therapy (EFT),Strong,4,impact magnitude /5,3,"Bolsters clusters: emotional, interpersonal, intrapersonal"
self-expansion,134,practice,Couples' Novel & Arousing Activities,Strong,4,impact magnitude /5,3,"Bolsters clusters: interpersonal, seductive, emotional"
double-dates,135,practice,Couple Friendships & Double Dates,Moderate,3,impact magnitude /5,3,"Bolsters clusters: interpersonal, emotional"
parenting-development,136,practice,Parenting Activities for Child Development,Strong,4,impact magnitude /5,3,"Bolsters clusters: linguistic, meta-cognitive, interpersonal (child)"
child-mobility,137,practice,Child Independent Mobility,Moderate,3,impact magnitude /5,3,"Bolsters clusters: spatial, bodily-kinesthetic, autonomy (child)"
free-play,138,practice,Free & Risky Play,Moderate,3,impact magnitude /5,3,"Bolsters clusters: bodily-kinesthetic, emotional resilience, autonomy (child)"
youth-team-sports,139,practice,Youth Team Sports,Moderate,3,impact magnitude /5,3,"Bolsters clusters: bodily-kinesthetic, interpersonal, executive function (child)"
golf,140,practice,Golf,Moderate,3,impact magnitude /5,3,"Bolsters clusters: bodily-kinesthetic, strategic, systemic, interpersonal"
divorce,141,cost,Divorce — Adult Health & Mortality,Strong,4,harm severity /5,2,"Degrades: survival, mood, health behaviors, support network"
custody-conflict,142,cost,High-Conflict Custody Battles,Moderate,3,harm severity /5,2,"Degrades: child adjustment, parent wellbeing, finances, co-parenting"
children-of-divorce,143,cost,Parental Divorce — Effect on Children,Strong,3,harm severity /5,2,"Degrades: academics, conduct, self-concept, later relationship stability"
infidelity,144,cost,Infidelity / Betrayal Trauma,Moderate,3,harm severity /5,2,"Degrades: mood, trust & attachment, self-worth, sleep"
widowhood,145,cost,Spousal Bereavement / Widowhood,Strong,4,harm severity /5,2,"Degrades: survival, cardiovascular & immune function, mood, self-care"
death-of-child,146,cost,Death of a Child,Strong,5,harm severity /5,2,"Degrades: mood, physical health, marital stability, survival"
death-of-parent,147,cost,Death of a Parent in Adulthood,Moderate,2,harm severity /5,2,"Degrades: mood, life satisfaction, grief functioning"
caregiver-dementia,148,cost,Dementia Caregiving Strain,Strong,4,harm severity /5,2,"Degrades: mood, immune & cardiovascular health, sleep, survival"
loneliness,149,cost,Chronic Loneliness,Strong,4,harm severity /5,2,"Degrades: survival, mood, executive function, memory, cardiovascular"
social-isolation,150,cost,Social Isolation,Strong,4,harm severity /5,2,"Degrades: survival, global cognition, cardiovascular health, care access"
chemo-brain,151,cost,"Cancer & ""Chemo Brain"" (CRCI)",Strong,3,harm severity /5,2,"Degrades: working memory, processing speed, attention, executive function"
illness-depression,152,cost,Chronic Illness + Comorbid Depression,Strong,4,harm severity /5,1,"Degrades: mood, motivation, energy, self-care adherence"
chronic-pain,153,cost,Chronic Pain — Cognition & Gray Matter,Moderate,3,harm severity /5,2,"Degrades: attention, executive function, working memory, gray matter"
allostatic-load,154,cost,Chronic Stress / Allostatic Load,Moderate,3,harm severity /5,2,"Degrades: hippocampal structure, memory, emotional regulation, telomeres"
sleep-deprivation,155,cost,Sleep Deprivation — Cognition & Emotion,Strong,3,harm severity /5,2,"Degrades: attention, working memory, learning, executive & emotional control"
obesity-cognition,156,cost,Obesity — Cognition & Brain Structure,Moderate,3,harm severity /5,2,"Degrades: executive function, memory, attention, gray matter"
smoking,157,cost,Smoking — Cognitive Decline & Dementia,Strong,4,harm severity /5,1,"Degrades: global cognition, memory, processing speed, gray matter"
alcohol-brain,158,cost,Alcohol — Brain Damage & Cognition,Strong,4,harm severity /5,2,"Degrades: hippocampal volume, executive function, fluid intelligence"
inactivity,159,cost,Physical Inactivity / Sedentary Behavior,Strong,4,harm severity /5,2,"Degrades: cardiovascular & metabolic health, life expectancy, cognition"
sarcopenia,160,cost,Sarcopenia — Age-Related Muscle Loss,Strong,4,harm severity /5,1,"Degrades: strength, gait speed, physical function, independence"
depression-hippocampus,161,cost,Depression — Hippocampal Volume Loss,Strong,4,harm severity /5,2,"Degrades: recollection memory, learning, stress regulation"
chronic-anxiety,162,cost,Chronic Anxiety — Cognition & Cardiac Risk,Strong,4,harm severity /5,2,"Degrades: executive function, attention, cardiovascular health"
rumination,163,cost,Rumination — Deepens Depression,Strong,4,harm severity /5,2,"Degrades: problem-solving, motivated action, social support, stress recovery"
hostility,164,cost,Chronic Hostility / Anger — CVD,Strong,4,harm severity /5,1,"Degrades: cardiovascular health, disease prognosis, longevity"
ptsd,165,cost,Trauma / PTSD — Brain & Function,Strong,5,harm severity /5,2,"Degrades: fear inhibition, contextual memory, prefrontal control"
perfectionism,166,cost,"Perfectionism — Burnout, Depression, Suicide Risk",Strong,4,harm severity /5,2,"Degrades: resilience, self-worth, stress tolerance, help-seeking"
self-criticism-shame,167,cost,Chronic Self-Criticism / Shame,Strong,4,harm severity /5,2,"Degrades: self-compassion, mood, self-worth, connection"
unforgiveness,168,cost,Unforgiveness / Grudge-Holding,Moderate,3,harm severity /5,2,"Degrades: blood-pressure regulation, autonomic recovery, relationships"
learned-helplessness,169,cost,Learned Helplessness / Pessimistic Style,Strong,4,harm severity /5,2,"Degrades: agency, motivation, mood, long-run physical health"
chronic-worry,170,cost,Chronic Worry / Generalized Anxiety,Moderate,4,harm severity /5,2,"Degrades: quality of life, work & social function, sleep"
doomscrolling,171,cost,Problematic Social Media / Doomscrolling,Mixed,2,harm severity /5,2,"Degrades: mood, attention, sleep, self-esteem — effect size contested"
night-phone,172,cost,Late-Night Smartphone / Sleep Displacement,Moderate,2,harm severity /5,1,"Degrades: sleep, next-day self-regulation, work engagement"
procrastination,173,cost,Procrastination,Moderate,3,harm severity /5,2,"Degrades: performance, physical health, stress regulation"
financial-scarcity,174,cost,Financial Scarcity / Debt Stress,Strong,4,harm severity /5,2,"Degrades: working memory, decision quality, mood, cardiovascular"
unemployment,175,cost,Unemployment / Job Loss,Strong,5,harm severity /5,2,"Degrades: mental health, self-esteem, physical health, life expectancy"
aimless-retirement,176,cost,Retirement Without Purpose / Role Loss,Mixed,3,harm severity /5,2,"Degrades: cognition, sense of purpose, longevity — evidence mixed"
burnout,177,cost,Job Burnout / Workaholism,Moderate,4,harm severity /5,1,"Degrades: cardiometabolic health, sleep, mood, work function"
gambling-disorder,178,cost,Gambling Disorder,Strong,5,harm severity /5,2,"Degrades: finances, mental health, family stability, survival"
media-multitasking,179,cost,Chronic Media Multitasking,Mixed,2,harm severity /5,2,"Degrades: attentional filtering, working memory, task-switching"
sleep-debt-shift,180,cost,Sleep Debt / Social Jetlag / Shift Work,Moderate,4,harm severity /5,2,"Degrades: attention, metabolic regulation, circadian health"
aces,181,cost,Adverse Childhood Experiences (ACEs),Strong,5,harm severity /5,2,"Degrades: lifelong physical & mental health, emotion regulation, longevity"
discrimination,182,cost,Chronic Discrimination / Racism,Strong,4,harm severity /5,2,"Degrades: mental health, physical health, immune & cardiovascular regulation"
child-poverty,183,cost,Childhood Poverty / Low SES — Brain Development,Strong,4,harm severity /5,2,"Degrades: executive function, attention, language, memory, achievement"
incarceration,184,cost,Incarceration,Moderate,4,harm severity /5,2,"Degrades: mental & physical health, family stability, child wellbeing"
empty-nest,185,cost,Empty Nest / Major Role Transition,Mixed,2,harm severity /5,2,Often neutral-to-positive — harm concentrated in vulnerable subgroups
food-insecurity,186,cost,Food Insecurity,Moderate,3,harm severity /5,2,"Degrades: child mental & physical health, maternal mental health"
eviction,187,cost,Housing Instability / Eviction,Moderate,4,harm severity /5,2,"Degrades: mental health, physical health, child development, security"
neighborhood-violence,188,cost,Neighborhood Violence / Chronic Threat,Strong,4,harm severity /5,2,"Degrades: attention, impulse control, verbal/reading, stress physiology"
early-screen-time,189,cost,Excessive Early-Childhood Screen Use,Moderate,3,harm severity /5,2,"Degrades: language, attention, motor/problem-solving, sleep"
caregiver-burden,190,cost,Chronic Caregiver Burden (Non-Dementia),Moderate,3,harm severity /5,2,Morbidity real; the classic mortality claim is overturned
sign-language,191,practice,Learning Sign Language (ASL),Moderate,2,impact magnitude /5,2,"Bolsters clusters: visuospatial, mental rotation, second-language"
ai-therapist,192,practice,AI Chatbots as Therapist / Mental-Health Support,Moderate,2,impact magnitude /5,2,"Bolsters clusters: mood management, CBT skill practice, accessibility"
ai-companion,193,practice,AI Companionship / Relationship With a Chatbot,Mixed,2,impact magnitude /5,2,Bolsters clusters: loneliness relief — but double-edged (dependency risk)
ai-coach,194,practice,AI as Coach / Co-Creator / Cognitive Augmentation,Moderate,3,impact magnitude /5,2,"Bolsters clusters: skill acquisition, problem-solving, scaffolded reasoning"
self-disclosure-ai,195,practice,Self-Disclosure to an AI / Journaling via Chatbot,Moderate,2,impact magnitude /5,2,"Bolsters clusters: emotional processing, stress reduction, insight"
ai-personalization,196,practice,Feeding an AI Your Personal History for Personalization,Emerging,2,impact magnitude /5,2,"Bolsters clusters: tailored guidance, self-monitoring, behavior change"
car-detailing,197,practice,Car Cleaning / Detailing / Ordered Environment,Emerging,2,impact magnitude /5,2,"Bolsters clusters: environmental mastery, stress recovery — inferred only"
engagement,198,practice,Getting Engaged / Commitment Transition,Moderate,2,impact magnitude /5,2,"Bolsters clusters: relationship commitment, stability, security"
freediving,199,practice,Voluntary Breath-Hold / Freediving Training,Emerging,2,impact magnitude /5,2,"Bolsters clusters: cardiovascular tolerance, autonomic regulation, CO2 tolerance"
backwards-walking,200,practice,Backwards / Retro Walking,Moderate,3,impact magnitude /5,2,"Bolsters clusters: cardiovascular fitness, knee rehab, balance/proprioception"
vestibular-spin,201,practice,Spinning / Vestibular Stimulation,Mixed,1,impact magnitude /5,2,Bolsters clusters: vestibular/balance — the viral 'denser brain' claim is unverified
speed-dating,202,practice,Speed Dating & Mate Choice,Moderate,2,impact magnitude /5,2,"Bolsters clusters: social exposure, mate-selection insight"
online-dating,203,practice,Online Dating Outcomes & Wellbeing,Moderate,2,impact magnitude /5,2,Bolsters clusters: partner access — but 'matching algorithms' are unsupported
approaching-strangers,204,practice,Approaching Strangers / Initiating Conversation,Strong,3,impact magnitude /5,2,"Bolsters clusters: social confidence, wellbeing, belonging"
matchmaking,205,practice,Matchmaking & Social-Network Approval,Moderate,2,impact magnitude /5,2,"Bolsters clusters: relationship stability, social support, network embedding"
arranged-courtship,206,practice,Family Involvement in Courtship / Arranged Marriage,Mixed,2,impact magnitude /5,2,Mixed & culture-bound — no consistent global winner
adult-instrument,207,practice,Learning an Instrument as an Adult,Moderate,3,impact magnitude /5,2,"Bolsters clusters: executive function, working memory, mood, social connection"
love-letters,208,practice,Writing Love Letters / Affectionate Writing,Moderate,2,impact magnitude /5,2,"Bolsters clusters: stress physiology, relationship closeness, positive affect"
hunting,209,practice,Recreational Hunting & Nature Connection,Emerging,2,impact magnitude /5,2,"Bolsters clusters: nature connectedness, agency/self-provisioning, social bonding"
dog-ownership,210,practice,Dog Ownership & Adoption,Moderate,3,impact magnitude /5,2,"Bolsters clusters: physical activity, cardiovascular regulation, companionship"
pet-bereavement,211,practice,Pet Caregiving & Bereavement (the owner),Moderate,2,impact magnitude /5,2,"Bolsters clusters: grief processing, meaning-making, continuing bonds"
aquariums,212,practice,Aquariums / Fishkeeping,Moderate,2,impact magnitude /5,2,"Bolsters clusters: acute relaxation, attention restoration, anxiety down-regulation"
bowling,213,practice,League / Social Bowling,Emerging,2,impact magnitude /5,2,"Bolsters clusters: social capital, belonging, light activity — bowling-specific evidence thin"
batting-cage,214,practice,Batting Cage / Recreational Hitting,Emerging,2,impact magnitude /5,2,"Bolsters clusters: acute mood, stress discharge, motor-skill, flow — adjacent evidence only"
sport-shooting,215,practice,Target / Sport Shooting,Emerging,2,impact magnitude /5,2,"Bolsters clusters: selective attention, arousal regulation (HRV), stress control"
board-games,216,practice,Board / Tabletop Games With Friends,Moderate,2,impact magnitude /5,2,"Bolsters clusters: executive function, memory, cognitive reserve, social connectedness"
social-dance,217,practice,Adult Social Dance Classes,Moderate,3,impact magnitude /5,2,"Bolsters clusters: balance, sensorimotor & reaction time, executive function, mood"
golf-range,218,practice,Golf Driving Range / Precision Practice,Emerging,2,impact magnitude /5,2,"Bolsters clusters: motor learning, focused attention/flow, light activity"
bouldering,219,practice,Bouldering / Rock Climbing for Depression,Moderate,4,impact magnitude /5,2,"Bolsters clusters: self-efficacy, anxiety reduction, behavioral activation"
surf-therapy,220,practice,Surf Therapy / Ocean Therapy,Emerging,3,impact magnitude /5,2,"Bolsters clusters: positive affect, PTSD/depression relief, resilience"
equine-therapy,221,practice,Horseback Riding / Equine-Assisted Therapy,Mixed,2,impact magnitude /5,2,Claimed benefits not robustly established — the weakest entry
running-therapy,222,practice,Trail / Distance Running & Depression,Moderate,4,impact magnitude /5,2,"Bolsters clusters: depression/anxiety remission, cardiometabolic health, community"
rucking,223,practice,Rucking / Weighted Walking,Emerging,2,impact magnitude /5,2,"Bolsters clusters: aerobic fitness, lower-limb strength — bone-density claim NOT supported"
jump-rope,224,practice,Jump Rope / Skipping,Moderate,3,impact magnitude /5,2,"Bolsters clusters: cardiorespiratory fitness, motor coordination, bone loading"
stair-climbing,225,practice,Stair Climbing & Fitness,Moderate,3,impact magnitude /5,2,"Bolsters clusters: cardiorespiratory fitness, blood pressure, lipids"
pilates,226,practice,Pilates & Core / Back Pain,Moderate,3,impact magnitude /5,2,"Bolsters clusters: low-back-pain relief, core strength, balance"
stretching,227,practice,Stretching / Flexibility / Mobility,Mixed,2,impact magnitude /5,2,Solid for range of motion — over-claimed for injury prevention & recovery
slacklining,228,practice,Slacklining / Balance Training,Emerging,2,impact magnitude /5,2,"Bolsters clusters: postural control, proprioception, fall-risk reduction"
interleaved-practice,229,practice,Interleaved Practice (vs Blocked),Strong,4,impact magnitude /5,2,"Bolsters clusters: category learning, procedural fluency, durable retention"
second-language-adult,230,practice,Learning a Second Language as an Adult,Moderate,3,impact magnitude /5,2,"Bolsters clusters: attentional switching, executive control, cognitive reserve"
crossword-puzzles,231,practice,Crossword & Number Puzzles,Moderate,2,impact magnitude /5,2,"Bolsters clusters: verbal/working memory, cognitive reserve — the far-transfer trap"
morning-pages,232,practice,Journaling — 'Morning Pages' / Free-Writing,Emerging,2,impact magnitude /5,2,Named protocol has no direct evidence — adjacent expressive-writing is modest
touch-typing,233,practice,Learning to Touch-Type / Skill Automation,Emerging,2,impact magnitude /5,2,Real payoff is practical automation — no cognitive far-transfer
sleep-tracking,234,practice,Sleep-Tracking / Self-Monitoring,Mixed,3,impact magnitude /5,2,Behavior-monitoring helps; passive sleep-score fixation can backfire
time-blocking,235,practice,Time-Blocking / Calendar Scheduling,Moderate,3,impact magnitude /5,2,"Mechanism-supported (implementation intentions), method itself unstudied"
qigong,236,practice,Qigong for Immune / Inflammation,Moderate,3,impact magnitude /5,2,"Bolsters clusters: inflammation (CRP), cancer fatigue, mood, quality of life"
laughter-yoga,237,practice,Laughter Yoga,Emerging,2,impact magnitude /5,2,"Bolsters clusters: mood, anxiety, stress — promising but low-quality evidence"
awe-walks,238,practice,Awe Walks,Moderate,3,impact magnitude /5,2,"Bolsters clusters: prosocial positive emotion, reduced distress, 'small self'"
cold-showers,239,practice,Cold Showers,Mixed,2,impact magnitude /5,2,"Bolsters clusters: alertness, mood, cold tolerance — mental-health claims untested"
wim-hof,240,practice,Wim Hof Method (Breathing + Cold),Emerging,2,impact magnitude /5,2,"Bolsters clusters: stress physiology, acute inflammation, breathwork"
humming-chanting,241,practice,Humming / Chanting / 'Om',Emerging,2,impact magnitude /5,2,"Bolsters clusters: breathwork, relaxation, sinus/nasal health"
chewing-gum,242,practice,Chewing Gum & Alertness,Mixed,1,impact magnitude /5,2,"Bolsters clusters: alertness, attention — small, fragile, timing-dependent"
juggling,243,practice,Learning to Juggle & Brain Plasticity,Strong,3,impact magnitude /5,2,"Bolsters clusters: neuroplasticity, motor learning, skill acquisition"
memory-palace,244,practice,Memory Palace / Method of Loci,Strong,4,impact magnitude /5,2,"Bolsters clusters: memory, learning, study technique, spatial cognition"
doodling,245,practice,Doodling & Attention/Memory,Emerging,2,impact magnitude /5,1,"Bolsters clusters: attention, incidental memory — rests on one study"
adult-coloring,246,practice,Adult / Mandala Coloring & Anxiety,Mixed,2,impact magnitude /5,2,"Bolsters clusters: acute anxiety relief, relaxation, flow"
speed-reading,247,practice,Speed Reading — Honest Debunk,Mixed,1,impact magnitude /5,1,The 'read very fast with full comprehension' claim is contradicted by reading science
grounding-earthing,248,practice,Barefoot / 'Grounding' / Earthing — Honest Skeptic,Mixed,1,impact magnitude /5,2,Biologically speculative; evidence dominated by conflicted authors
family-dinners,249,practice,Family Dinners / Eating Meals Together,Moderate,2,impact magnitude /5,2,"Bolsters clusters: connection, family cohesion, adolescent resilience, routine"
commensality,250,practice,Hosting / Commensality / Shared Meals,Moderate,2,impact magnitude /5,2,"Bolsters clusters: connection, trust, cooperation, community"
meditation-retreat,251,practice,Silent Meditation Retreats / Vipassana,Moderate,3,impact magnitude /5,2,"Bolsters clusters: contemplative practice, stress reduction, emotion regulation"
pilgrimage,252,practice,Pilgrimage / Long-Distance Walking (Camino),Emerging,3,impact magnitude /5,2,"Bolsters clusters: meaning, awe, nature, community — bundles well-evidenced mechanisms"
gratitude-visit,253,practice,Expressing Gratitude Directly (Gratitude Visit),Strong,4,impact magnitude /5,2,"Bolsters clusters: gratitude, connection, relationship repair, positive affect"
complimenting,254,practice,Acts of Connection — Complimenting Strangers,Strong,2,impact magnitude /5,2,"Bolsters clusters: connection, prosociality, overcoming social hesitancy"
ensemble-belonging,255,practice,Community / Instrumental Ensemble Belonging,Moderate,3,impact magnitude /5,2,"Bolsters clusters: belonging, community, identity, coordination"
digital-sabbath,256,practice,Digital Sabbath / Screen-Free Day,Mixed,2,impact magnitude /5,2,"Bolsters clusters: attention restoration, presence — thin as a named practice"
three-good-things,257,practice,'Three Good Things' / 'Best Possible Self' Journaling,Strong,2,impact magnitude /5,2,"Bolsters clusters: gratitude/savoring, optimism, positive affect"
tidy-home,258,practice,Clean / Tidy Whole Home,Moderate,2,impact magnitude /5,2,"Bolsters clusters: stress/wellbeing, home environment, restfulness"
workspace-org,259,practice,Workspace / Office Organization,Moderate,2,impact magnitude /5,2,"Bolsters clusters: focus, cognitive load — office-productivity gains are an extrapolation"
digital-declutter,260,practice,Digital Decluttering / Email Overload,Strong,3,impact magnitude /5,2,"Bolsters clusters: focus, stress reduction — batch and limit, don't abolish"
photo-hoarding,261,practice,Photo Organization / Digital Hoarding,Emerging,1,impact magnitude /5,2,Behavior is measured; wellbeing benefit of organizing is untested
vision-boards,262,practice,Vision Boards / Positive Visualization,Mixed,2,impact magnitude /5,2,The backfire finding: naive positive fantasy REDUCES effort and success
dream-journaling,263,practice,Dream Journaling & Working With Dreams,Emerging,2,impact magnitude /5,2,Therapist-led dream work is evidenced; solo journaling is thin
future-self-letters,264,practice,Letters From Your Future Self / Future-Self Continuity,Moderate,3,impact magnitude /5,2,"Bolsters clusters: saving, reduced procrastination, forward-looking behavior"
cursive-handwriting,265,practice,Cursive vs. Print Handwriting & Cognition,Mixed,1,impact magnitude /5,2,Handwriting > typing has support; cursive > print does not
art-making,266,practice,Art-Making / Drawing / Painting,Moderate,3,impact magnitude /5,2,"Bolsters clusters: acute stress reduction, mood regulation, flow"
photography-hobby,267,practice,Photography as a Hobby / Savoring,Emerging,2,impact magnitude /5,2,"Bolsters clusters: savoring, positive affect — hobby-specific evidence is thin"
poetry-therapy,268,practice,Creative/Expressive Writing & Poetry Therapy,Emerging,2,impact magnitude /5,2,"Bolsters clusters: emotional processing, meaning-making, symptom relief"
improv-theater,269,practice,Improv Comedy / Theater Classes,Moderate,3,impact magnitude /5,2,"Bolsters clusters: social anxiety relief, uncertainty tolerance, spontaneity"
public-speaking,270,practice,Public Speaking / Toastmasters,Moderate,3,impact magnitude /5,2,"Bolsters clusters: communication self-efficacy, speech-anxiety reduction"
pottery,271,practice,Pottery / Ceramics / Clay Work,Moderate,3,impact magnitude /5,2,"Bolsters clusters: emotional regulation, tactile grounding, flow"
knitting,272,practice,Knitting / Crochet,Emerging,2,impact magnitude /5,2,"Bolsters clusters: relaxation, positive mood, social connection — correlational"
mens-sheds,273,practice,Woodworking / 'Men's Sheds',Emerging,3,impact magnitude /5,2,"Bolsters clusters: social connection, meaningful occupation, purpose"
singing-lessons,274,practice,Singing Lessons / Solo Voice,Emerging,2,impact magnitude /5,2,"Bolsters clusters: self-efficacy, positive mood — solo-specific evidence is thin"
birdwatching,275,practice,Birdwatching / Nature Observation,Moderate,3,impact magnitude /5,2,"Bolsters clusters: stress/anxiety/depression reduction, nature connectedness"
twelve-step,276,practice,Twelve-Step Programs / AA,Strong,4,impact magnitude /5,2,"Bolsters clusters: abstinence self-efficacy, recovery network, craving regulation"
making-amends,277,practice,Making Amends / Seeking Forgiveness,Moderate,3,impact magnitude /5,2,"Bolsters clusters: relational repair, guilt discharge, accountability"
mirror-meditation,278,practice,Mirror Meditation,Emerging,2,impact magnitude /5,2,"Bolsters clusters: self-compassion, stress down-regulation — preliminary evidence"
mirror-self-talk,279,practice,Mirror Self-Talk,Emerging,2,impact magnitude /5,2,Adjacent mechanisms support it — the mirror component itself is untested
self-forgiveness,280,practice,Self-Forgiveness,Moderate,3,impact magnitude /5,2,"Bolsters clusters: guilt/shame regulation, depressive-affect reduction, re-engagement"
forgiveness-intervention,281,practice,Granting / Receiving Forgiveness (Structured),Strong,4,impact magnitude /5,2,"Bolsters clusters: unforgiveness reduction, autonomic calming, anxiety/depression relief"
sponsorship,282,practice,Sponsorship / Peer Recovery Support,Moderate,3,impact magnitude /5,2,"Bolsters clusters: early-recovery abstinence, engagement, help-giving identity"
confession-disclosure,283,practice,Confession / Disclosure of Wrongdoing,Moderate,2,impact magnitude /5,2,"Bolsters clusters: reduced rumination, shame relief, cognitive offloading"
ritual-apology,284,practice,Ritual / Symbolic Apology & Reconciliation,Moderate,3,impact magnitude /5,2,"Bolsters clusters: trust repair, sincerity signaling, restitution"
amends-letters,285,practice,Amends Letters / Accountability Writing,Moderate,2,impact magnitude /5,2,"Bolsters clusters: guilt processing, rumination reduction, perspective-taking"
wk-childhood-selfcontrol,286,weakness,Low Childhood Self-Control → Life-Wide Derailment,Strong,9,threat /10,1,"Degrades: health, finances, freedom, parenting stability"
wk-adult-selfcontrol,287,weakness,Low Adult Trait Self-Control → Chronic Underachievement,Strong,8,threat /10,2,"Degrades: achievement, diet & sobriety, savings, relationships"
wk-conscientiousness,288,weakness,Low Conscientiousness → Early Death via Risk Behaviors,Strong,8,threat /10,1,"Degrades: longevity, cardiovascular health, sobriety, driving & sexual safety"
wk-discounting-addiction,289,weakness,Steep Delay Discounting → Addiction,Strong,9,threat /10,1,"Degrades: sobriety, finances, health, freedom, family stability"
wk-discounting-obesity,290,weakness,Steep Delay Discounting → Obesity,Moderate,6,threat /10,1,"Degrades: metabolic health, diet adherence, self-efficacy, longevity"
wk-present-bias-debt,291,weakness,Present Bias → Debt & Financial Ruin,Emerging,6,threat /10,1,"Degrades: net worth, credit access, housing stability, mental health"
wk-emotion-regulation,292,weakness,Maladaptive Emotion Regulation → Psychopathology,Strong,8,threat /10,1,"Degrades: mental health, mood stability, sleep, relationships, work capacity"
wk-dysregulation-nssi,293,weakness,Emotion Dysregulation → Self-Injury,Moderate,7,threat /10,1,"Degrades: physical safety, survival, mental health, self-image"
wk-distress-tolerance,294,weakness,Low Distress Tolerance → Treatment Dropout & Relapse,Moderate,7,threat /10,1,"Degrades: sobriety/recovery, treatment completion, employment"
wk-emotionreg-relationship,295,weakness,Poor Emotion Regulation in Conflict → Relationship Decline,Moderate,5,threat /10,1,"Degrades: marriage stability, social support, health, co-parenting"
wk-alexithymia,296,weakness,Alexithymia / Poor Interoception → Somatization,Moderate,5,threat /10,1,"Degrades: health-signal reading, emotion regulation, help-seeking"
wk-dunning-kruger,297,weakness,The Competence-Blindness Trap (Dunning-Kruger),Moderate,7,threat /10,2,"Degrades: error-correction, help-seeking, skill acquisition, coachability"
wk-planning-fallacy,298,weakness,The Planning Fallacy → Schedule & Budget Collapse,Strong,6,threat /10,1,"Degrades: deadlines, budgets, runway/cash, dependency chains, credibility"
wk-megaproject,299,weakness,Megaproject Collapse (No Outside View),Strong,8,threat /10,1,"Degrades: capital allocation, public trust, feasibility judgment, forecast integrity"
wk-low-crt,300,weakness,Lazy Reasoning → Scam & Misinformation Susceptibility,Strong,7,threat /10,2,"Degrades: fraud resistance, information hygiene, financial decisions"
wk-myside-bias,301,weakness,Myside Bias / Low Open-Minded Thinking → Belief-Driven Failure,Moderate,6,threat /10,1,"Degrades: evidence evaluation, belief updating, calibration, forecasting"
wk-stock-flow,302,weakness,Stock-Flow Blindness → Systems-Level Collapse,Strong,8,threat /10,2,"Degrades: policy design, resource management, side-effect anticipation"
wk-overconfidence-forecast,303,weakness,Expert Overconfidence / Poor Calibration → Strategic Misjudgment,Strong,8,threat /10,2,"Degrades: strategy, risk assessment, capital & geopolitical decisions"
wk-numeracy-medical,304,weakness,Numeracy Deficits → Medical & Financial Misjudgment,Strong,8,threat /10,1,"Degrades: medical decisions, medication adherence, insurance choices"
wk-escalation,305,weakness,Escalation of Commitment → Throwing Good Money After Bad,Strong,7,threat /10,1,"Degrades: capital discipline, exit decisions, learning from failure"
wk-premature-closure,306,weakness,Premature Closure → Diagnostic Error,Moderate,9,threat /10,1,"Degrades: diagnostic accuracy, differential reasoning, patient safety"
wk-exec-derailment,307,weakness,Executive Derailment (Interpersonal Insensitivity),Strong,8,threat /10,2,"Degrades: promotion trajectory, team cohesion, peer/sponsor trust"
wk-dark-triad,308,weakness,Dark-Triad Traits → Counterproductive Work Behavior,Strong,6,threat /10,1,"Degrades: team trust, ethical climate, coworker retention, own standing"
wk-abusive-supervision,309,weakness,Abusive / Toxic Supervision → Team Collapse,Strong,7,threat /10,2,"Degrades: retention, psychological safety, discretionary effort, unit performance"
wk-narcissistic-ceo,310,weakness,Narcissistic CEO → Fraud & Firm Risk,Moderate,9,threat /10,2,"Degrades: reporting integrity, shareholder value, strategic stability, jobs"
wk-moral-disengagement,311,weakness,Moral Disengagement → Misconduct & Ethical Downfall,Strong,7,threat /10,2,"Degrades: integrity/reputation, ethical climate, compliance, legal standing"
wk-contempt-divorce,312,weakness,Contempt in Conflict → Marital Dissolution,Moderate,8,threat /10,2,"Degrades: marriage stability, co-parenting, financial security, health"
wk-empathic-accuracy,313,weakness,Low Empathic Accuracy → Relationship Dissatisfaction,Mixed,4,threat /10,2,"A deliberately honest, thin cluster — accuracy is not linearly good"
wk-political-skill,314,weakness,Weak Political / Social Skill → Career Plateau,Moderate,5,threat /10,1,"Degrades: promotion rate, salary growth, reputation, sponsorship"
wk-low-ei,315,weakness,Low Emotional Intelligence → Lower Job Performance,Moderate,5,threat /10,1,"Degrades: client/service performance, teamwork, conflict handling"
wk-social-isolation,316,weakness,Poor Social Skill → Isolation → Early Mortality,Strong,10,threat /10,2,"Degrades: mental & physical health, employment, support network, self-worth"
wk-grit-deficit,317,weakness,Grit / Perseverance Deficit → Attrition & Dropout,Mixed,5,threat /10,2,"Degrades: program completion, deliberate practice, multi-year follow-through"
wk-low-self-efficacy,318,weakness,Low Self-Efficacy → Avoidance & Goal Abandonment,Strong,6,threat /10,2,"Degrades: task initiation, effort, persistence, willingness to attempt"
wk-fixed-mindset,319,weakness,Fixed Mindset → Giving Up After Setbacks,Mixed,3,threat /10,2,"Degrades: persistence after failure, challenge-seeking, response to feedback"
wk-low-purpose,320,weakness,Low Purpose / Meaning → Higher Mortality,Strong,7,threat /10,2,"Degrades: life expectancy, health-behavior maintenance, stress resilience"
wk-pessimistic-style,321,weakness,Pessimistic Explanatory Style → Depression Onset,Strong,8,threat /10,1,"Degrades: mood, motivation, goal pursuit, recovery after failure, self-worth"
wk-self-concept-clarity,322,weakness,Poor Self-Concept Clarity → Instability & Poor Decisions,Moderate,6,threat /10,1,"Degrades: decision consistency, resistance to pressure, self-esteem stability"
wk-low-resilience,323,weakness,Low Resilience → Chronic PTSD After Trauma,Strong,9,threat /10,2,"Degrades: post-trauma functioning, role capacity, relationships, health"
wk-identity-diffusion,324,weakness,Identity Foreclosure / Diffusion → Life-Course Maladjustment,Moderate,5,threat /10,1,"Degrades: autonomy, well-being, commitment durability, coherent direction"
wk-financial-literacy,325,weakness,Low Financial Literacy → Retirement Under-Saving,Strong,8,threat /10,2,"Degrades: retirement security, wealth, market participation, resilience"
wk-debt-literacy,326,weakness,Low Debt Literacy → High-Cost Borrowing,Strong,7,threat /10,1,"Degrades: net worth, credit score, cash flow, bankruptcy risk"
wk-numeracy-mortgage,327,weakness,Numeracy Deficit → Mortgage Delinquency & Foreclosure,Strong,8,threat /10,1,"Degrades: home retention, credit access, household wealth, stability"
wk-trader-overconfidence,328,weakness,Investor Overconfidence → Self-Inflicted Wealth Destruction,Strong,7,threat /10,2,"Degrades: returns, retirement savings, capital preservation"
wk-entrepreneurial-hubris,329,weakness,Entrepreneurial Hubris → Venture Under-Resourcing,Moderate,8,threat /10,1,"Degrades: venture solvency, capital adequacy, personal finances"
wk-pmf-failure,330,weakness,Execution / Product-Market-Fit Failure → Startup Death,Moderate,8,threat /10,2,"Degrades: venture survival, invested capital, jobs, founder reputation"
wk-poor-communication,331,weakness,Poor Communication → Project Failure & Budget Loss,Moderate,6,threat /10,1,"Degrades: project delivery, budget, stakeholder trust, execution"
wk-negotiation,332,weakness,Weak Negotiation Skill → Value Left on the Table,Moderate,5,threat /10,1,"Degrades: compensation, deal terms, joint surplus, partnerships"
wk-practical-intelligence,333,weakness,Low Practical Intelligence / Tacit-Knowledge Gap → Job Shortfall,Mixed,6,threat /10,2,"Degrades: managerial effectiveness, promotion, adaptive decision-making"
wk-mechanical-competence,334,weakness,Weak Mechanical / Technical Competence → Human-Error Accidents,Moderate,9,threat /10,1,"Degrades: safety, human life, equipment, operational reliability"
wk-scam-susceptibility,335,weakness,Scam / Fraud Susceptibility → Financial Victimization,Mixed,7,threat /10,1,"Degrades: savings, financial security, mental health, autonomy"
tbi-cte,336,cost,Traumatic Brain Injury / Concussion / CTE,Strong,4,harm severity /5,2,"Degrades: memory, impulse control, mood, processing speed, independence"
stroke-sequelae,337,cost,Stroke Sequelae,Strong,4,harm severity /5,2,"Degrades: executive function, memory, daily-living independence, mood, employment"
diabetes-complications,338,cost,Type-2 Diabetes Complications,Strong,4,harm severity /5,2,"Degrades: peripheral sensation, vision, kidney function, memory, mood"
copd,339,cost,COPD (Chronic Obstructive Pulmonary Disease),Moderate,4,harm severity /5,2,"Degrades: aerobic capacity, attention & executive function, self-care, mood"
chronic-kidney-disease,340,cost,Chronic Kidney Disease,Moderate,4,harm severity /5,2,"Degrades: cardiovascular integrity, cognition, energy, survival, self-management"
sleep-apnea,341,cost,Obstructive Sleep Apnea,Moderate,3,harm severity /5,2,"Degrades: cardiovascular health, daytime alertness, attention & memory, BP control"
hip-fracture,342,cost,Falls & Hip Fracture in Older Adults,Strong,5,harm severity /5,2,"Degrades: mobility, daily-living independence, survival, muscle mass"
hearing-loss,343,cost,Age-Related Hearing Loss → Cognitive Decline,Moderate,3,harm severity /5,2,"Degrades: cognition, social engagement, mood, communication, safety"
vision-loss,344,cost,Vision Loss / Blindness → Function & Depression,Moderate,4,harm severity /5,2,"Degrades: mood, mobility, daily living, social participation, fall safety"
periodontal-disease,345,cost,Periodontal (Gum) Disease → Systemic Risk,Moderate,2,harm severity /5,2,"Degrades: dentition/nutrition, systemic inflammation, cardiovascular risk — weakest causal case"
opioid-use-disorder,346,cost,Opioid Use Disorder & Overdose Mortality,Strong,5,harm severity /5,2,"Degrades: survival, physical health, finances, relationships, freedom"
alcohol-use-disorder,347,cost,Alcohol Use Disorder — End-Organ Damage,Strong,5,harm severity /5,2,"Degrades: survival, liver & cancer risk, memory, independence, employment"
nicotine-vaping,348,cost,Nicotine / Vaping Dependence,Moderate,4,harm severity /5,2,"Degrades: lung & cardiovascular health, addiction trajectory, adolescent brain"
cannabis-psychosis,349,cost,Cannabis Use Disorder & Psychosis Risk,Moderate,4,harm severity /5,2,"Degrades: mental health, cognition, education/employment, independence"
stimulant-neurotoxicity,350,cost,Stimulant (Meth / Cocaine) Neurotoxicity,Moderate,4,harm severity /5,2,"Degrades: cognition, mental health, self-regulation, cardiovascular health"
benzodiazepine-dependence,351,cost,Benzodiazepine Dependence & Withdrawal,Moderate,3,harm severity /5,2,"Degrades: cognition, physical safety (falls), independence, driving"
prescription-opioid,352,cost,Prescription-Opioid Dependence (the Iatrogenic Trap),Strong,5,harm severity /5,2,"Degrades: survival, transition to use disorder, function, finances"
binge-eating,353,cost,Binge-Eating Disorder / Food Addiction,Moderate,3,harm severity /5,2,"Degrades: metabolic health, mental health, weight/mobility, self-esteem"
gaming-disorder,354,cost,Internet Gaming Disorder,Mixed,2,harm severity /5,2,"Degrades: mental health, academic/occupational performance, sleep, relationships"
compulsive-sexual,355,cost,Compulsive Sexual Behavior / Problematic Porn Use,Mixed,2,harm severity /5,2,"Degrades: mental health, relationship satisfaction, sexual functioning, focus"
bankruptcy,356,cost,Personal Bankruptcy,Moderate,4,harm severity /5,2,"Degrades: credit access, physical health, housing, earnings, dignity"
foreclosure,357,cost,Home Foreclosure,Strong,4,harm severity /5,2,"Degrades: housing, mental health, suicide risk, substance use, physical health"
unemployment-scarring,358,cost,Long-Term Unemployment Scarring,Strong,5,harm severity /5,2,"Degrades: lifetime earnings, life expectancy, children's earnings, retirement wealth"
workplace-injury,359,cost,Workplace Injury & Permanent Disability,Strong,4,harm severity /5,2,"Degrades: earning capacity, labor-force attachment, physical function, mental health"
litigation-stress,360,cost,Chronic Litigation / Lawsuit Stress ('Critogenic' Harm),Mixed,3,harm severity /5,2,"Degrades: mental health, injury recovery, sleep, finances — thin evidence"
criminal-record,361,cost,Criminal Record → Reentry & Employment Barriers,Strong,4,harm severity /5,2,"Degrades: employment, earnings, housing, family stability, recidivism risk"
medical-debt,362,cost,Medical Debt → Bankruptcy & Forgone Care,Moderate,4,harm severity /5,2,"Degrades: access to care, credit/solvency, savings, disease progression"
debt-collection,363,cost,Wage Garnishment / Aggressive Debt Collection,Moderate,3,harm severity /5,2,"Degrades: mental health, take-home pay, financial stability, work performance"
founder-failure,364,cost,Small-Business / Founder Failure Aftermath,Emerging,3,harm severity /5,2,"Degrades: personal finances, mental health (grief), identity, future risk-taking"
outliving-savings,365,cost,Outliving Retirement Savings / Old-Age Poverty,Strong,5,harm severity /5,2,"Degrades: life expectancy, mental health, care access, housing, autonomy"
wk-dyscalculia,366,weakness,Dyscalculia / Weak Math Line → Financial Collapse,Strong,7,threat /10,2,"Degrades: budgeting, employment/earnings, measurement, scam resistance"
wk-spatial-driving,367,weakness,Spatial-Attention Deficit → Driving Crashes & Getting Lost,Strong,8,threat /10,2,"Degrades: safe driving, wayfinding, mobility-dependent work, hazard detection"
wk-low-literacy,368,weakness,Low Literacy / Health Literacy → Health & Economic Failure,Strong,8,threat /10,2,"Degrades: medication adherence, preventive care, insurance navigation, earnings"
wk-working-memory,369,weakness,Working-Memory Deficit → Learning & Job Derailment,Strong,7,threat /10,2,"Degrades: multi-step instructions, comprehension, learning, attainment"
wk-processing-speed,370,weakness,Slow Processing Speed → Cognitive Decline,Moderate,6,threat /10,2,"Degrades: reasoning, memory, timed performance, driving reaction, independent living"
wk-dyslexia,371,weakness,Dyslexia → Academic Derailment & Self-Concept Damage,Strong,6,threat /10,2,"Degrades: reading attainment, academic self-concept, engagement, mental health"
wk-adhd,372,weakness,ADHD / Weak Sustained Attention → Broad Life-Outcome Failure,Strong,8,threat /10,2,"Degrades: education, stable employment, driving safety, relationships, finances"
wk-prospective-memory,373,weakness,Poor Prospective Memory → Medication & Appointment Nonadherence,Moderate,7,threat /10,2,"Degrades: adherence, follow-up attendance, disease control, treatment efficacy"
wk-visuospatial-surgery,374,weakness,Weak Visuospatial Ability → Surgical / Technical Error,Moderate,6,threat /10,2,"Degrades: technical-skill acquisition, proficiency rate, early error risk"
wk-spatial-navigation,375,weakness,Poor Spatial Navigation → Early-Dementia Signal,Moderate,9,threat /10,2,"Degrades: independent travel, wandering safety, early-AD detection, autonomy"
wk-courtship,376,weakness,Weak Courtship / Flirting Line → Involuntary Singlehood,Moderate,6,threat /10,2,"Degrades: pair-bonding prospects, self-esteem, social support, reproductive goals"
wk-harsh-parenting,377,weakness,Harsh / Low-Warmth Parenting → Child Maltreatment & Harm,Strong,9,threat /10,2,"Degrades: child mental & physical health, attachment, development, next generation"
wk-low-humor,378,weakness,Low Humor / Playfulness → Relationship Dissatisfaction,Moderate,4,threat /10,1,"Degrades: relationship satisfaction, conflict-repair, perceived attractiveness"
wk-community,379,weakness,Weak Community / Social-Capital Line → Civic & Health Decline,Mixed,6,threat /10,2,"Degrades: longevity, civic participation, generalized trust, informal support"
wk-insecure-attachment,380,weakness,Insecure Attachment (Anxious / Avoidant) → Relationship Instability,Moderate,6,threat /10,1,"Degrades: relationship stability, partner wellbeing, emotion regulation, trust"
wk-low-agreeableness,381,weakness,Low Agreeableness → Conflict & Derailment,Strong,6,threat /10,2,"Degrades: relationship satisfaction, teamwork, workplace reputation, cooperation"
wk-demand-withdraw,382,weakness,Poor Conflict Resolution (Demand-Withdraw) → Dissolution,Strong,7,threat /10,2,"Degrades: relationship stability, satisfaction, intimacy, co-parenting climate"
wk-assertiveness,383,weakness,Weak Assertiveness → Exploitation & Burnout,Mixed,5,threat /10,2,"Degrades: occupational burnout, boundary integrity, needs satisfaction, retention"
wk-social-anxiety-avoidance,384,weakness,Social-Anxiety-Driven Avoidance → Life Narrowing,Moderate,7,threat /10,2,"Degrades: dating, friendship network, career advancement, productivity, QoL"
wk-coparenting,385,weakness,Weak Co-Parenting Alliance → Child Adjustment Problems,Moderate,7,threat /10,1,"Degrades: child adjustment, social functioning, family climate, parenting consistency"
wk-anger-dyscontrol,386,weakness,Trait Anger / Hostility Dyscontrol → Heart Disease & Wrecked Relationships,Strong,8,threat /10,2,"Degrades: cardiovascular health, marital stability, workplace relationships, longevity"
wk-sensation-seeking,387,weakness,High Sensation-Seeking / Impulsivity → Crashes & Injury,Strong,8,threat /10,2,"Degrades: physical safety, driving record, substance moderation, health"
wk-frustration-tolerance,388,weakness,Low Frustration Tolerance → Quitting & Underachievement,Emerging,7,threat /10,2,"Degrades: goal completion, attainment, skill acquisition, adherence"
wk-experiential-avoidance,389,weakness,Experiential Avoidance / Low Psychological Flexibility → Anxiety & Depression,Strong,8,threat /10,2,"Degrades: emotional range, values-based action, relationships, role functioning"
wk-external-locus,390,weakness,External Locus of Control → Passivity & Worse Outcomes,Moderate,7,threat /10,2,"Degrades: health-behavior adherence, achievement, proactive coping, longevity"
wk-fear-of-failure,391,weakness,Fear of Failure / Avoidance Motivation → Self-Handicapping,Strong,7,threat /10,2,"Degrades: performance, goal pursuit, skill growth, self-esteem, opportunity"
wk-boredom-proneness,392,weakness,Boredom Proneness → Risk Behavior & Disengagement,Mixed,6,threat /10,2,"Degrades: substance moderation, engagement, mood stability, purpose"
wk-low-openness,393,weakness,Low Openness / Cognitive Rigidity → Maladaptation to Change,Mixed,5,threat /10,2,"Degrades: adaptation, reskilling, problem-solving, employability — weakest cluster"
wk-perfectionism-trait,394,weakness,Trait Self-Critical Perfectionism → Burnout & Suicide Risk,Strong,9,threat /10,2,"Degrades: sustainability, mood, self-worth, connectedness, survival"
wk-intolerance-uncertainty,395,weakness,Intolerance of Uncertainty → Worry & Anxiety-Driven Paralysis,Strong,7,threat /10,2,"Degrades: decisiveness, worry control, opportunity-taking, sleep"
binaural-beats,396,practice,Binaural Beats (incl. Hemi-Sync / the CIA 'Gateway' tapes),Mixed,2,impact magnitude /5,6,"Bolsters clusters: state anxiety, attention, memory — modestly and transiently"
isochronic-monaural,397,practice,Isochronic Tones & Monaural Beats (no-headphones entrainment),Emerging,2,impact magnitude /5,5,Bolsters clusters: measurable EEG entrainment; attention/anxiety thin & mixed
audio-visual-entrainment,398,practice,Audio-Visual Entrainment (light-and-sound 'mind machines'),Emerging,2,impact magnitude /5,5,"Bolsters clusters: acute EEG/attention — clinical claims unproven, vendor-heavy"
gamma-genus,399,practice,40 Hz Gamma Sensory Stimulation (GENUS),Emerging,2,impact magnitude /5,5,Bolsters clusters: Alzheimer's pathology (in mice) — human results early & mixed
rhythmic-auditory-stimulation,400,practice,Rhythmic Auditory Stimulation (walking to a beat),Strong,4,impact magnitude /5,5,"Bolsters clusters: gait speed, stride, cadence in Parkinson's & stroke"
vibroacoustic-therapy,401,practice,Vibroacoustic Therapy (feeling low-frequency sound in the body),Emerging,2,impact magnitude /5,5,"Bolsters clusters: relaxation/HRV, fibromyalgia & Parkinson's symptoms — small trials"
spaced-distributed-practice,402,practice,Spaced / Distributed Practice,Strong,4,impact magnitude /5,3,"Bolsters clusters: Retrieval Practice, Interleaved Practice, Deliberate Practice & Skill Acquisition, Cognitive Reserve & Lifelong Learning"
worked-examples,403,practice,Worked Examples,Strong,3,impact magnitude /5,2,"Bolsters clusters: Self-Explanation, Deliberate Practice & Skill Acquisition, Mathematical reasoning"
pretesting-errorful-generation,404,practice,Pretesting / Errorful Generation,Moderate,3,impact magnitude /5,2,"Bolsters clusters: The Generation Effect, Retrieval Practice, Spaced / Distributed Practice"
generation-effect,405,practice,The Generation Effect,Moderate,3,impact magnitude /5,2,"Bolsters clusters: Retrieval Practice, Pretesting / Errorful Generation, Self-Explanation"
dual-coding-multimedia,406,practice,Dual Coding (Words + Pictures),Moderate,3,impact magnitude /5,2,"Bolsters clusters: Worked Examples, Memory Palace / Method of Loci, Spatial encoding"
elaborative-interrogation,407,practice,Elaborative Interrogation,Moderate,3,impact magnitude /5,2,"Bolsters clusters: Self-Explanation, Reading, Bilingualism & Language Learning"
self-explanation,408,practice,Self-Explanation,Moderate,3,impact magnitude /5,2,"Bolsters clusters: Elaborative Interrogation, Worked Examples, Learning by Teaching"
highlighting-underlining,409,practice,Highlighting / Underlining,Mixed,2,impact magnitude /5,2,"Bolsters clusters: Rereading (shares its weakness), Reading"
massed-practice-cramming,410,practice,Massed Practice / Cramming,Mixed,2,impact magnitude /5,2,"Bolsters clusters: Spaced / Distributed Practice (as its weak inverse), Retrieval Practice"
rereading,411,practice,Rereading,Mixed,2,impact magnitude /5,2,"Bolsters clusters: Highlighting / Underlining (shares its weakness), Reading"
concrete-varied-examples,412,practice,Concrete & Varied Examples,Mixed,2,impact magnitude /5,3,"Bolsters clusters: Worked Examples, Interleaved Practice, Deliberate Practice & Skill Acquisition"
learning-styles-matching,413,practice,Learning-Styles Matching (the Meshing Myth),Strong,1,impact magnitude /5,3,Bolsters clusters: Dual Coding (which it is often confused with)
implementation-intentions-if-then-plans,414,practice,Implementation Intentions (If-Then Plans),Strong,4,impact magnitude /5,2,"Bolsters clusters: habit-stacking-anchoring, self-monitoring-progress-tracking, commitment-devices-precommitment"
habit-reversal-training,415,practice,Habit Reversal Training,Strong,4,impact magnitude /5,1,"Bolsters clusters: self-monitoring-progress-tracking, implementation-intentions-if-then-plans"
self-monitoring-progress-tracking,416,practice,Self-Monitoring / Progress Tracking,Strong,4,impact magnitude /5,1,"Bolsters clusters: implementation-intentions-if-then-plans, financial-incentives-behavior-change, gamification"
defaults-environmental-design,417,practice,Defaults & Environmental / Availability Design,Moderate,3,impact magnitude /5,2,"Bolsters clusters: choice-architecture-nudges-honest, habit-stacking-anchoring"
self-imposed-deadlines-structure,418,practice,Self-Imposed Deadlines & Precommitment Structure,Moderate,3,impact magnitude /5,1,"Bolsters clusters: commitment-devices-precommitment, self-monitoring-progress-tracking"
commitment-devices-precommitment,419,practice,Commitment Devices / Precommitment,Moderate,3,impact magnitude /5,2,"Bolsters clusters: financial-incentives-behavior-change, self-imposed-deadlines-structure, implementation-intentions-if-then-plans"
habit-stacking-anchoring,420,practice,Habit Stacking / Anchoring to an Existing Routine,Emerging,3,impact magnitude /5,1,"Bolsters clusters: implementation-intentions-if-then-plans, self-monitoring-progress-tracking"
choice-architecture-nudges-honest,421,practice,Choice Architecture & Nudges (Honest Verdict),Mixed,2,impact magnitude /5,3,"Bolsters clusters: defaults-environmental-design, temptation-bundling"
temptation-bundling,422,practice,Temptation Bundling,Mixed,2,impact magnitude /5,2,"Bolsters clusters: commitment-devices-precommitment, gamification, self-monitoring-progress-tracking"
fresh-start-effect,423,practice,The Fresh-Start Effect,Emerging,2,impact magnitude /5,1,"Bolsters clusters: implementation-intentions-if-then-plans, self-monitoring-progress-tracking"
financial-incentives-behavior-change,424,practice,Financial Incentives for Behavior Change,Moderate,3,impact magnitude /5,1,"Bolsters clusters: commitment-devices-precommitment, self-monitoring-progress-tracking"
gamification,425,practice,Gamification,Mixed,2,impact magnitude /5,1,"Bolsters clusters: self-monitoring-progress-tracking, temptation-bundling"
implementation-intentions-focus,426,practice,Implementation Intentions (If-Then Plans) for Focus,Strong,4,impact magnitude /5,1,"Bolsters clusters: follow-through, distraction-shielding, habit-formation"
batching-digital-communication,427,practice,Batching Email & Notifications (Scheduled Checking),Moderate,3,impact magnitude /5,2,"Bolsters clusters: attentional-control, stress-reduction, productivity"
digital-self-control-tools,428,practice,Digital Self-Control Tools (Blockers & Friction),Moderate,3,impact magnitude /5,2,"Bolsters clusters: reduced-distraction, self-control, attentional-control"
guard-uninterrupted-focus-blocks,429,practice,Guarding Uninterrupted Focus Blocks,Moderate,3,impact magnitude /5,2,"Bolsters clusters: deep-work, stress-reduction, task-completion"
nature-break-directed-attention,430,practice,Brief Nature Breaks to Restore Directed Attention,Moderate,3,impact magnitude /5,1,"Bolsters clusters: directed-attention, working-memory, focus-recovery"
single-tasking-reduce-media-multitasking,431,practice,Single-Tasking (Reducing Media Multitasking),Mixed,3,impact magnitude /5,3,"Bolsters clusters: sustained-attention, working-memory, task-completion"
timed-work-blocks-pomodoro,432,practice,Timed Work Blocks (Pomodoro-Style),Emerging,2,impact magnitude /5,1,"Bolsters clusters: task-initiation, concentration, procrastination-reduction"
microbreaks-attention,433,practice,Microbreaks During Sustained Work,Moderate,2,impact magnitude /5,1,"Bolsters clusters: vigor, fatigue-recovery, sustained-attention"
phone-out-of-sight-focus,434,practice,Phone Out of Sight During Focused Work,Mixed,2,impact magnitude /5,3,"Bolsters clusters: working-memory, sustained-attention, single-tasking"
silence-lyric-free-sound-focus,435,practice,Working in Silence or Lyric-Free Sound,Mixed,2,impact magnitude /5,1,"Bolsters clusters: reading-comprehension, focused-work, verbal-processing"
operational-checklists,436,practice,Checklists for High-Stakes Decisions,Strong,4,impact magnitude /5,3,"Bolsters clusters: procedural reliability, error reduction, team coordination"
mechanical-decision-rules,437,practice,Mechanical / Formula-Based Decision Rules,Strong,4,impact magnitude /5,2,"Bolsters clusters: prediction accuracy, consistency, noise reduction"
natural-frequency-statistical-training,438,practice,Natural-Frequency Statistical-Reasoning Training,Moderate,3,impact magnitude /5,2,"Bolsters clusters: risk literacy, Bayesian updating, numeracy under uncertainty"
cognitive-bias-inoculation-training,439,practice,Cognitive-Bias Inoculation (Serious-Game Debiasing),Moderate,3,impact magnitude /5,2,"Bolsters clusters: analytic reasoning, confirmation-bias resistance, calibrated judgment"
outside-view-reference-class-forecasting,440,practice,Taking the Outside View / Reference-Class Forecasting,Moderate,3,impact magnitude /5,2,"Bolsters clusters: realistic planning, budgeting, optimism-bias correction"
consider-the-opposite,441,practice,Consider the Opposite / Consider an Alternative,Moderate,3,impact magnitude /5,2,"Bolsters clusters: open-minded thinking, confirmation-bias resistance, anchoring correction"
cooling-off-hot-state-precommitment,442,practice,Cooling-Off Periods for Hot-State Decisions,Moderate,3,impact magnitude /5,2,"Bolsters clusters: impulse control, self-regulation, avoiding regret"
premortem-prospective-hindsight,443,practice,Premortem / Prospective Hindsight,Moderate,3,impact magnitude /5,2,"Bolsters clusters: strategic foresight, risk anticipation, overconfidence correction"
calibration-probabilistic-training,444,practice,Calibration & Probabilistic-Reasoning Training,Moderate,3,impact magnitude /5,2,"Bolsters clusters: forecasting accuracy, calibrated confidence, meta-cognition"
accountability-justify-before-deciding,445,practice,Pre-Decision Accountability (Justify Before You Choose),Mixed,2,impact magnitude /5,1,"Bolsters clusters: effortful reasoning, self-criticism, judgment quality"
devils-advocacy-dialectical-inquiry,446,practice,Devil's Advocacy / Dialectical Inquiry / Red-Teaming,Mixed,2,impact magnitude /5,2,"Bolsters clusters: groupthink resistance, decision quality, assumption testing"
structured-analytic-techniques-ach,447,practice,Structured Analytic Techniques / Analysis of Competing Hypotheses,Mixed,2,impact magnitude /5,2,"Bolsters clusters: hypothesis testing, evidence weighting, confirmation-bias resistance"
situation-selection-modification,448,practice,Situation Selection & Modification,Moderate,3,impact magnitude /5,2,"Bolsters clusters: emotional self-regulation, environment design, proactive coping"
cognitive-defusion,449,practice,Cognitive Defusion (Unhooking From Thoughts),Moderate,3,impact magnitude /5,2,"Bolsters clusters: psychological flexibility, self-criticism management, emotional self-regulation"
affect-labeling,450,practice,Affect Labeling ('Name It to Tame It'),Moderate,2,impact magnitude /5,2,"Bolsters clusters: emotional self-regulation, self-awareness, distress tolerance"
distraction-attentional-deployment,451,practice,Distraction / Attentional Deployment,Moderate,2,impact magnitude /5,1,"Bolsters clusters: acute emotional self-regulation, impulse control, rumination interruption"
self-distancing-third-person,452,practice,Self-Distancing / Third-Person Self-Talk,Moderate,2,impact magnitude /5,2,"Bolsters clusters: emotional self-regulation, rumination control, wise reasoning"
cold-water-dive-reflex-tipp,453,practice,Cold-Water Face Immersion (Dive Reflex / DBT 'TIPP'),Emerging,2,impact magnitude /5,2,"Bolsters clusters: acute distress tolerance, panic/arousal down-regulation, crisis self-regulation"
cyclic-sighing-physiological-sigh,454,practice,Cyclic Sighing / Physiological Sigh,Emerging,2,impact magnitude /5,1,"Bolsters clusters: acute arousal down-regulation, anxiety management, interoceptive calm"
temporal-distancing,455,practice,Temporal Distancing ('This Too Shall Pass'),Emerging,2,impact magnitude /5,1,"Bolsters clusters: emotional self-regulation, resilience, perspective-taking"
worry-postponement,456,practice,Worry Postponement ('Worry Time'),Mixed,2,impact magnitude /5,1,"Bolsters clusters: worry/rumination control, anxiety management, attentional control"
acceptance-emotion-regulation,457,practice,Acceptance as an Emotion-Regulation Strategy,Mixed,2,impact magnitude /5,2,"Bolsters clusters: distress tolerance, psychological flexibility, pain coping"
urge-surfing,458,practice,Urge Surfing,Mixed,2,impact magnitude /5,2,"Bolsters clusters: impulse control, craving management, distress tolerance"
opposite-action-dbt,459,practice,Opposite Action (DBT),Emerging,2,impact magnitude /5,2,"Bolsters clusters: emotional self-regulation, behavioral activation, exposure-based change"
mastery-active-leisure-recovery,460,practice,Mastery Experiences in Off-Job Time,Moderate,3,impact magnitude /5,2,"Bolsters clusters: Deliberate Practice & Skill Acquisition, Job Burnout / Workaholism, Purpose & Meaning in Life"
psychological-detachment-work,461,practice,Psychological Detachment From Work,Moderate,3,impact magnitude /5,3,"Bolsters clusters: Job Burnout / Workaholism, Chronic Stress / Allostatic Load, Sleep Quality, Rumination"
work-home-segmentation,462,practice,Work-Home Boundary Segmentation,Moderate,3,impact magnitude /5,2,"Bolsters clusters: Psychological Detachment From Work, Job Burnout / Workaholism, Late-Night Smartphone / Sleep Displacement"
control-autonomy-off-job,463,practice,Autonomy / Control Over Off-Job Time,Moderate,2,impact magnitude /5,2,"Bolsters clusters: Autonomy & Job Control, Job Burnout / Workaholism, Time Affluence"
microbreaks-work,464,practice,Microbreaks During Work,Moderate,2,impact magnitude /5,1,"Bolsters clusters: Job Burnout / Workaholism, Breaking Up Sitting, Slow Processing Speed / Fatigue"
aromatherapy-lavender,465,practice,Aromatherapy (Lavender) for Stress,Mixed,2,impact magnitude /5,2,"Bolsters clusters: Chronic Anxiety, Chronic Stress / Allostatic Load"
relaxing-music-listening,466,practice,Listening to Relaxing Music,Mixed,2,impact magnitude /5,2,"Bolsters clusters: Chronic Stress / Allostatic Load, Chronic Anxiety, Sleep Quality"
yoga-nidra-nsdr,467,practice,Yoga Nidra / Non-Sleep Deep Rest (NSDR),Emerging,2,impact magnitude /5,2,"Bolsters clusters: Chronic Stress / Allostatic Load, Sleep Quality, Sleep Deprivation, Chronic Anxiety"
vacation-time-off,468,practice,Taking Vacations / Time Off,Mixed,3,impact magnitude /5,3,"Bolsters clusters: Job Burnout / Workaholism, Chronic Stress / Allostatic Load, Time Affluence"
leisure-crafting,469,practice,Leisure Crafting (Proactively Designing Off-Time),Emerging,2,impact magnitude /5,2,"Bolsters clusters: Mastery Experiences in Off-Job Time, Job Burnout / Workaholism, Purpose & Meaning in Life"
cbt-insomnia,470,practice,CBT-I — The Gold Standard for Insomnia,Strong,5,impact magnitude /5,2,"Bolsters clusters: sleep-restriction-therapy, stimulus-control-therapy, constructive-worry-journaling"
stimulus-control-therapy,471,practice,Stimulus Control — Reclaim the Bed for Sleep,Strong,4,impact magnitude /5,2,"Bolsters clusters: cbt-insomnia, sleep-restriction-therapy"
sleep-restriction-therapy,472,practice,Sleep Restriction Therapy — Compress Time in Bed,Strong,4,impact magnitude /5,2,"Bolsters clusters: cbt-insomnia, stimulus-control-therapy"
cool-bedroom-thermal,473,practice,A Cool Bedroom (Thermal Environment),Moderate,3,impact magnitude /5,2,"Bolsters clusters: warm-bath-passive-heating, cbt-insomnia"
morning-bright-light,474,practice,Morning Bright-Light Exposure,Moderate,3,impact magnitude /5,1,"Bolsters clusters: cbt-insomnia, consistent-wake-anchoring"
caffeine-cutoff-timing,475,practice,Caffeine Cutoff Timing (No Caffeine 6+ Hours Before Bed),Moderate,3,impact magnitude /5,1,"Bolsters clusters: cbt-insomnia, evening-alcohol-reduction"
warm-bath-passive-heating,476,practice,Warm Bath or Shower 1-2 Hours Before Bed,Moderate,3,impact magnitude /5,1,"Bolsters clusters: cool-bedroom-thermal, cbt-insomnia"
evening-alcohol-reduction,477,practice,Cutting the Evening Nightcap,Moderate,3,impact magnitude /5,2,"Bolsters clusters: caffeine-cutoff-timing, cbt-insomnia"
constructive-worry-journaling,478,practice,Bedtime To-Do List / Constructive Worry,Emerging,2,impact magnitude /5,1,"Bolsters clusters: cbt-insomnia, stimulus-control-therapy"
evening-blue-light-restriction,479,practice,Evening Screen / Blue-Light Restriction,Mixed,2,impact magnitude /5,2,"Bolsters clusters: morning-bright-light, cbt-insomnia"
sleep-hygiene-education-alone,480,practice,Sleep Hygiene Education Alone — The Honest Verdict,Mixed,2,impact magnitude /5,2,"Bolsters clusters: cbt-insomnia, caffeine-cutoff-timing"
mediterranean-diet-predimed,481,practice,Mediterranean Diet (PREDIMED),Strong,4,impact magnitude /5,2,"Bolsters clusters: Nutrition / Diet Quality, Nutrition for the Brain, Cardiorespiratory Fitness — VO2max"
dash-diet,482,practice,DASH Diet,Strong,4,impact magnitude /5,1,"Bolsters clusters: Sodium Reduction, Nutrition / Diet Quality, Cardiorespiratory Fitness — VO2max"
nuts-consumption,483,practice,Nuts,Moderate,3,impact magnitude /5,1,"Bolsters clusters: Mediterranean Diet (PREDIMED), Nutrition / Diet Quality, Nutrition for the Brain"
whole-grains,484,practice,Whole Grains,Moderate,3,impact magnitude /5,1,"Bolsters clusters: Dietary Fiber, Glucose Regulation & Post-Meal Walking, Nutrition / Diet Quality"
added-sugar-ssb-reduction,485,practice,Cutting Added Sugar & Sugary Drinks,Moderate,3,impact magnitude /5,2,"Bolsters clusters: Glucose Regulation & Post-Meal Walking, Nutrition / Diet Quality, Reducing Ultra-Processed Food"
sodium-reduction,486,practice,Sodium Reduction,Moderate,3,impact magnitude /5,2,"Bolsters clusters: Nutrition / Diet Quality, Cardiorespiratory Fitness — VO2max, DASH Diet"
dietary-nitrate-beetroot,487,practice,Dietary Nitrate / Beetroot Juice,Moderate,2,impact magnitude /5,2,"Bolsters clusters: Cardiorespiratory Fitness — VO2max, HIIT & Interval Training, Nutrition / Diet Quality"
coffee-polyphenols,488,practice,Coffee & Dietary Polyphenols,Moderate,2,impact magnitude /5,1,"Bolsters clusters: Caffeine, Nutrition for the Brain, Nutrition / Diet Quality"
fermented-foods,489,practice,Fermented Foods,Emerging,2,impact magnitude /5,1,"Bolsters clusters: The Gut-Brain Axis, Dietary Fiber, Nutrition / Diet Quality"
legumes-pulses,490,practice,Legumes & Pulses,Moderate,2,impact magnitude /5,2,"Bolsters clusters: Dietary Fiber, Protein & Muscle Preservation, Nutrition / Diet Quality"
hydration-adequacy,491,practice,Adequate Hydration,Mixed,1,impact magnitude /5,2,"Bolsters clusters: Nutrition / Diet Quality, Sleep Quality, Nutrition for the Brain"
omega3-oily-fish,492,practice,Omega-3 / Oily Fish,Mixed,2,impact magnitude /5,3,"Bolsters clusters: Nutrition for the Brain, The Gut-Brain Axis, Nutrition / Diet Quality"
isometric-exercise-blood-pressure,493,practice,Isometric Exercise for Blood Pressure (Wall Sits / Handgrip),Moderate,4,impact magnitude /5,2,"Bolsters clusters: Grip & Muscular Strength, Chronic Anxiety — Cognition & Cardiac Risk, Aerobic Exercise — The Best-Evidenced Meta-System"
balance-fall-prevention,494,practice,Balance & Fall-Prevention Exercise,Strong,4,impact magnitude /5,2,"Bolsters clusters: Falls & Hip Fracture in Older Adults, Slacklining / Balance Training, Tai Chi & Qigong"
exercise-snacks,495,practice,Exercise Snacks (Brief Vigorous Bouts),Moderate,3,impact magnitude /5,2,"Bolsters clusters: Cardiorespiratory Fitness — VO₂max, HIIT & Interval Training, Stair Climbing & Fitness"
eccentric-resistance-training,496,practice,Eccentric (Lengthening) Resistance Training,Moderate,3,impact magnitude /5,2,"Bolsters clusters: Strength & Resistance Training, Grip & Muscular Strength, Sarcopenia — Age-Related Muscle Loss"
power-plyometric-aging,497,practice,Power & Explosive (Plyometric) Training for Aging,Moderate,3,impact magnitude /5,2,"Bolsters clusters: Sarcopenia — Age-Related Muscle Loss, Grip & Muscular Strength, Falls & Hip Fracture in Older Adults"
nordic-hamstring-exercise,498,practice,Nordic Hamstring Exercise (Injury Prevention),Mixed,3,impact magnitude /5,2,"Bolsters clusters: Youth Team Sports, Trail / Distance Running & Depression, Strength & Resistance Training"
blood-flow-restriction,499,practice,Blood-Flow-Restriction (BFR) Training,Emerging,3,impact magnitude /5,2,"Bolsters clusters: Grip & Muscular Strength, Sarcopenia — Age-Related Muscle Loss, Protein & Muscle Preservation"
zone-2-liss-cardio,500,practice,Zone 2 / Low-Intensity Steady-State Cardio,Mixed,3,impact magnitude /5,2,"Bolsters clusters: Cardiorespiratory Fitness — VO₂max, Aerobic Exercise — The Best-Evidenced Meta-System, Glucose Regulation & Post-Meal Walking"
concurrent-training,501,practice,Concurrent Training (Combining Strength + Endurance),Moderate,3,impact magnitude /5,2,"Bolsters clusters: Strength & Resistance Training, Cardiorespiratory Fitness — VO₂max, HIIT & Interval Training"
aquatic-water-exercise,502,practice,Aquatic / Water-Based Exercise,Moderate,3,impact magnitude /5,2,"Bolsters clusters: Chronic Pain — Cognition & Gray Matter, Falls & Hip Fracture in Older Adults, Aerobic Exercise — The Best-Evidenced Meta-System"
caffeine-l-theanine-attention,503,practice,Caffeine + L-Theanine for Attention,Moderate,2,impact magnitude /5,2,"Bolsters clusters: Meta-Cognitive, Logical, Interoceptive"
melatonin-circadian,504,practice,Melatonin for Circadian Timing,Moderate,2,impact magnitude /5,3,"Bolsters clusters: Interoceptive, Bodily, Intrapersonal"
creatine-cognition,505,practice,Creatine for Cognition,Emerging,2,impact magnitude /5,2,"Bolsters clusters: Meta-Cognitive, Logical, Linguistic"
multivitamin-cognition,506,practice,Daily Multivitamin for Cognition,Moderate,2,impact magnitude /5,2,"Bolsters clusters: Meta-Cognitive, Intrapersonal"
omega-3-mood,507,practice,Omega-3 for Mood (Not Heart in the Replete),Mixed,2,impact magnitude /5,2,"Bolsters clusters: Emotional, Intrapersonal"
vitamin-d-supplementation-honest,508,practice,Vitamin D Supplementation,Mixed,2,impact magnitude /5,3,"Bolsters clusters: Intrapersonal, Emotional, Bodily"
ashwagandha-stress,509,practice,Ashwagandha for Stress,Emerging,2,impact magnitude /5,2,"Bolsters clusters: Emotional, Intrapersonal, Interoceptive"
magnesium-sleep-anxiety,510,practice,Magnesium for Sleep & Anxiety,Emerging,2,impact magnitude /5,2,"Bolsters clusters: Interoceptive, Intrapersonal, Emotional"
probiotics-mood,511,practice,Probiotics for Mood,Mixed,2,impact magnitude /5,2,"Bolsters clusters: Emotional, Interoceptive, Intrapersonal"
zinc-lozenges-colds,512,practice,Zinc Lozenges for Colds,Moderate,2,impact magnitude /5,2,"Bolsters clusters: Bodily, Intrapersonal"
nootropics-honest-null,513,practice,Most 'Nootropics': The Honest Null,Mixed,1,impact magnitude /5,2,"Bolsters clusters: Meta-Cognitive, Logical"
rhodiola-fatigue,514,practice,Rhodiola for Fatigue,Mixed,1,impact magnitude /5,1,"Bolsters clusters: Volitional, Bodily, Intrapersonal"
hpv-vaccination,515,practice,HPV Vaccination (Cervical & Other Cancer Prevention),Strong,5,impact magnitude /5,1,"Bolsters clusters: Cervical Cancer Screening, Cancer & 'Chemo Brain', Healthy Lifespan"
cervical-cancer-screening,516,practice,Cervical Cancer Screening (Pap Cytology / HPV Testing),Strong,4,impact magnitude /5,3,"Bolsters clusters: HPV Vaccination, Healthy Lifespan, Cancer & 'Chemo Brain'"
varenicline-smoking-cessation,517,practice,Varenicline for Smoking Cessation (Strong Pharmacotherapy),Strong,4,impact magnitude /5,2,"Bolsters clusters: Tobacco / Smoking, COPD, Cardiovascular longevity, Healthy Lifespan"
covid-mrna-vaccination,518,practice,COVID-19 mRNA Vaccination,Strong,4,impact magnitude /5,2,"Bolsters clusters: Healthy Lifespan; durable against severe disease, waning against infection"
shingles-vaccination-shingrix,519,practice,Shingles Vaccination (Recombinant Zoster / Shingrix),Strong,4,impact magnitude /5,1,"Bolsters clusters: Healthy Lifespan, Chronic Pain; prevents post-herpetic neuralgia"
colorectal-cancer-screening,520,practice,Colorectal Cancer Screening (Colonoscopy / Sigmoidoscopy / FIT),Strong,4,impact magnitude /5,3,"Bolsters clusters: Cancer & 'Chemo Brain', Reducing Ultra-Processed Food, Healthy Lifespan"
blood-pressure-control-sprint,521,practice,Blood-Pressure Control (Intensive Target — SPRINT),Strong,4,impact magnitude /5,2,"Bolsters clusters: Stroke Sequelae, Chronic Kidney Disease, Aerobic Exercise, Healthy Lifespan"
sunscreen-uv-protection,522,practice,Sunscreen & UV Protection (Skin Cancer / Photoaging),Moderate,3,impact magnitude /5,1,"Bolsters clusters: Healthy Lifespan, Aesthetic; complements shade and clothing"
statins-primary-prevention-honest,523,practice,Statins for Primary Prevention (Honest NNT),Moderate,2,impact magnitude /5,2,"Bolsters clusters: Cardiovascular longevity, Stroke Sequelae; small absolute benefit"
influenza-vaccination-honest,524,practice,Seasonal Influenza Vaccination (Modest in Healthy Adults),Moderate,2,impact magnitude /5,1,"Bolsters clusters: Healthy Lifespan, Air Quality; strongest in elderly/high-risk"
breast-mammography-honest,525,practice,Screening Mammography (with Overdiagnosis Nuance),Mixed,2,impact magnitude /5,2,"Bolsters clusters: Healthy Lifespan, Cancer & 'Chemo Brain'; tempered by overdiagnosis"
diabetes-screening-and-prevention,526,practice,Diabetes Screening + Lifestyle Prevention (Honest Split),Mixed,3,impact magnitude /5,2,"Bolsters clusters: Glucose Regulation, Aerobic Exercise, Reducing Ultra-Processed Food"
aspirin-primary-prevention-deflated,527,practice,Aspirin for Primary Prevention (Deflated — Mostly No Longer Advised),Mixed,1,impact magnitude /5,1,Bolsters clusters: minimal net benefit; bleeding harm offsets CV benefit
affectionate-touch,528,practice,Affectionate Touch & Physical Affection,Moderate,3,impact magnitude /5,2,"Bolsters: Bodily, Interpersonal, Emotional, Seductive"
partner-gratitude,529,practice,Expressing Gratitude to a Partner,Moderate,3,impact magnitude /5,2,"Bolsters: Interpersonal, Emotional, Moral"
conflict-reappraisal-21min,530,practice,Third-Person Conflict Reappraisal (the '21-Minute Marriage Hack'),Moderate,3,impact magnitude /5,1,"Bolsters: Adversarial, Emotional, Meta-Cognitive, Interpersonal"
responsiveness-turning-toward,531,practice,Turning Toward Bids & Perceived Partner Responsiveness,Moderate,3,impact magnitude /5,2,"Bolsters: Interpersonal, Social-Perceptual, Emotional, Intrapersonal"
accommodation-not-retaliating,532,practice,Accommodation (Not Retaliating When a Partner Slips),Moderate,3,impact magnitude /5,1,"Bolsters: Volitional, Interpersonal, Emotional, Moral"
sexual-communication,533,practice,Sexual Communication,Moderate,3,impact magnitude /5,2,"Bolsters: Seductive, Interpersonal, Emotional, Intrapersonal"
downregulate-negative-emotion-conflict,534,practice,Down-Regulating Negative Emotion in Conflict (Repair & De-Escalation),Moderate,3,impact magnitude /5,1,"Bolsters: Emotional, Adversarial, Interpersonal, Volitional"
self-disclosure-escalation-36-questions,535,practice,Escalating Self-Disclosure (Aron's '36 Questions'),Emerging,2,impact magnitude /5,1,"Bolsters: Interpersonal, Intrapersonal, Linguistic, Emotional"
rituals-of-connection,536,practice,Rituals of Connection & Shared Meaning,Emerging,2,impact magnitude /5,1,"Bolsters: Interpersonal, Existential, Community, Emotional"
positivity-ratio-magic-ratio,537,practice,The Positivity Ratio in Conflict (the 'Magic 5:1'),Mixed,2,impact magnitude /5,3,"Bolsters: Interpersonal, Emotional, Adversarial"
perspective-getting-not-taking,538,practice,"Perspective-Getting: Ask, Don't Assume",Strong,3,impact magnitude /5,1,"Bolsters clusters: Empathy & Perspective-Taking Are Trainable, Emotional Intelligence in Relationships, Reading People"
active-constructive-responding,539,practice,Active-Constructive Responding (Capitalization),Moderate,3,impact magnitude /5,1,"Bolsters clusters: Emotional Intelligence in Relationships, Relationship Education, Savoring"
effective-apologies,540,practice,Effective Apologies (Six Components),Moderate,3,impact magnitude /5,1,"Bolsters clusters: Making Amends / Seeking Forgiveness, Relationship Education, Contempt in Conflict"
active-reflective-listening,541,practice,Active & Reflective Listening,Moderate,3,impact magnitude /5,2,"Bolsters clusters: Emotional Intelligence in Relationships, Empathy & Perspective-Taking Are Trainable, Relationship Education"
question-asking-negotiation,542,practice,Question-Asking in Negotiation,Moderate,3,impact magnitude /5,1,"Bolsters clusters: Weak Negotiation Skill, Relationship Education, Emotional Intelligence in Relationships"
asking-follow-up-questions,543,practice,Asking Follow-Up Questions,Moderate,3,impact magnitude /5,1,"Bolsters clusters: Emotional Intelligence in Relationships, Approaching Strangers / Initiating Conversation, Speed Dating & Mate Choice"
self-disclosure-36-questions,544,practice,Self-Disclosure & the 36 Questions,Moderate,3,impact magnitude /5,1,"Bolsters clusters: Approaching Strangers / Initiating Conversation, Emotional Intelligence in Relationships, Couples' Novel & Arousing Activities"
assertiveness-training,545,practice,Assertiveness Training,Moderate,3,impact magnitude /5,2,"Bolsters clusters: Weak Assertiveness, Social-Anxiety-Driven Avoidance, Relationship Education"
narrative-storytelling-persuasion,546,practice,Storytelling & Narrative Transportation,Moderate,3,impact magnitude /5,1,"Bolsters clusters: Public Speaking / Toastmasters, Improv Comedy / Theater Classes, Creative/Expressive Writing & Poetry Therapy"
i-statements-conflict,547,practice,"""I"" Statements in Conflict",Mixed,2,impact magnitude /5,2,"Bolsters clusters: Relationship Education, Emotional Intelligence in Relationships, Poor Conflict Resolution (Demand-Withdraw)"
feedback-seeking-behavior,548,practice,Feedback-Seeking,Mixed,2,impact magnitude /5,1,"Bolsters clusters: Deliberate Practice & Skill Acquisition, Growth Mindset, Learning by Teaching"
nonviolent-communication,549,practice,Nonviolent Communication (NVC),Emerging,2,impact magnitude /5,2,"Bolsters clusters: Empathy & Perspective-Taking Are Trainable, Emotional Intelligence in Relationships, Relationship Education"
behavioral-parent-training,550,practice,"Behavioral Parent Training (Praise, Consistency, Time-Out)",Strong,4,impact magnitude /5,3,"Bolsters clusters: authoritative-parenting, emotion-coaching, positive-parenting-programs"
bedtime-routines,551,practice,Consistent Bedtime Routines,Moderate,3,impact magnitude /5,2,"Bolsters clusters: emotion-coaching, behavioral-parent-training"
dialogic-reading,552,practice,Dialogic Reading (Interactive Shared Reading),Moderate,3,impact magnitude /5,1,"Bolsters clusters: contingent-responsiveness, autonomy-supportive-parenting"
authoritative-parenting,553,practice,Authoritative Parenting (Warmth + Structure),Moderate,3,impact magnitude /5,2,"Bolsters clusters: emotion-coaching, autonomy-supportive-parenting, behavioral-parent-training"
contingent-responsiveness,554,practice,Contingent Responsiveness / Serve-and-Return,Moderate,3,impact magnitude /5,2,"Bolsters clusters: emotion-coaching, dialogic-reading, sensitive-discipline-video-feedback"
emotion-coaching,555,practice,Emotion Coaching (Tuning in to Kids),Moderate,3,impact magnitude /5,2,"Bolsters clusters: authoritative-parenting, contingent-responsiveness, behavioral-parent-training"
sensitive-discipline-video-feedback,556,practice,Sensitive Discipline via Video-Feedback (VIPP-SD),Moderate,3,impact magnitude /5,1,"Bolsters clusters: contingent-responsiveness, emotion-coaching, behavioral-parent-training"
autonomy-supportive-parenting,557,practice,Autonomy-Supportive Parenting,Moderate,3,impact magnitude /5,2,"Bolsters clusters: authoritative-parenting, process-praise, emotion-coaching"
positive-parenting-programs,558,practice,Structured Positive Parenting Programs (Triple P),Mixed,3,impact magnitude /5,2,"Bolsters clusters: behavioral-parent-training, authoritative-parenting"
process-praise,559,practice,Process / Effort Praise vs Person Praise,Mixed,2,impact magnitude /5,2,"Bolsters clusters: authoritative-parenting, autonomy-supportive-parenting"
automatic-enrollment-defaults,560,practice,Automatic Enrollment & Smart Default Contributions,Strong,4,impact magnitude /5,2,"Bolsters clusters: automatic-savings-escalation, emergency-fund-buffer, savings-reminders-prompts"
automatic-savings-escalation,561,practice,Automatic Savings-Rate Escalation (Save More Tomorrow),Strong,4,impact magnitude /5,2,"Bolsters clusters: automatic-enrollment-defaults, emergency-fund-buffer, avoiding-lifestyle-creep"
commitment-savings-devices,562,practice,Commitment Savings Devices (Locked / Goal Accounts),Strong,3,impact magnitude /5,2,"Bolsters clusters: emergency-fund-buffer, mental-accounting-earmarking, savings-reminders-prompts"
emergency-fund-buffer,563,practice,Building a Liquid Emergency Fund,Moderate,4,impact magnitude /5,2,"Bolsters clusters: automatic-savings-escalation, commitment-savings-devices, avoiding-lifestyle-creep"
mental-accounting-earmarking,564,practice,Mental Accounting & Labeled/Earmarked Savings,Moderate,3,impact magnitude /5,2,"Bolsters clusters: commitment-savings-devices, emergency-fund-buffer, debt-snowball-vs-avalanche"
avoiding-lifestyle-creep,565,practice,Avoiding Lifestyle Creep (Fighting Hedonic Adaptation),Moderate,3,impact magnitude /5,2,"Bolsters clusters: automatic-savings-escalation, emergency-fund-buffer, cash-pain-of-paying"
savings-reminders-prompts,566,practice,Savings Reminders & Planning Prompts,Moderate,2,impact magnitude /5,1,"Bolsters clusters: automatic-savings-escalation, commitment-savings-devices, emergency-fund-buffer"
cash-pain-of-paying,567,practice,Paying with Cash to Restore the 'Pain of Paying',Moderate,2,impact magnitude /5,2,"Bolsters clusters: budgeting-expense-tracking, avoiding-lifestyle-creep, mental-accounting-earmarking"
debt-snowball-vs-avalanche,568,practice,Debt Snowball vs. Avalanche (Motivation vs. Math),Mixed,3,impact magnitude /5,2,"Bolsters clusters: mental-accounting-earmarking, budgeting-expense-tracking"
budgeting-expense-tracking,569,practice,Budgeting & Expense Tracking (Mixed Evidence),Mixed,2,impact magnitude /5,2,"Bolsters clusters: mental-accounting-earmarking, cash-pain-of-paying, avoiding-lifestyle-creep"
dollar-cost-averaging-honest,570,practice,Dollar-Cost Averaging a Lump Sum (Honest Verdict),Mixed,2,impact magnitude /5,2,"Bolsters clusters: automatic-savings-escalation, budgeting-expense-tracking"
financial-education-interventions,571,practice,"Financial Education Courses (Honest, Weak-Effect Verdict)",Mixed,1,impact magnitude /5,2,"Bolsters clusters: budgeting-expense-tracking, debt-snowball-vs-avalanche"
after-action-reviews-debriefs,572,practice,After-Action Reviews & Team Debriefs,Strong,3,impact magnitude /5,1,"Bolsters clusters: reflection-learning-by-thinking, deliberate-practice, developmental-job-assignments"
reflection-learning-by-thinking,573,practice,Learning by Thinking — Reflection After Work,Moderate,3,impact magnitude /5,1,"Bolsters clusters: deliberate-practice, after-action-reviews-debriefs, feedback-seeking-behavior"
job-crafting,574,practice,Job Crafting,Moderate,3,impact magnitude /5,2,"Bolsters clusters: career-adaptability, developmental-job-assignments, reflection-learning-by-thinking"
developmental-job-assignments,575,practice,Stretch / Developmental Job Assignments,Moderate,3,impact magnitude /5,2,"Bolsters clusters: after-action-reviews-debriefs, feedback-seeking-behavior, career-adaptability"
career-adaptability,576,practice,"Career Adaptability (Concern, Control, Curiosity, Confidence)",Moderate,3,impact magnitude /5,1,"Bolsters clusters: job-crafting, professional-networking-honest, feedback-seeking-behavior"
receiving-feedback-honest,577,practice,Acting on Feedback — The Honest Verdict,Mixed,2,impact magnitude /5,1,"Bolsters clusters: feedback-seeking-behavior, deliberate-practice, developmental-job-assignments"
professional-networking-honest,578,practice,Professional Networking (Honest),Mixed,3,impact magnitude /5,4,"Bolsters clusters: career-adaptability, developmental-job-assignments, mentoring-benefits-to-mentor"
mentoring-benefits-to-mentor,579,practice,Being a Mentor — Mentor-Side Benefits,Moderate,2,impact magnitude /5,2,"Bolsters clusters: developmental-job-assignments, reflection-learning-by-thinking, career-adaptability"
skill-stacking-t-shaped,580,practice,Skill-Stacking / T-Shaped Skills (Honest — Thin Evidence),Emerging,2,impact magnitude /5,2,"Bolsters clusters: career-adaptability, developmental-job-assignments, professional-networking-honest"
meaning-centered-psychotherapy,581,practice,Meaning-Centered Psychotherapy,Strong,4,impact magnitude /5,2,"Bolsters clusters: Purpose & Meaning in Life, Faith / Spiritual Community, Existential capacity"
signature-character-strengths-use,582,practice,Signature Character Strengths Use,Moderate,3,impact magnitude /5,2,"Bolsters clusters: Purpose & Meaning in Life, Self-Affirmation, Optimism & Explanatory Style"
self-transcendent-purpose-learning,583,practice,Self-Transcendent Purpose for Learning,Moderate,2,impact magnitude /5,2,"Bolsters clusters: Purpose & Meaning in Life, Goal-Setting, Grit / Deliberate Practice"
life-review-reminiscence-therapy,584,practice,Life Review & Reminiscence Therapy,Moderate,3,impact magnitude /5,2,"Bolsters clusters: Purpose & Meaning in Life, Cognitive Reserve & Lifelong Learning, Intrapersonal capacity"
values-clarification-valued-living,585,practice,Values Clarification & Valued Living,Moderate,3,impact magnitude /5,2,"Bolsters clusters: Acceptance & Commitment Therapy, Goal-Setting, Purpose & Meaning in Life"
positive-religious-spiritual-coping,586,practice,Positive Religious & Spiritual Coping,Mixed,3,impact magnitude /5,2,"Bolsters clusters: Faith / Spiritual Community, Religious Service Attendance, Reappraisal vs. Suppression"
moral-elevation-witnessing-virtue,587,practice,Moral Elevation (Witnessing Virtue),Emerging,2,impact magnitude /5,2,"Bolsters clusters: Prosocial Spending & Kindness, Loving-Kindness Meditation, Moral capacity"
dignity-therapy-legacy,588,practice,Dignity Therapy & Legacy-Making,Mixed,3,impact magnitude /5,2,"Bolsters clusters: Purpose & Meaning in Life, Volunteering & Generativity, Existential capacity"
benefit-finding-posttraumatic-growth,589,practice,Benefit-Finding & Post-Traumatic Growth,Mixed,2,impact magnitude /5,2,"Bolsters clusters: Reappraisal vs. Suppression, Optimism & Explanatory Style, Savoring"
receptive-arts-cultural-engagement,590,practice,"Receptive Arts & Cultural Engagement (Museums, Theatre, Concerts)",Strong,3,impact magnitude /5,2,"Bolsters: Aesthetic, Interpersonal, meaning, healthy longevity"
music-during-exercise,591,practice,Music During Exercise (Ergogenic & Enjoyment),Strong,3,impact magnitude /5,1,"Bolsters: exercise enjoyment, effort tolerance, Bodily performance, motivation"
music-listening-medical-anxiety-pain,592,practice,"Music Listening as Medicine (Perioperative & Procedural Anxiety, Pain)",Strong,3,impact magnitude /5,2,"Bolsters: Emotional regulation, pain coping, Musical, calm under arousal"
music-for-insomnia-sleep,593,practice,Music for Insomnia / Sleep,Moderate,2,impact magnitude /5,1,"Bolsters: sleep quality, relaxation, arousal down-regulation"
reminiscence-life-story-work,594,practice,Reminiscence & Life-Story Work,Moderate,2,impact magnitude /5,1,"Bolsters: autobiographical memory, mood, communication, Existential meaning"
dance-for-parkinsons,595,practice,Dance for Parkinson's Disease,Moderate,3,impact magnitude /5,2,"Bolsters: Bodily balance & gait, motor coordination, mood"
creative-arts-therapies-cancer,596,practice,Creative Arts Therapies in Cancer Care,Moderate,3,impact magnitude /5,2,"Bolsters: Emotional relief, pain coping, Creative expression, quality of life"
music-therapy-dementia,597,practice,Music-Based Therapy for Dementia,Moderate,2,impact magnitude /5,1,"Bolsters: mood, Emotional wellbeing, social engagement (not cognition)"
singing-for-lung-health-copd,598,practice,Singing for Lung Health (COPD),Mixed,2,impact magnitude /5,2,"Bolsters: breathing control, mood, Community, self-efficacy"
chinese-calligraphy-contemplative-handwriting,599,practice,Chinese Calligraphy (Contemplative Brush Handwriting),Emerging,2,impact magnitude /5,2,"Bolsters: Meta-Cognitive attention, working memory, relaxation, fine motor"
group-drumming-community-percussion,600,practice,Group Drumming / Community Percussion,Emerging,2,impact magnitude /5,1,"Bolsters: mood, Community bonding, stress physiology"
anchoring-bias-mispriced-decisions,601,weakness,Strong Anchoring Bias → Mispriced Estimates & Negotiations,Strong,6,threat /10,3,"Degrades: numeric judgment, valuation, negotiation, forecasting"
base-rate-neglect-misdiagnosis,602,weakness,Strong Base-Rate Neglect → Misdiagnosis & Bad Bets,Strong,6,threat /10,3,"Degrades: probabilistic reasoning, diagnosis, evidence updating"
loss-aversion-holding-losers,603,weakness,Strong Loss Aversion → Holding Losers & Inaction,Strong,6,threat /10,2,"Degrades: cutting losses, portfolio discipline, decisive action"
affect-heuristic-emotional-decisions,604,weakness,Strong Affect Heuristic → Emotion-Driven Decisions,Moderate,5,threat /10,2,"Degrades: cost-benefit analysis, risk-reward judgment, deliberation"
availability-heuristic-distorted-risk,605,weakness,Strong Availability Heuristic → Distorted Risk Perception,Mixed,5,threat /10,3,"Degrades: risk assessment, probability judgment, threat prioritization"
framing-susceptibility-manipulable-choices,606,weakness,Strong Framing Susceptibility → Manipulable Choices,Moderate,5,threat /10,2,"Degrades: preference stability, logical consistency, resistance to persuasion"
halo-effect-hiring-errors,607,weakness,Strong Halo Effect → Hiring & Evaluation Errors,Moderate,5,threat /10,2,"Degrades: person judgment, hiring, performance rating"
hindsight-bias-no-learning,608,weakness,Strong Hindsight Bias → No Learning From Outcomes,Strong,5,threat /10,2,"Degrades: calibration, learning from feedback, fair evaluation"
narrow-bracketing-myopic-choices,609,weakness,"Strong Narrow Framing → Myopic, Dominated Choices",Moderate,5,threat /10,2,"Degrades: portfolio thinking, aggregate optimization, risk pooling"
recency-performance-chasing,610,weakness,Strong Recency Bias → Performance Chasing,Moderate,5,threat /10,2,"Degrades: forecasting, investment discipline, trend judgment"
status-quo-bias-failure-to-adapt,611,weakness,Strong Status-Quo Bias → Failure to Adapt,Moderate,5,threat /10,2,"Degrades: adaptation, strategic switching, plan optimization"
gamblers-fallacy-betting-ruin,612,weakness,Strong Gambler's Fallacy → Betting & Financial Ruin,Moderate,4,threat /10,2,"Degrades: randomness reasoning, bet timing, risk control"
low-psychological-safety-hidden-errors,613,weakness,Low Psychological Safety → Hidden Errors & Silence,Strong,7,threat /10,2,"Degrades: error reporting, team learning, performance"
coordination-neglect-process-loss,614,weakness,Coordination Neglect → Process Loss (Team < Sum of Parts),Moderate,6,threat /10,2,"Degrades: integration of work, throughput, handoffs"
diffused-accountability-bystander-inaction,615,weakness,Diffused Accountability → Collective Inaction ('Someone Else Will'),Moderate,6,threat /10,1,"Degrades: response to problems, ownership, follow-through"
groupthink-catastrophic-group-decisions,616,weakness,Groupthink → Catastrophic Group Decisions,Mixed,6,threat /10,2,"Degrades: strategic decision quality, dissent capacity, risk detection"
key-person-dependency-bus-factor,617,weakness,Key-Person Dependency → Low Bus Factor (Single Point of Failure),Emerging,6,threat /10,2,"Degrades: continuity, resilience to turnover, knowledge redundancy"
shared-information-bias-hidden-profiles,618,weakness,Shared-Information (Common-Knowledge) Bias → Deciding on the Wrong Facts,Strong,6,threat /10,3,"Degrades: collective information pooling, decision accuracy"
social-loafing-diluted-collective-output,619,weakness,Social Loafing → Diluted Collective Output,Strong,6,threat /10,1,"Degrades: total team output, effort, accountability"
group-escalation-runaway-projects,620,weakness,Weak Project Governance → Runaway Escalation of Commitment,Moderate,6,threat /10,1,"Degrades: capital discipline, project kill decisions, resource allocation"
free-riding-sucker-effect,621,weakness,Free-Riding → The Sucker Effect (Effort Withdrawal Spiral),Moderate,5,threat /10,2,"Degrades: sustained effort, fairness, cooperation"
knowledge-hiding-information-silos,622,weakness,Knowledge Hiding → Information Silos & Collaboration Failure,Moderate,5,threat /10,1,"Degrades: knowledge transfer, cross-team trust, collective problem-solving"
meeting-overload-dysfunction,623,weakness,Meeting Overload & Dysfunction → Drained Productivity,Moderate,5,threat /10,2,"Degrades: focused work time, wellbeing, meeting effectiveness"
weak-diet-quality-neglect,624,weakness,"Diet-Quality Neglect (Low Fruit/Veg/Whole-Grain, High Sodium) → Cardiometabolic Death",Strong,8,threat /10,1,"Degrades: Volitional, Interoceptive, Street-Smarts"
weak-physical-activity-low-fitness,625,weakness,Physical Inactivity & Low Cardiorespiratory Fitness → All-Cause Mortality & NCDs,Strong,8,threat /10,2,"Degrades: Bodily, Volitional, Interoceptive"
weak-medication-nonadherence-chronic,626,weakness,Chronic Medication Nonadherence → Disease Progression & Mortality,Strong,7,threat /10,1,"Degrades: Volitional, Meta-Cognitive, Street-Smarts"
weak-sleep-chronic-deprivation,627,weakness,Chronic Sleep Deprivation → Cardiometabolic Disease & Mortality,Moderate,7,threat /10,2,"Degrades: Interoceptive, Volitional, Meta-Cognitive"
weak-cancer-screening-avoidance,628,weakness,Cancer-Screening Avoidance → Late-Stage Diagnosis & Preventable Death,Strong,6,threat /10,2,"Degrades: Meta-Cognitive, Street-Smarts, Volitional"
weak-ssb-overconsumption,629,weakness,Sugar-Sweetened Beverage Overconsumption → Type-2 Diabetes & Metabolic Syndrome,Moderate,6,threat /10,1,"Degrades: Volitional, Interoceptive, Street-Smarts"
weak-movement-habit-prolonged-sitting,630,weakness,Weak Movement Habit / Prolonged Sitting → Cardiometabolic Disease & Early Death,Moderate,6,threat /10,2,"Degrades: Bodily, Volitional, Interoceptive"
weak-long-working-hours-no-recovery,631,weakness,Overwork / No Recovery (Long Working Hours) → Stroke & Ischemic Heart Disease,Moderate,5,threat /10,2,"Degrades: Volitional, Interoceptive, Meta-Cognitive"
weak-sun-protection-neglect,632,weakness,Sun-Protection Neglect → Skin Cancer / Melanoma,Moderate,4,threat /10,1,"Degrades: Street-Smarts, Meta-Cognitive, Bodily"
weak-chronic-dehydration,633,weakness,Chronic Under-Hydration → Accelerated Aging & Chronic Disease,Emerging,3,threat /10,1,"Degrades: Interoceptive, Bodily, Street-Smarts"
chronic-procrastination-underperformance-health,634,weakness,Chronic Procrastination → Underperformance & Poorer Health,Moderate,6,threat /10,3,"Degrades: goal follow-through, work/academic output, physical health, stress load"
abstinence-violation-effect-relapse,635,weakness,All-or-Nothing / Abstinence-Violation Effect → Relapse,Moderate,5,threat /10,2,"Degrades: recovery maintenance, lapse recovery, self-efficacy after slips"
low-self-monitoring-goal-failure,636,weakness,Low Self-Monitoring → Goal Failure,Strong,5,threat /10,1,"Degrades: behavior-change success, feedback-based correction, goal attainment"
overcommitment-inability-to-withdraw-burnout,637,weakness,Overcommitment (Inability to Withdraw From Work) → Burnout & Heart Disease,Moderate,5,threat /10,1,"Degrades: recovery, work-life boundaries, cardiovascular health"
bedtime-procrastination-sleep-loss,638,weakness,Bedtime Procrastination → Chronic Sleep Loss,Emerging,4,threat /10,1,"Degrades: sleep sufficiency, next-day energy, daytime self-control"
compulsive-impulsive-buying-debt-distress,639,weakness,Compulsive / Impulsive Buying → Debt & Distress,Moderate,4,threat /10,1,"Degrades: financial stability, impulse control, relationship stability"
emotional-stress-eating-weight-gain,640,weakness,Emotional / Stress Eating → Weight Gain,Moderate,4,threat /10,1,"Degrades: appetite regulation, weight maintenance, mood-driven impulse control"
failure-to-disengage-unattainable-goals,641,weakness,Failure to Disengage From Unattainable Goals → Distress,Moderate,4,threat /10,2,"Degrades: wellbeing, resource reallocation, physical-health regulation"
poor-smartphone-self-regulation-wellbeing,642,weakness,Poor Smartphone Self-Regulation → Wellbeing (Contested),Mixed,3,threat /10,2,"Degrades: attention, sleep, mood — associations real but confounded"
ego-depletion-decision-fatigue-susceptibility,643,weakness,Ego-Depletion / Decision-Fatigue Susceptibility (Contested),Mixed,2,threat /10,1,Degrades: sustained willpower claims — but the mechanism largely failed replication
heavy-media-multitasking-attention-memory,644,weakness,Heavy Media-Multitasking Habit → Attention & Memory (Mixed),Mixed,2,threat /10,2,"Degrades: working memory, attention control — small and disputed"
perceived-injustice-favoritism,645,weakness,Favoritism / Perceived Injustice → Turnover & Envy,Strong,7,threat /10,3,"Degrades: fairness climate, retention, cohesion, discretionary effort"
laissez-faire-passive-avoidant-leadership,646,weakness,Laissez-Faire / Passive-Avoidant Leadership → The Destructive Null,Strong,7,threat /10,3,"Degrades: team engagement, role clarity, psychological safety, unit performance"
low-behavioral-integrity-inconsistency,647,weakness,Word-Deed Inconsistency (Low Behavioral Integrity) → Collapsed Trust,Strong,7,threat /10,2,"Degrades: trust in leader, commitment, citizenship behavior, performance"
conflict-avoidance-festering-dysfunction,648,weakness,Conflict Avoidance → Festering Relationship Conflict,Strong,6,threat /10,1,"Degrades: team performance, trust, satisfaction, decision quality"
succession-development-failure,649,weakness,Failure to Develop Successors → Pipeline Collapse & Costly Outside Hires,Moderate,6,threat /10,1,"Degrades: leadership continuity, strategic stability, long-term performance"
micromanagement-autonomy-thwarting,650,weakness,Micromanagement / Autonomy-Thwarting Control → Disengagement,Strong,6,threat /10,2,"Degrades: intrinsic motivation, work engagement, initiative, retention"
absent-or-poor-feedback,651,weakness,Absent or Botched Feedback → Stalled Development & Derailment,Mixed,5,threat /10,1,"Degrades: skill growth, performance correction, goal clarity"
leader-credit-taking-idea-theft,652,weakness,"Credit-Taking / Idea Theft → Anger, Unfairness & Withdrawal",Emerging,5,threat /10,1,"Degrades: perceived fairness, trust, citizenship behavior, contribution"
leader-indecisiveness-decision-avoidance,653,weakness,Indecisiveness / Decision Avoidance → Paralysis & Stalled Innovation,Emerging,5,threat /10,2,"Degrades: momentum, employee innovation, morale, opportunity capture"
weak-vision-communication,654,weakness,Weak Vision Communication → Low Inspiration & Performance,Moderate,5,threat /10,1,"Degrades: follower motivation, alignment, unit performance"
gaslighting-coercive-control-psychological-harm,655,weakness,Gaslighting / Coercive Control → Psychological Harm & Trauma,Strong,9,threat /10,2,"Degrades: partner's reality-testing, self-esteem, mental health"
jealousy-possessiveness-coercion-ipv,656,weakness,"Romantic Jealousy / Possessiveness → Coercion, IPV & Dissatisfaction",Mixed,7,threat /10,2,"Degrades: trust, autonomy in the relationship, partner safety"
stonewalling-emotional-withdrawal-dissolution,657,weakness,Stonewalling / Emotional Withdrawal → Marital Dissolution,Moderate,7,threat /10,2,"Degrades: conflict repair, emotional attunement, felt security"
chronic-unreliability-broken-commitments-trust-erosion,658,weakness,Chronic Unreliability / Broken Commitments → Trust Erosion,Moderate,6,threat /10,2,"Degrades: trust, dependability, felt security"
defensiveness-conflict-escalation,659,weakness,Defensiveness → Conflict Escalation & Dissolution,Moderate,6,threat /10,2,"Degrades: accountability in conflict, de-escalation, repair attempts"
harsh-startup-criticism-meltdown,660,weakness,Harsh Start-Up / Habitual Criticism → Conversation & Marriage Meltdown,Moderate,6,threat /10,2,"Degrades: conflict openings, goodwill, problem-solving climate"
negative-reciprocity-spirals,661,weakness,Negative Reciprocity Spirals → Corrosive Conflict,Moderate,6,threat /10,2,"Degrades: de-escalation, conflict recovery, goodwill"
expressive-suppression-emotional-unavailability,662,weakness,Expressive Suppression / Emotional Unavailability → Distance & Dissatisfaction,Moderate,5,threat /10,2,"Degrades: intimacy, emotional disclosure, partner attunement"
exchange-orientation-keeping-score,663,weakness,Exchange Orientation / Keeping Score → Eroded Communal Bond,Emerging,4,threat /10,2,"Degrades: generosity, felt care, communal trust"
partner-phubbing-satisfaction-decline,664,weakness,Partner Phubbing (Phone Snubbing) → Satisfaction Decline,Emerging,4,threat /10,2,"Degrades: presence, felt attention, everyday connection"
sexual-desire-discrepancy-withdrawal,665,weakness,Sexual Desire Discrepancy / Withdrawal → Sexual & Relationship Dissatisfaction,Mixed,4,threat /10,2,"Degrades: sexual satisfaction, intimacy, felt desirability"
no-emergency-fund-debt-spiral,666,weakness,No Emergency Fund / Financial Fragility → Debt Spiral,Strong,7,threat /10,2,"Degrades: shock absorption, credit health, solvency"
high-cost-credit-reliance-debt-trap,667,weakness,Chronic Reliance on High-Cost Credit → Debt Trap,Moderate,6,threat /10,1,"Degrades: cash flow, bill-paying capacity, solvency"
lottery-stock-speculation,668,weakness,Lottery-Stock / Speculation Susceptibility → Wealth Destruction,Moderate,6,threat /10,1,"Degrades: capital preservation, risk discipline, wealth accumulation"
under-diversification-concentration,669,weakness,Portfolio Under-Diversification / Concentration → Idiosyncratic Blowups,Strong,6,threat /10,3,"Degrades: capital preservation, risk-adjusted returns, retirement security"
return-chasing-behavior-gap,670,weakness,"Return-Chasing / The Behavior Gap → Buying High, Selling Low",Moderate,6,threat /10,2,"Degrades: realized returns, retirement funding, compounding"
financial-avoidance-ostrich-effect,671,weakness,Financial Avoidance / Ostrich Effect → Surprise Insolvency,Emerging,5,threat /10,1,"Degrades: early problem detection, corrective action, solvency"
fee-blindness-compounding-drag,672,weakness,Investment-Fee Blindness → Compounding Drag,Strong,5,threat /10,2,"Degrades: net returns, retirement balance, long-run wealth"
lifestyle-inflation-undersaving,673,weakness,Lifestyle Inflation / Hedonic Adaptation → Chronic Under-Saving,Mixed,5,threat /10,1,"Degrades: emergency reserves, retirement funding, financial resilience"
minimum-payment-anchoring-debt,674,weakness,Minimum-Payment Anchoring → Prolonged Debt,Moderate,4,threat /10,1,"Degrades: debt payoff speed, interest paid, cash flow"
money-scripts-financial-denial,675,weakness,Money Scripts / Financial Denial → Self-Sabotaging Money Behavior,Emerging,4,threat /10,1,"Degrades: net worth, saving behavior, financial follow-through"
math-anxiety-avoidance,676,weakness,Math Anxiety → Avoidance & Underperformance,Strong,7,threat /10,3,"Degrades: math achievement, working memory under load, STEM opportunity"
fluency-illusion-competence,677,weakness,Fluency Illusion → False Sense of Mastery,Strong,6,threat /10,2,"Degrades: self-regulated learning, exam performance, skill retention"
poor-comprehension-monitoring,678,weakness,Poor Comprehension Monitoring → Undetected Misunderstanding,Moderate,6,threat /10,2,"Degrades: reading comprehension, self-directed learning, error correction"
poor-transfer-of-learning,679,weakness,Poor Transfer of Learning → Inert Knowledge,Moderate,6,threat /10,2,"Degrades: applying skills to new contexts, problem-solving, real-world payoff of study"
debunked-study-techniques,680,weakness,Reliance on Debunked Study Habits → Wasted Study Time,Strong,6,threat /10,1,"Degrades: retention per hour studied, exam performance, self-regulated learning"
test-anxiety-underperformance,681,weakness,Test Anxiety → Exam Underperformance,Strong,6,threat /10,1,"Degrades: exam and standardized-test scores, GPA, credential attainment"
illusion-explanatory-depth,682,weakness,Illusion of Explanatory Depth → Overestimating Understanding,Moderate,5,threat /10,2,"Degrades: causal/mechanistic reasoning, calibrated confidence, decision quality"
low-cognitive-reflection,683,weakness,Low Cognitive Reflection → Intuitive Reasoning Errors,Moderate,5,threat /10,2,"Degrades: logical reasoning, error-correction, resistance to seductive wrong answers"
surface-rote-processing,684,weakness,"Surface / Rote Processing → Shallow, Fragile Learning",Moderate,5,threat /10,2,"Degrades: conceptual understanding, exam performance, transferable knowledge"
low-need-for-cognition,685,weakness,Low Need for Cognition → Shallow Engagement,Moderate,4,threat /10,2,"Degrades: sustained effortful learning, achievement, intellectual growth"
learning-styles-belief,686,weakness,Belief in Learning Styles → Misdirected Effort,Moderate,3,threat /10,2,"Degrades: study efficiency, evidence-based teaching choices"
languishing-precursor-depression,687,weakness,Chronic Languishing → Later Depression & Mental Illness,Strong,7,threat /10,2,"Degrades: Existential, Emotional, Intrapersonal capacity"
amotivation-need-frustration,688,weakness,Amotivation & Chronic Need Frustration → Disengagement,Strong,6,threat /10,2,"Degrades: Volitional, Existential, Intrapersonal capacity"
chronic-social-comparison,689,weakness,Chronic Upward Social Comparison → Envy & Dissatisfaction,Mixed,6,threat /10,2,"Degrades: Intrapersonal, Emotional, Social-Perceptual capacity"
goal-disengagement-failure,690,weakness,Failure to Quit Unattainable Goals → Distress & Health Cost,Moderate,6,threat /10,1,"Degrades: Volitional, Emotional, Existential capacity"
meaningless-work-disengagement,691,weakness,Meaningless Work → Disengagement & Withdrawal,Strong,6,threat /10,1,"Degrades: Existential, Volitional, Emotional capacity"
non-self-concordant-goals,692,weakness,Non-Self-Concordant Goals → Weak Effort & Persistence,Moderate,6,threat /10,2,"Degrades: Volitional, Existential, Intrapersonal capacity"
controlled-introjected-motivation,693,weakness,Controlled / Introjected Motivation → Fragile Persistence & Burnout,Moderate,5,threat /10,2,"Degrades: Volitional, Emotional, Existential capacity"
fear-of-missing-out,694,weakness,Fear of Missing Out (FoMO) → Distress & Compulsive Checking,Moderate,5,threat /10,2,"Degrades: Emotional, Existential, Intrapersonal capacity"
hedonic-adaptation-entrapment,695,weakness,Hedonic Adaptation Entrapment → The Treadmill,Mixed,4,threat /10,1,"Degrades: Existential, Emotional, Intrapersonal capacity"
materialism-extrinsic-goals,696,weakness,Materialistic / Extrinsic Goal Orientation → Lower Wellbeing,Moderate,4,threat /10,1,"Degrades: Existential, Intrapersonal, Emotional capacity"
heart-failure,697,cost,Heart Failure,Strong,5,harm severity /5,2,"Degrades: Physical stamina, Independence, Cognition, Emotional stability"
peripheral-artery-disease-amputation,698,cost,Peripheral Artery Disease → Amputation,Strong,5,harm severity /5,2,"Degrades: Mobility, Independence, Livelihood, Emotional stability"
pulmonary-hypertension,699,cost,Pulmonary Arterial Hypertension,Moderate,5,harm severity /5,2,"Degrades: Exercise capacity, Breathing, Independence, Longevity"
venous-thromboembolism,700,cost,Venous Thromboembolism (DVT / Pulmonary Embolism),Strong,4,harm severity /5,2,"Degrades: Survival, Mobility, Emotional stability, Physical stamina"
atrial-fibrillation-stroke,701,cost,Atrial Fibrillation → Stroke & Cognitive Decline,Strong,4,harm severity /5,2,"Degrades: Cognition, Memory, Independence, Emotional stability"
chronic-hypertension-end-organ,702,cost,Chronic Hypertension → End-Organ Damage,Strong,4,harm severity /5,2,"Degrades: Cardiac function, Kidney function, Vascular cognition, Vision"
diabetic-peripheral-neuropathy,703,cost,Diabetic Peripheral Neuropathy → Foot Ulcer & Amputation,Moderate,4,harm severity /5,2,"Degrades: Sensation, Mobility, Sleep, Independence"
masld-cirrhosis,704,cost,Fatty Liver Disease (MASLD) → Cirrhosis,Moderate,4,harm severity /5,2,"Degrades: Energy, Cognition, Longevity, Metabolic resilience"
gout,705,cost,Gout,Moderate,3,harm severity /5,2,"Degrades: Mobility, Bodily comfort, Sleep, Work productivity"
chronic-venous-insufficiency-ulcer,706,cost,Chronic Venous Insufficiency → Venous Leg Ulcers,Moderate,3,harm severity /5,2,"Degrades: Mobility, Sleep, Social participation, Emotional stability"
metabolic-syndrome,707,cost,Metabolic Syndrome,Strong,3,harm severity /5,2,"Degrades: Cardiovascular reserve, Energy, Cognition, Longevity"
schizophrenia-life-expectancy,708,cost,Schizophrenia — 15–20 Year Life-Expectancy Loss,Strong,5,harm severity /5,2,"Degrades: Bodily vitality, Community belonging, Volitional drive, Meta-cognitive clarity, Financial capacity"
anorexia-nervosa-mortality,709,cost,Anorexia Nervosa — Highest Mortality of Any Psychiatric Disorder,Strong,5,harm severity /5,2,"Degrades: Interoceptive accuracy, Bodily vitality, Intrapersonal insight, Emotional regulation, Existential meaning"
bipolar-disorder-mortality,710,cost,Bipolar Disorder — Premature Death & Suicide,Strong,5,harm severity /5,3,"Degrades: Emotional regulation, Volitional drive, Financial stability, Bodily vitality, Interpersonal bonds"
body-dysmorphic-disorder-suicidality,711,cost,Body Dysmorphic Disorder — Severe Suicidality & Withdrawal,Moderate,4,harm severity /5,2,"Degrades: Intrapersonal insight, Emotional regulation, Interpersonal engagement, Aesthetic self-appraisal, Volitional drive"
borderline-personality-disorder-suicide,712,cost,Borderline Personality Disorder — Suicide & Self-Injury,Moderate,4,harm severity /5,2,"Degrades: Emotional regulation, Interpersonal stability, Intrapersonal identity, Impulse control, Volitional continuity"
bulimia-nervosa-medical-sequelae,713,cost,Bulimia Nervosa — Medical Sequelae & Elevated Mortality,Moderate,4,harm severity /5,2,"Degrades: Interoceptive accuracy, Bodily vitality, Emotional regulation, Impulse control, Intrapersonal insight"
ocd-functional-impairment,714,cost,Obsessive-Compulsive Disorder — Functional & Quality-of-Life Loss,Moderate,4,harm severity /5,2,"Degrades: Volitional drive, Meta-cognitive flexibility, Interpersonal function, Occupational output, Emotional regulation"
postpartum-depression-child-outcomes,715,cost,Postpartum / Perinatal Depression — Child Developmental Cost,Moderate,3,harm severity /5,2,"Degrades: Parental caregiving, Child emotional development, Interpersonal bonding, Community support, Intrapersonal stability"
chronic-insomnia-disorder,716,cost,Chronic Insomnia Disorder — Gateway to Depression,Strong,3,harm severity /5,2,"Degrades: Emotional regulation, Meta-cognitive clarity, Volitional drive, Bodily vitality, Interoceptive balance"
prolonged-grief-disorder,717,cost,Prolonged Grief Disorder — Chronic Bereavement Impairment,Moderate,3,harm severity /5,2,"Degrades: Emotional regulation, Volitional drive, Interpersonal engagement, Existential meaning, Occupational function"
panic-disorder-agoraphobia-cardiac,718,cost,Panic Disorder & Agoraphobia — Disability & Cardiac Risk,Moderate,3,harm severity /5,2,"Degrades: Interoceptive accuracy, Community mobility, Bodily/cardiac health, Volitional drive, Interpersonal reach"
elder-abuse-neglect,719,cost,Elder Abuse & Neglect,Strong,4,harm severity /5,2,"Degrades: physical safety, mental health, autonomy, financial security"
workplace-bullying-adult,720,cost,Workplace Bullying (Adult Victim),Strong,4,harm severity /5,3,"Degrades: mental health, career trajectory, self-esteem, sleep"
childhood-peer-victimization,721,cost,Childhood Bullying Victimization,Strong,4,harm severity /5,2,"Degrades: mental health, self-concept, social trust, adult economic outcomes"
suicide-bereavement,722,cost,Suicide Bereavement,Moderate,4,harm severity /5,2,"Degrades: mental health, meaning, social connection, own suicide risk"
family-estrangement,723,cost,Family Estrangement,Moderate,3,harm severity /5,2,"Degrades: kin support, belonging, family identity, emotional stability"
sibling-estrangement,724,cost,Sibling Estrangement,Moderate,3,harm severity /5,2,"Degrades: lifelong kin support, belonging, family identity, wellbeing"
social-ostracism-rejection,725,cost,Social Ostracism & Rejection,Strong,3,harm severity /5,2,"Degrades: belonging, self-esteem, mood, sense of control and meaning"
cyberbullying-online-harassment,726,cost,Cyberbullying & Online Harassment,Moderate,3,harm severity /5,2,"Degrades: mood, self-esteem, sleep, sense of safety"
institutional-betrayal,727,cost,Institutional Betrayal,Moderate,3,harm severity /5,2,"Degrades: trust in institutions, trauma recovery, mental health"
parental-incarceration-ripple,728,cost,Parental Incarceration — Family Ripple,Moderate,3,harm severity /5,2,"Degrades: behavioral regulation, family stability, economic security, attachment"
ghosting-relational-uncertainty,729,cost,Ghosting & Relational Uncertainty,Emerging,2,harm severity /5,2,"Degrades: self-esteem, closure and sense-making, trust in future relationships"
catastrophic-underinsured-property-loss,730,cost,"Catastrophic Under-/Uninsured Property Loss (Fire, Flood)",Moderate,5,harm severity /5,2,"Degrades: housing security, lifetime wealth, community roots, life-course stability"
investment-ponzi-fraud-savings-wipeout,731,cost,Investment / Ponzi Fraud → Life-Savings Wipeout,Moderate,5,harm severity /5,2,"Degrades: retirement security, self-trust, emotional health, trust in others"
divorce-wealth-collapse,732,cost,Divorce → Wealth Collapse,Strong,4,harm severity /5,2,"Degrades: net worth, retirement security, standard of living, financial planning"
elder-financial-exploitation,733,cost,Elder Financial Exploitation,Moderate,4,harm severity /5,2,"Degrades: retirement security, autonomy, trust in family/caregivers, emotional wellbeing"
auto-title-loan-repossession,734,cost,Auto-Title Loan → Vehicle Repossession,Strong,4,harm severity /5,2,"Degrades: mobility & job access, financial slack, transportation security"
debt-collection-lawsuit-default-judgment,735,cost,Debt-Collection Lawsuit → Default Judgment,Moderate,4,harm severity /5,2,"Degrades: legal standing, financial security, procedural self-advocacy"
payday-loan-debt-trap,736,cost,Payday-Loan Debt Trap,Strong,3,harm severity /5,2,"Degrades: financial slack, forward planning, cash-flow control, stress load"
identity-theft-financial-emotional-toll,737,cost,Identity Theft — The Financial & Emotional Toll,Moderate,3,harm severity /5,3,"Degrades: financial control, sense of safety, emotional regulation, self-directed attention"
overdraft-fee-spiral-unbanking,738,cost,Chronic Overdraft Spiral → Unbanking,Moderate,3,harm severity /5,2,"Degrades: financial slack, banking access, cash-flow control"
student-loan-default-credit-ruin,739,cost,Student-Loan Default → Credit Ruin,Moderate,3,harm severity /5,2,"Degrades: credit standing, homeownership access, financial mobility"
cosigned-debt-default,740,cost,Cosigned-Debt Default,Emerging,3,harm severity /5,2,"Degrades: credit standing, financial slack, family relationships"
ageism-late-career-job-loss,741,cost,Ageism-Driven Late-Career Job Loss,Strong,4,harm severity /5,2,"Degrades: reemployment prospects, retirement security, occupational identity, mental health"
workplace-bullying-mobbing,742,cost,Workplace Bullying & Mobbing,Strong,4,harm severity /5,3,"Degrades: mental health, emotional regulation, interpersonal trust, work engagement"
long-working-hours-cardiovascular,743,cost,Long Working Hours → Stroke & Heart Disease,Strong,4,harm severity /5,2,"Degrades: cardiovascular health, longevity, cognitive stamina, family bonds"
skill-obsolescence-automation-displacement,744,cost,Skill Obsolescence & Automation Displacement,Strong,4,harm severity /5,2,"Degrades: economic security, occupational identity, adaptability, financial stability"
moral-injury-occupational,745,cost,Moral Injury (Military & Healthcare),Moderate,4,harm severity /5,2,"Degrades: moral coherence, existential meaning, emotional regulation, interpersonal trust"
whistleblower-retaliation-cost,746,cost,Whistleblower Retaliation,Moderate,4,harm severity /5,2,"Degrades: financial security, mental health, career standing, family relationships"
malpractice-litigation-license-loss,747,cost,Malpractice Litigation & License Jeopardy,Moderate,3,harm severity /5,2,"Degrades: professional confidence, mental health, career satisfaction, financial security"
reputational-ruin-online-cancellation,748,cost,Reputational Ruin & Online Cancellation,Emerging,3,harm severity /5,2,"Degrades: social belonging, employment prospects, mental health, sense of identity"
emotional-labor-surface-acting,749,cost,Emotional Labor & Surface Acting,Moderate,3,harm severity /5,2,"Degrades: emotional wellbeing, job satisfaction, authenticity, energy reserves"
gig-economy-precarity,750,cost,Gig-Economy Precarity & No Safety Net,Moderate,3,harm severity /5,2,"Degrades: financial security, mental-health stability, autonomy, benefit access"
sickness-presenteeism,751,cost,Presenteeism (Working While Sick),Moderate,3,harm severity /5,2,"Degrades: physical recovery, long-term productivity, cognition, immune function"
occupational-burnout-syndrome-icd11,752,cost,Occupational Burnout Syndrome (ICD-11),Mixed,3,harm severity /5,3,"Degrades: professional efficacy, emotional regulation, cognitive focus, intrapersonal wellbeing"
childhood-lead-exposure,753,cost,Childhood Lead Exposure,Strong,4,harm severity /5,2,"Degrades: IQ and cognition, attention and impulse control, academic attainment"
childhood-domestic-violence-exposure,754,cost,Childhood Exposure to Domestic Violence,Strong,4,harm severity /5,2,"Degrades: emotional regulation, aggression control, trust and attachment, threat calibration"
childhood-emotional-physical-neglect,755,cost,Childhood Neglect (Emotional & Physical),Strong,4,harm severity /5,3,"Degrades: emotional regulation, self-worth, trust and attachment, stress resilience"
preterm-low-birth-weight,756,cost,Prenatal Adversity: Preterm Birth / Very Low Birth Weight,Moderate,3,harm severity /5,2,"Degrades: cognition and IQ, attention, academic attainment, emotional regulation"
foster-care-placement-instability,757,cost,Foster-Care Placement Instability,Moderate,4,harm severity /5,2,"Degrades: attachment security, behavioral regulation, educational continuity, self-esteem"
childhood-bullying-victimization,758,cost,Bullying Victimization in Childhood,Strong,3,harm severity /5,3,"Degrades: adult mental health, social confidence, earning capacity, trust"
childhood-chronic-illness-burden,759,cost,Childhood Chronic Physical Illness,Moderate,3,harm severity /5,2,"Degrades: adult emotional health, self-esteem, social participation, educational continuity"
chronic-school-absenteeism,760,cost,Chronic Absenteeism / Educational Disruption,Moderate,3,harm severity /5,2,"Degrades: literacy and numeracy, graduation odds, self-regulation, later earnings"
household-alcoholism-substance-abuse,761,cost,Growing Up with Household Alcoholism / Substance Abuse,Moderate,3,harm severity /5,2,"Degrades: emotional stability, own substance-use risk, trust, conduct regulation"
parental-incarceration,762,cost,Parental Incarceration During Childhood,Moderate,3,harm severity /5,2,"Degrades: behavioral self-control, attachment security, educational attainment, social standing"
childhood-food-insecurity,763,cost,Childhood Food Insecurity,Mixed,3,harm severity /5,2,"Degrades: cognitive development, academic performance, attention, emotional regulation"
childhood-parentification,764,cost,Parentification (Role Reversal in Childhood),Mixed,2,harm severity /5,2,"Degrades: emotional boundaries, attachment security, rest and self-care, identity"
elder-abuse-mortality,765,cost,Elder Abuse & Neglect → Morbidity and Early Death,Strong,5,harm severity /5,2,"Degrades: safety, trust, mental health, survival"
delirium-cognitive-decline,766,cost,"Delirium → Dementia, Institutionalization & Death",Strong,4,harm severity /5,2,"Degrades: cognition, independence, memory, survival"
adl-functional-disability-decline,767,cost,Loss of Independence — ADL/Functional Disability,Strong,4,harm severity /5,2,"Degrades: independence, mobility, self-care, survival"
frailty-phenotype-mortality,768,cost,Frailty Syndrome (Fried Phenotype) → Mortality & Disability,Strong,4,harm severity /5,1,"Degrades: physical resilience, mobility, independence, stress tolerance"
mild-cognitive-impairment-dementia,769,cost,Mild Cognitive Impairment → Dementia Conversion,Strong,4,harm severity /5,2,"Degrades: memory, executive function, independence, self-management"
multimorbidity-burden,770,cost,Multimorbidity Burden (≥2 Chronic Conditions),Strong,4,harm severity /5,2,"Degrades: energy, function, quality of life, survival"
anorexia-of-aging-malnutrition,771,cost,Anorexia of Aging → Malnutrition & Wasting,Moderate,4,harm severity /5,1,"Degrades: strength, immunity, wound healing, survival"
osteoporosis-disease-burden,772,cost,Osteoporosis (Low Bone Mineral Density) — Silent Disease Burden,Strong,3,harm severity /5,1,"Degrades: skeletal integrity, mobility, independence, longevity"
driving-cessation-depression,773,cost,"Driving Cessation → Depression, Isolation & Mortality",Moderate,3,harm severity /5,1,"Degrades: mood, social participation, autonomy, activity"
urinary-incontinence-institutionalization,774,cost,Urinary Incontinence → Institutionalization & Isolation,Moderate,3,harm severity /5,2,"Degrades: dignity, social participation, independence, skin/mobility"
inflammaging-chronic-inflammation,775,cost,Inflammaging — Chronic Low-Grade Inflammation,Emerging,3,harm severity /5,2,"Degrades: physical function, cognition, immune defense, longevity"
polypharmacy-adverse-events,776,cost,"Polypharmacy → Adverse Drug Events, Falls & Mortality",Mixed,3,harm severity /5,2,"Degrades: safety, cognition, balance, independence"
chronic-pm25-air-pollution,777,cost,Chronic PM2.5 Air-Pollution Exposure → Mortality & Disease,Strong,4,harm severity /5,2,"Degrades: cardiovascular/respiratory health, longevity, cognition, metabolic health"
chronic-short-sleep-cardiometabolic,778,cost,Chronic Short Sleep → Cardiometabolic Disease & Mortality,Strong,4,harm severity /5,2,"Degrades: cardiometabolic health, glucose regulation, emotion regulation, working memory"
chronic-heat-nonoptimal-temperature,779,cost,Chronic Heat / Non-Optimal Temperature Exposure → Mortality & Function Loss,Strong,3,harm severity /5,2,"Degrades: cardiovascular/renal health, cognition, sleep, mood stability"
secondhand-smoke-exposure,780,cost,Secondhand Smoke Exposure → Heart Disease & Lung Cancer,Strong,3,harm severity /5,2,"Degrades: cardiovascular health, respiratory/lung-cancer risk, longevity"
moderate-alcohol-healthy-drinker-myth,781,cost,“Moderate” Alcohol & the Healthy-Drinker Myth → No Safe Level,Strong,3,harm severity /5,2,"Degrades: longevity, cancer risk, liver/cardiometabolic health, cognitive health"
chronic-environmental-noise-cvd,782,cost,Chronic Environmental Noise → Cardiovascular Disease & Sleep Loss,Moderate,3,harm severity /5,2,"Degrades: cardiovascular health, sleep quality, stress physiology, child cognition"
night-shift-work-cancer-iarc,783,cost,Night Shift Work → Cancer Risk (IARC Group 2A) & Metabolic Harm,Moderate,3,harm severity /5,2,"Degrades: circadian/metabolic health, sleep, breast-cancer risk, cardiovascular health"
long-commute-wellbeing-cost,784,cost,"Long Commute → Wellbeing, Mental Health & Obesity",Moderate,2,harm severity /5,2,"Degrades: subjective wellbeing, mental health, metabolic/body-weight health, sleep & leisure time"
adolescent-social-media-mental-health,785,cost,"Adolescent Social-Media Use → Mental Health (Contested, Small Effect)",Mixed,2,harm severity /5,2,"Degrades: mood/wellbeing (small average effect), sleep, attention"
chronic-underhydration-aging,786,cost,Chronic Under-Hydration → Accelerated Aging & Premature Mortality,Emerging,2,harm severity /5,2,"Degrades: cardiometabolic health, biological aging, renal function, physical/cognitive performance"
light-at-night-alan-exposure,787,cost,Light-at-Night Environmental Exposure (ALAN) → Metabolic & Cancer Risk,Mixed,2,harm severity /5,2,"Degrades: circadian/metabolic regulation, breast-cancer risk, sleep, body-weight regulation"
cognitive-processing-therapy-ptsd,788,practice,Cognitive Processing Therapy for PTSD,Strong,4,impact magnitude /5,2,"Bolsters clusters: trauma recovery, challenging stuck beliefs, emotion regulation"
prolonged-exposure-ptsd,789,practice,Prolonged Exposure for PTSD,Strong,4,impact magnitude /5,1,"Bolsters clusters: trauma recovery, approaching what you avoid, fear extinction"
metacognitive-therapy-wells,790,practice,Metacognitive Therapy (Wells),Moderate,3,impact magnitude /5,1,"Bolsters clusters: reducing worry and rumination, metacognitive control, anxiety recovery"
problem-solving-therapy-depression,791,practice,Problem-Solving Therapy for Depression,Moderate,3,impact magnitude /5,1,"Bolsters clusters: depression recovery, structured coping, agency over stressors"
mentalization-based-treatment-bpd,792,practice,Mentalization-Based Treatment for Borderline Personality Disorder,Moderate,3,impact magnitude /5,2,"Bolsters clusters: personality-disorder recovery, reducing self-harm, understanding minds"
behavioral-couples-therapy-substance-use,793,practice,Behavioral Couples Therapy for Addiction,Moderate,3,impact magnitude /5,2,"Bolsters clusters: recovery from substance use, relationship repair, reducing partner conflict"
ipsrt-bipolar,794,practice,Interpersonal & Social Rhythm Therapy for Bipolar Disorder,Moderate,3,impact magnitude /5,2,"Bolsters clusters: mood-episode prevention, daily routine regularity, circadian stability"
schema-therapy-personality-disorders,795,practice,Schema Therapy for Personality Disorders,Moderate,3,impact magnitude /5,1,"Bolsters clusters: personality-disorder recovery, healing early maladaptive schemas, emotional stability"
compassion-focused-therapy,796,practice,Compassion-Focused Therapy,Mixed,2,impact magnitude /5,2,"Bolsters clusters: reducing shame and self-criticism, self-compassion, emotional soothing"
internal-family-systems,797,practice,Internal Family Systems Therapy,Emerging,2,impact magnitude /5,2,"Bolsters clusters: self-compassion, working with inner conflict, trauma processing"
mbct-depression-relapse,798,practice,Mindfulness-Based Cognitive Therapy (MBCT),Strong,3,impact magnitude /5,1,"Bolsters clusters: Mindfulness & MBSR, Depression — Hippocampal Volume Loss (prevention), Rumination"
centering-contemplative-prayer,799,practice,Centering / Contemplative Prayer,Emerging,2,impact magnitude /5,2,"Bolsters clusters: Faith / Spiritual Community, Positive Religious & Spiritual Coping, Meditation / Mindfulness"
mindfulness-based-relapse-prevention,800,practice,Mindfulness-Based Relapse Prevention (MBRP),Moderate,3,impact magnitude /5,2,"Bolsters clusters: Twelve-Step Programs / AA, Urge Surfing, Other Drugs / Chemical Dependency (counter)"
walking-meditation,801,practice,Walking Meditation (Formal Mindful Walking),Emerging,2,impact magnitude /5,2,"Bolsters clusters: Contemplative & Nature Walking, Interoception, Glucose Regulation & Post-Meal Walking"
app-based-meditation,802,practice,"App-Based / Digital Meditation (Headspace, Calm)",Moderate,2,impact magnitude /5,2,"Bolsters clusters: Meditation / Mindfulness, Digital Self-Control Tools, Self-Compassion"
compassion-cultivation-training,803,practice,Compassion Cultivation Training (CCT / CBCT),Mixed,2,impact magnitude /5,2,"Bolsters clusters: Loving-Kindness Meditation, Self-Compassion, Empathy & Perspective-Taking"
focused-attention-vs-open-monitoring,804,practice,Focused-Attention vs. Open-Monitoring Styles,Emerging,2,impact magnitude /5,2,"Bolsters clusters: Meditation / Mindfulness, Guarding Uninterrupted Focus Blocks, Interoception"
body-scan-meditation,805,practice,Body-Scan Meditation,Mixed,2,impact magnitude /5,2,"Bolsters clusters: Interoception (Decision-Making & Intuition), Interoception (Emotion Regulation), Mindfulness & MBSR"
mantra-transcendental-meditation,806,practice,Mantra & Transcendental Meditation (TM),Mixed,2,impact magnitude /5,3,"Bolsters clusters: Meditation / Mindfulness, Breathwork / Slow-Paced Breathing, Blood-Pressure Control"
mindful-eating,807,practice,Mindful Eating (Mindfulness-Based Eating Interventions),Mixed,2,impact magnitude /5,2,"Bolsters clusters: Interoception, Emotional / Stress Eating (counter), Overeating / Ultra-Processed Diet (counter)"
speed-of-processing-active,808,practice,Speed-of-Processing (UFOV) Training — The ACTIVE Exception,Moderate,3,impact magnitude /5,2,"Bolsters clusters: Processing Speed, Divided Attention, Everyday Function / Driving"
cognitive-motor-dual-task-exergames,809,practice,Cognitive-Motor Dual-Task & Exergame Training,Moderate,3,impact magnitude /5,2,"Bolsters clusters: Dual-Task Ability, Executive Function, Balance / Fall Prevention"
cognitive-leisure-dementia,810,practice,Cognitively Stimulating Leisure & Dementia Risk (Observational),Mixed,2,impact magnitude /5,2,"Degrades risk of: Dementia / Cognitive Impairment (association, reverse-causation-prone)"
learning-new-skill-later-life,811,practice,Learning a New Complex Skill in Later Life (Synapse Project),Moderate,3,impact magnitude /5,2,"Bolsters clusters: Episodic Memory, Sustained Effortful Engagement"
multidomain-lifestyle-finger,812,practice,Multidomain Lifestyle Intervention (FINGER),Moderate,3,impact magnitude /5,2,"Bolsters clusters: Global Cognition, Executive Function, Processing Speed"
working-memory-nback-training,813,practice,Working-Memory / N-Back Training — The Far-Transfer Null,Strong,2,impact magnitude /5,2,"Bolsters clusters: Working-Memory Capacity, Trained-Task Speed (near transfer only)"
computerized-cognitive-training-older-adults,814,practice,Computerized Cognitive Training in Healthy Older Adults,Moderate,2,impact magnitude /5,2,"Bolsters clusters: Trained-Task Performance, Near-Transfer Memory & Speed (small)"
bilingualism-cognitive-reserve,815,practice,Bilingualism & Cognitive Reserve — The Contested Claim,Mixed,2,impact magnitude /5,2,Bolsters clusters: Verbal Repertoire; possibly Cognitive Reserve (contested)
computerized-cognitive-training-mci,816,practice,Computerized Cognitive Training in MCI,Mixed,2,impact magnitude /5,2,"Degrades risk of: Cognitive Decline (weakly, uncertainly) in Mild Cognitive Impairment"
music-training-cognitive-transfer,817,practice,Music Training & Cognitive Transfer — The Honest Null,Strong,1,impact magnitude /5,2,Bolsters clusters: Musical Skill itself; NOT general intelligence or academics
task-batching-switch-costs,818,practice,Task Batching — Grouping Like Work to Cut Switch Costs,Moderate,3,impact magnitude /5,2,"Bolsters clusters: single-tasking, email-batching, deep-work, time-blocking"
gtd-externalizing-open-loops,819,practice,Getting Things Done — Externalizing Open Loops,Moderate,3,impact magnitude /5,3,"Bolsters clusters: implementation-intentions, goal-setting, weekly-review-planning, time-blocking"
time-management-skills-training,820,practice,Time-Management Skills Training — The Honest Meta-Analytic Verdict,Moderate,3,impact magnitude /5,2,"Bolsters clusters: goal-setting, weekly-review-planning, eisenhower-priority-matrix, time-blocking"
weekly-review-planning,821,practice,Weekly Review & Planning,Moderate,3,impact magnitude /5,2,"Bolsters clusters: gtd-externalizing-open-loops, goal-setting, reflection-after-work"
eat-the-frog-task-sequencing,822,practice,Eat the Frog — Hardest-Task-First & Task Sequencing,Mixed,2,impact magnitude /5,3,"Bolsters clusters: goal-setting, self-efficacy, procrastination-reduction"
eisenhower-priority-matrix,823,practice,Eisenhower / Urgency-Importance Matrix,Mixed,2,impact magnitude /5,2,"Bolsters clusters: goal-setting, weekly-review-planning, time-blocking, decision-rules"
energy-ultradian-rhythms,824,practice,Energy Management & Ultradian Rhythms,Emerging,2,impact magnitude /5,2,"Bolsters clusters: time-blocking, microbreaks, deep-work, napping"
two-minute-rule,825,practice,The Two-Minute Rule,Emerging,2,impact magnitude /5,2,"Bolsters clusters: habit-formation, procrastination-reduction, gtd-externalizing-open-loops"
structured-procrastination,826,practice,Structured Procrastination,Emerging,1,impact magnitude /5,1,"Bolsters clusters: eisenhower-priority-matrix, two-minute-rule, task-batching"
personal-kanban-wip-limits,827,practice,Personal Kanban & WIP Limits,Emerging,2,impact magnitude /5,2,"Bolsters clusters: task-batching, single-tasking, weekly-review-planning"
okrs-goal-cascading,828,practice,OKRs & Goal Cascading,Emerging,2,impact magnitude /5,2,"Bolsters clusters: goal-setting, weekly-review-planning, feedback-seeking"
hsa-triple-tax-advantage,829,practice,Health Savings Account (Triple Tax Advantage),Strong,4,impact magnitude /5,3,"Bolsters clusters: Automated & Index Investing, Tax-Advantaged Retirement Saving, Building a Liquid Emergency Fund"
529-education-savings,830,practice,529 Education Savings Plans,Strong,3,impact magnitude /5,2,"Bolsters clusters: Automated & Index Investing, Tax-Efficient Goal Saving, Intergenerational Wealth Transfer"
term-life-buy-term-invest-difference,831,practice,"Term Life Insurance (Buy Term, Invest the Difference)",Moderate,4,impact magnitude /5,2,"Bolsters clusters: Automated & Index Investing, Building a Liquid Emergency Fund, Household Income Protection"
will-beneficiary-estate-plan,832,practice,"Will, Beneficiary Designations & Basic Estate Plan",Strong,3,impact magnitude /5,2,"Bolsters clusters: Asset Protection, Family Financial Protection, Retirement Account Management"
credit-score-optimization,833,practice,Credit-Score Optimization,Strong,3,impact magnitude /5,2,"Bolsters clusters: Debt Snowball vs. Avalanche, Building a Liquid Emergency Fund, Lower Borrowing Costs"
i-bonds-tips-inflation,834,practice,I Bonds & TIPS for Inflation Protection,Strong,3,impact magnitude /5,2,"Bolsters clusters: Building a Liquid Emergency Fund, Automated & Index Investing, Capital Preservation"
disability-insurance-underrated,835,practice,Disability Insurance (The Underrated One),Moderate,4,impact magnitude /5,2,"Bolsters clusters: Household Income Protection, Building a Liquid Emergency Fund, Retirement Saving Continuity"
umbrella-liability-insurance,836,practice,Umbrella (Excess) Liability Insurance,Moderate,3,impact magnitude /5,2,"Degrades tail risk to: Asset Protection, Building a Liquid Emergency Fund, Retirement Asset Preservation"
roth-vs-traditional-conversion,837,practice,Roth vs. Traditional & Strategic Roth Conversions,Moderate,3,impact magnitude /5,3,"Bolsters clusters: Automatic Enrollment & Smart Default Contributions, Tax-Advantaged Retirement Saving, Automated & Index Investing"
medical-bill-negotiation,838,practice,Medical-Bill Review & Negotiation,Moderate,3,impact magnitude /5,2,"Bolsters clusters: Building a Liquid Emergency Fund, Debt Snowball vs. Avalanche, Household Cash-Flow Protection"
income-annuities-honest,839,practice,Income Annuities (Honest: Narrow but Real Use),Mixed,2,impact magnitude /5,2,"Bolsters clusters: Retirement Income Security, Longevity-Risk Protection, Tax-Advantaged Retirement Saving"
long-term-care-insurance-honest,840,practice,Long-Term-Care Insurance (Honest: A Troubled Market),Mixed,2,impact magnitude /5,3,"Bolsters clusters: Retirement Asset Preservation, Caregiving-Burden Reduction, Health-Cost Resilience"
writing-skill-deliberate-feedback,841,practice,Writing Skill via Feedback & Deliberate Practice,Strong,4,impact magnitude /5,2,"Bolsters clusters: storytelling, communication, persuasion"
microteaching-instructional-skill,842,practice,Microteaching — Building Teaching/Presenting Skill,Strong,4,impact magnitude /5,1,"Bolsters clusters: public-speaking, presentation-coaching, communication"
vr-exposure-public-speaking-anxiety,843,practice,VR & Repeated Exposure for Public-Speaking Anxiety,Strong,4,impact magnitude /5,2,"Bolsters clusters: public-speaking, storytelling, rapport-building, assertiveness"
presentation-visual-design-multimedia,844,practice,Presentation & Slide Design (Multimedia Principles),Moderate,3,impact magnitude /5,2,"Bolsters clusters: public-speaking, storytelling, teaching"
presentation-delivery-feedback-coaching,845,practice,Feedback-Based Presentation Coaching (Video Self-Review),Moderate,3,impact magnitude /5,1,"Bolsters clusters: public-speaking, teaching, storytelling"
interview-skills-training,846,practice,Job-Interview Skills Training (incl. VR Simulators),Moderate,3,impact magnitude /5,2,"Bolsters clusters: self-presentation, communication, public-speaking"
voice-vocal-training,847,practice,Voice & Vocal Training,Moderate,3,impact magnitude /5,2,"Bolsters clusters: public-speaking, singing, teaching"
sales-training-effectiveness,848,practice,Sales & Persuasion Skills Training,Mixed,3,impact magnitude /5,2,"Bolsters clusters: negotiation, communication, rapport-building"
debate-argumentation-training,849,practice,Debate & Argumentation Training,Moderate,3,impact magnitude /5,1,"Bolsters clusters: persuasion, negotiation, critical-thinking"
reappraise-arousal-as-excitement,850,practice,Reframe Arousal as Excitement Before Performing,Mixed,2,impact magnitude /5,1,"Bolsters clusters: public-speaking, negotiation, self-presentation"
having-a-confidant,851,practice,Having a Confidant — Someone to Confide In,Moderate,4,impact magnitude /5,2,"Bolsters clusters: Interpersonal, Emotional, Intrapersonal, depression prevention"
investing-in-adult-friendships,852,practice,Investing in Adult Friendships,Moderate,4,impact magnitude /5,2,"Bolsters clusters: Interpersonal, Emotional, Community, longevity and mood"
multiple-group-memberships-social-cure,853,practice,Multiple Group Memberships (the 'Social Cure'),Moderate,4,impact magnitude /5,2,"Bolsters clusters: Community, Intrapersonal, Existential, transition resilience"
collective-effervescence-assembly,854,practice,Collective Effervescence — Shared Group Elation,Emerging,3,impact magnitude /5,2,"Bolsters clusters: Community, Existential, Emotional, flourishing"
weak-ties-relational-diversity,855,practice,Weak Ties & Relational Diversity,Moderate,3,impact magnitude /5,2,"Bolsters clusters: Community, Interpersonal, Social-Perceptual, everyday belonging"
social-capital-civic-participation,856,practice,Civic Participation & Building Social Capital,Moderate,3,impact magnitude /5,2,"Bolsters clusters: Community, Moral, Strategic, trust and collective efficacy"
group-exercise-kohler-effect,857,practice,Group-Based Exercise & the Köhler Effect,Moderate,3,impact magnitude /5,2,"Bolsters clusters: Bodily, Community, Volitional, adherence and motivation"
knowing-your-neighbors,858,practice,Knowing Your Neighbors — Neighboring,Emerging,3,impact magnitude /5,2,"Bolsters clusters: Community, Social-Perceptual, Interpersonal, loneliness prevention"
third-places-informal-gathering,859,practice,Third Places — Regular Informal Gathering Spots,Emerging,3,impact magnitude /5,2,"Bolsters clusters: Community, Interpersonal, Social-Perceptual, loneliness prevention"
parkrun-community-events,860,practice,parkrun & Free Community Movement Events,Emerging,3,impact magnitude /5,2,"Bolsters clusters: Community, Bodily, Volitional, inclusion and social prescribing"
behavioral-synchrony,861,practice,Behavioral Synchrony — Moving in Time Together,Moderate,2,impact magnitude /5,3,"Bolsters clusters: Community, Interpersonal, Musical/Bodily, trust and cooperation"
community-gardens-allotments,862,practice,Community Gardens & Allotments — Social Cohesion,Emerging,3,impact magnitude /5,2,"Bolsters clusters: Community, Naturalist, Bodily, neighborhood social cohesion"
infant-safe-sleep,863,practice,Infant Safe-Sleep Practices (Back-to-Sleep),Strong,5,impact magnitude /5,3,"Bolsters clusters: serve-and-return, responsive feeding, authoritative parenting"
child-directed-special-time,864,practice,Child-Directed 'Special Time' (PCIT-style),Strong,4,impact magnitude /5,2,"Bolsters clusters: serve-and-return, behavioral parent training, emotion coaching"
behavioral-sleep-training,865,practice,Behavioral Sleep Training (Graduated Extinction),Moderate,3,impact magnitude /5,3,"Bolsters clusters: consistent bedtime routines, responsive feeding, parental mood"
collaborative-problem-solving,866,practice,Collaborative Problem-Solving with Kids (Family Meetings),Moderate,3,impact magnitude /5,2,"Bolsters clusters: autonomy support, sibling-conflict mediation, authoritative parenting"
sibling-conflict-mediation,867,practice,Sibling-Conflict Mediation Coaching,Moderate,3,impact magnitude /5,2,"Bolsters clusters: emotion coaching, collaborative problem-solving, perspective-taking"
adolescent-autonomy-monitoring,868,practice,Adolescent Autonomy-Granting & Warm Monitoring,Moderate,3,impact magnitude /5,3,"Bolsters clusters: autonomy support, authoritative parenting, parent-teen trust"
financial-socialization-allowance,869,practice,Financial Socialization (Allowance & Money Talk),Emerging,2,impact magnitude /5,2,"Bolsters clusters: delay of gratification, autonomy support, authoritative parenting"
toddler-tantrum-coregulation,870,practice,Toddler Tantrum Co-Regulation,Emerging,3,impact magnitude /5,2,"Bolsters clusters: emotion coaching, serve-and-return, autonomy support"
responsive-paced-feeding,871,practice,Responsive & Paced Feeding (Not Pressuring to Eat),Mixed,2,impact magnitude /5,2,"Bolsters clusters: serve-and-return, emotion coaching, authoritative parenting"
screen-media-mediation,872,practice,Screen-Time Media Mediation (Active vs Restrictive),Mixed,2,impact magnitude /5,2,"Bolsters clusters: authoritative parenting, emotion coaching, dialogic reading"
teaching-delay-of-gratification,873,practice,Teaching Delay of Gratification (Honest Verdict),Mixed,2,impact magnitude /5,2,"Bolsters clusters: autonomy support, financial socialization, self-control"
solo-generation-before-group,874,practice,"Generate Ideas Solo First (Brainwriting), Then Combine",Strong,3,impact magnitude /5,2,"Bolsters clusters: Generate Quantity to Get Quality, Devil's Advocacy / Dialectical Inquiry / Red-Teaming"
engineering-flow-conditions,875,practice,"Engineering Flow — Challenge-Skill Balance, Clear Goals, Feedback",Moderate,3,impact magnitude /5,2,"Bolsters clusters: Flow States, Deliberate Practice & Skill Acquisition, Guarding Uninterrupted Focus Blocks"
incubation-stepping-away,876,practice,Incubation — Step Away to Let a Problem Unstick,Moderate,3,impact magnitude /5,2,"Bolsters clusters: Flow States, Learning by Teaching, Brief Nature Breaks to Restore Directed Attention"
analogical-cross-domain-input,877,practice,Feed on Far Analogies & Cross-Domain Input,Moderate,3,impact magnitude /5,2,"Bolsters clusters: Reading, Multicultural & Foreign Experience, Generate Quantity to Get Quality"
quantity-before-quality-equal-odds,878,practice,Generate Quantity to Get Quality (the Equal-Odds Rule),Moderate,3,impact magnitude /5,2,"Bolsters clusters: Deliberate Practice & Skill Acquisition, Solo Idea Generation Before Group Debate"
multicultural-foreign-experience,879,practice,Seek Multicultural & Foreign Experience,Moderate,3,impact magnitude /5,2,"Bolsters clusters: Travel & Novel Experiences, Reading, Feed on Far Analogies & Cross-Domain Input"
positive-mood-for-creativity,880,practice,"Cultivate Positive, Activating Mood Before Creative Work",Moderate,2,impact magnitude /5,1,"Bolsters clusters: Gratitude Practice, Awe, Music Listening as Medicine"
creative-constraints,881,practice,Impose a Constraint to Boost Creative Output,Emerging,2,impact magnitude /5,2,"Bolsters clusters: Generate Quantity to Get Quality, Timed Work Blocks (Pomodoro-Style)"
sleep-on-a-problem-insight,882,practice,Sleep on a Problem — Overnight Consolidation of Insight,Mixed,2,impact magnitude /5,2,"Bolsters clusters: Sleep Quality, Napping, Incubation - Step Away to Let a Problem Unstick"
walking-boosts-creativity,883,practice,Walk to Boost Divergent Thinking,Emerging,2,impact magnitude /5,1,"Bolsters clusters: Walking & Daily Steps, Awe Walks, Incubation - Step Away to Let a Problem Unstick"
unconscious-thought-decisions-debunk,884,practice,'Sleep On It' to Decide — Honest Null (Unconscious Thought),Mixed,1,impact magnitude /5,2,"Bolsters clusters: Cooling-Off Periods for Hot-State Decisions, Sleep on a Problem - Overnight Consolidation of Insight"
protect-low-pressure-creative-time,885,practice,"Protect Low-Pressure, Focused Time for Creative Work",Emerging,2,impact magnitude /5,1,"Bolsters clusters: Guarding Uninterrupted Focus Blocks, Engineering Flow - Challenge-Skill Balance"
nature-connectedness,886,practice,Nature Connectedness (Trait & Practice),Moderate,2,impact magnitude /5,2,"Bolsters clusters: forest-bathing, nature-prescriptions, awe"
natural-soundscapes-birdsong,887,practice,Natural Soundscapes & Birdsong,Moderate,2,impact magnitude /5,3,"Bolsters clusters: forest-bathing, window-views-of-nature, attention-restoration"
residential-greenspace,888,practice,Neighbourhood Greenspace (Residential Greenness),Moderate,2,impact magnitude /5,1,"Bolsters clusters: nature-prescriptions, green-exercise, nature-connectedness"
wilderness-adventure-therapy,889,practice,Wilderness & Adventure Therapy,Moderate,3,impact magnitude /5,1,"Bolsters clusters: forest-bathing, residential-greenspace, self-efficacy"
virtual-simulated-nature,890,practice,Virtual & Simulated Nature (VR / Video),Emerging,2,impact magnitude /5,2,"Bolsters clusters: natural-soundscapes, window-views-of-nature, attention-restoration"
window-views-of-nature,891,practice,Window Views of Nature,Emerging,2,impact magnitude /5,2,"Bolsters clusters: biophilic-workplace-design, natural-soundscapes, nature-connectedness"
nature-prescriptions,892,practice,Nature Prescriptions (Green Prescribing),Moderate,2,impact magnitude /5,1,"Bolsters clusters: residential-greenspace, green-exercise, nature-connectedness"
biophilic-workplace-design,893,practice,Biophilic Indoor & Workplace Design,Mixed,2,impact magnitude /5,2,"Bolsters clusters: window-views-of-nature, natural-soundscapes, houseplants"
forest-bathing-shinrin-yoku,894,practice,Forest Bathing (Shinrin-Yoku),Emerging,2,impact magnitude /5,2,"Bolsters clusters: nature-connectedness, natural-soundscapes, contemplative-nature-walking"
animal-assisted-therapy,895,practice,Animal-Assisted Therapy / Interventions,Mixed,2,impact magnitude /5,1,"Bolsters clusters: social-connection, befriending, therapy-engagement"
cycling-active-commuting,896,practice,Cycling & Active Commuting,Strong,4,impact magnitude /5,2,"Bolsters clusters: Cardiorespiratory Fitness — VO2max, Walking & Daily Steps, Physical Inactivity / Sedentary Behavior"
racket-social-sport-longevity,897,practice,Racket & Social Sports — The Longevity Ranking,Moderate,4,impact magnitude /5,2,"Bolsters clusters: Community & Rec Sports Teams, Social Connection, Cardiorespiratory Fitness — VO2max"
hiking-mountain-walking,898,practice,Hiking & Mountain Walking,Moderate,3,impact magnitude /5,2,"Bolsters clusters: Contemplative & Nature Walking (Green Exercise), Walking & Daily Steps, Nature Dose — 120 min/week"
nordic-walking,899,practice,Nordic Walking (Pole Walking),Moderate,3,impact magnitude /5,2,"Bolsters clusters: Walking & Daily Steps, Cardiorespiratory Fitness — VO2max, Balance & Fall-Prevention Exercise"
martial-arts-training,900,practice,Martial Arts Training (Striking & Traditional),Mixed,3,impact magnitude /5,2,"Bolsters clusters: Brazilian Jiu-Jitsu, Reappraisal vs. Suppression, Balance & Fall-Prevention Exercise"
non-contact-boxing-parkinsons,901,practice,Non-Contact Boxing for Parkinson's,Emerging,3,impact magnitude /5,2,"Bolsters clusters: Balance & Fall-Prevention Exercise, Dance for Parkinson's Disease, Power & Explosive Training for Aging"
rowing,902,practice,Rowing (Ergometer & On-Water),Emerging,3,impact magnitude /5,2,"Bolsters clusters: Cardiorespiratory Fitness — VO2max, Strength & Resistance Training, Sarcopenia — Age-Related Muscle Loss"
cross-country-skiing,903,practice,Cross-Country Skiing,Moderate,3,impact magnitude /5,2,"Bolsters clusters: Cardiorespiratory Fitness — VO2max, Trail / Distance Running & Depression, Aerobic Exercise"
standing-treadmill-desks,904,practice,Standing & Treadmill Desks,Mixed,2,impact magnitude /5,2,"Bolsters clusters: Breaking Up Sitting, Physical Inactivity / Sedentary Behavior, Glucose Regulation & Post-Meal Walking"
table-tennis-parkinsons-cognition,905,practice,Table Tennis (Parkinson's & Reaction),Emerging,2,impact magnitude /5,1,"Bolsters clusters: Balance & Fall-Prevention Exercise, Community & Rec Sports Teams, Action Video Games"
reduce-red-processed-meat,906,practice,Cutting Processed & Red Meat,Moderate,2,impact magnitude /5,2,"Bolsters clusters: cardiometabolic health, cancer risk reduction, healthy lifespan"
central-adiposity-waist-mortality,907,practice,Keeping Waist & Visceral Fat Low,Moderate,3,impact magnitude /5,1,"Bolsters clusters: metabolic health, cardiovascular resilience, healthy lifespan"
resistance-training-2x-week-mortality,908,practice,Muscle-Strengthening 2×/Week — Resistance Training & Mortality,Moderate,3,impact magnitude /5,2,"Bolsters clusters: healthy lifespan, muscular strength, metabolic health"
deprescribing-medication-review,909,practice,Deprescribing & Medication Review in Older Age,Mixed,2,impact magnitude /5,2,"Bolsters clusters: fall/adverse-event avoidance, functional independence, safety"
blue-zones-lifestyle-honest-verdict,910,practice,Blue Zones Lifestyle — The Honest Verdict,Mixed,2,impact magnitude /5,2,"Bolsters clusters: (contested); plant-forward diet, movement, social ties"
geroprotector-drugs-metformin-rapamycin,911,practice,Repurposed Geroprotector Drugs — Metformin & Rapamycin (Investigational),Emerging,2,impact magnitude /5,3,Bolsters clusters: (unproven in healthy humans); geroscience frontier
longevity-supplements-honest-verdict,912,practice,"Longevity Supplements — The Honest Human Verdict (NAD⁺/NMN, Antioxidants)",Mixed,1,impact magnitude /5,2,Bolsters clusters: (few proven); mostly a caution against wasted money and harm
senolytics-clearing-senescent-cells,913,practice,Senolytics — Clearing Senescent Cells (Early Human Pilots),Emerging,1,impact magnitude /5,2,"Bolsters clusters: (frontier, unproven); inflammation/senescence targeting"
caloric-restriction-calerie,914,practice,Sustained Caloric Restriction (CALERIE),Emerging,2,impact magnitude /5,2,"Bolsters clusters: metabolic health, pace of biological aging, cardiometabolic risk"
curse-of-knowledge-bad-teaching,915,weakness,Curse of Knowledge → Failed Teaching & Communication,Strong,5,threat /10,2,"Degrades: teaching, explaining, writing, perspective-taking"
illusion-of-control-risk-taking,916,weakness,Illusion of Control → Overexposure & Excess Risk,Moderate,5,threat /10,3,"Degrades: trading discipline, gambling restraint, calibrated planning"
negativity-bias-distorted-judgment,917,weakness,Negativity Bias → Distorted Judgment ('Bad Is Stronger Than Good'),Strong,5,threat /10,2,"Degrades: balanced appraisal, relationships, risk-weighting, mood"
survivorship-bias-wrong-lessons,918,weakness,Survivorship Bias → Learning the Wrong Lessons,Strong,5,threat /10,2,"Degrades: pattern inference, strategy, due diligence, forecasting"
optimism-bias-underinsurance,919,weakness,Unrealistic Optimism → Underinsurance & Under-Preparation,Strong,5,threat /10,3,"Degrades: risk perception, financial planning, contingency thinking"
ambiguity-aversion-missed-opportunity,920,weakness,Ambiguity Aversion → Missed Opportunity,Moderate,4,threat /10,2,"Degrades: investing, decision under uncertainty, exploration"
endowment-effect-overvaluing,921,weakness,Endowment Effect → Overvaluing What You Already Hold,Moderate,4,threat /10,3,"Degrades: negotiation, pricing, portfolio rebalancing, letting-go"
omission-bias-harmful-inaction,922,weakness,Omission Bias → Harmful Inaction,Moderate,4,threat /10,2,"Degrades: medical decisions, moral judgment, timely action"
projection-bias-future-preferences,923,weakness,Projection Bias → Mispredicting Your Future Self,Moderate,4,threat /10,2,"Degrades: long-term planning, purchasing, commitment decisions"
action-bias-needless-intervention,924,weakness,Action Bias → Needless Intervention,Moderate,3,threat /10,1,"Degrades: strategic patience, doing-nothing discipline, over-trading avoidance"
ikea-effect-own-work,925,weakness,IKEA Effect → Overvaluing Your Own Creations,Moderate,3,threat /10,1,"Degrades: objective self-appraisal, product/design decisions, kill-your-darlings editing"
zero-risk-bias-safety-misallocation,926,weakness,Zero-Risk Bias → Misallocated Safety Spending,Mixed,3,threat /10,2,"Degrades: risk prioritization, resource allocation, cost-benefit reasoning"
hot-hand-fallacy-streak-chasing,927,weakness,Hot-Hand Belief → Streak-Chasing in Random Processes,Mixed,2,threat /10,2,"Degrades: probabilistic reasoning, betting discipline, performance evaluation"
hostile-attribution-bias,928,weakness,Hostile Attribution Bias → Aggression & Chronic Conflict,Strong,8,threat /10,2,"Degrades: conflict resolution, relationship stability, aggression control"
fundamental-attribution-error-correspondence-bias,929,weakness,"Correspondence Bias (Fundamental Attribution Error) → Blaming Character, Not Situation",Strong,7,threat /10,2,"Degrades: fair judgment of others, conflict de-escalation, hiring & performance evaluation"
naive-realism,930,weakness,Naive Realism → Escalating Conflict & Demonizing Dissent,Moderate,7,threat /10,2,"Degrades: conflict resolution, open-mindedness, negotiation across disagreement"
self-serving-attributional-bias,931,weakness,Self-Serving Attributional Bias → No Accountability,Strong,6,threat /10,1,"Degrades: accountability, learning from failure, trust in teams and marriages"
ultimate-attribution-error,932,weakness,Ultimate Attribution Error → Prejudice & Intergroup Hostility,Moderate,6,threat /10,2,"Degrades: intergroup fairness, stereotype resistance, moral judgment across group lines"
hot-cold-empathy-gap,933,weakness,Hot-Cold Empathy Gap → Misjudging Your Own and Others' Behavior,Moderate,5,threat /10,2,"Degrades: self-control planning, empathy for others in distress, decision quality under arousal"
just-world-victim-blaming,934,weakness,Just-World Belief → Victim-Blaming & Defensive Attribution,Moderate,5,threat /10,2,"Degrades: compassion for victims, moral judgment, support for the vulnerable"
stereotyping-implicit-bias-discrimination,935,weakness,Stereotyping & Implicit Bias → Discrimination (Honest: The IAT Predicts Weakly),Mixed,5,threat /10,3,"Degrades: fair evaluation, hiring equity, intergroup treatment"
false-consensus-effect,936,weakness,False Consensus Effect → Overestimating How Many People Agree With You,Moderate,4,threat /10,2,"Degrades: perspective-taking, negotiation, realistic social forecasting"
illusion-of-transparency,937,weakness,Illusion of Transparency → Overestimating How Readable You Are,Moderate,4,threat /10,2,"Degrades: communication clarity, public speaking, emotional self-management"
spotlight-effect,938,weakness,Spotlight Effect → Social Anxiety & Self-Consciousness,Moderate,4,threat /10,2,"Degrades: social confidence, risk-taking in public, anxiety regulation"
actor-observer-asymmetry,939,weakness,Actor-Observer Asymmetry → Double Standard in Blame (Honest: Weaker Than Assumed),Mixed,2,threat /10,1,"Degrades: fairness in conflict, empathy for others' constraints"
anxiety-sensitivity-panic,940,weakness,Anxiety Sensitivity → Panic & Anxiety Disorders,Strong,7,threat /10,2,"Degrades: Interoceptive, Emotional, Meta-Cognitive"
pain-catastrophizing-disability,941,weakness,Pain Catastrophizing → Chronic Pain & Disability,Strong,7,threat /10,2,"Degrades: Interoceptive, Emotional, Meta-Cognitive, Bodily"
anger-rumination-aggression,942,weakness,Anger Rumination → Aggression & Displaced Aggression,Moderate,6,threat /10,2,"Degrades: Emotional, Meta-Cognitive, Interpersonal, Adversarial"
fear-negative-evaluation-social-anxiety,943,weakness,Fear of Negative Evaluation → Social Anxiety,Moderate,6,threat /10,2,"Degrades: Interpersonal, Social-Perceptual, Emotional, Meta-Cognitive"
rejection-sensitivity-relationship-sabotage,944,weakness,Rejection Sensitivity → Relationship Sabotage,Moderate,6,threat /10,2,"Degrades: Interpersonal, Emotional, Intrapersonal, Social-Perceptual"
co-rumination-depression-contagion,945,weakness,Co-Rumination → Contagious Depression & Anxiety,Mixed,4,threat /10,2,"Degrades: Intrapersonal, Emotional, Interpersonal, Meta-Cognitive"
emotional-reasoning-anxiety-maintenance,946,weakness,Emotional Reasoning (Ex-Consequentia) → Anxiety Maintenance,Emerging,4,threat /10,2,"Degrades: Meta-Cognitive, Emotional, Interoceptive, Logical"
maladaptive-daydreaming-impairment,947,weakness,Maladaptive Daydreaming → Functional Impairment,Emerging,4,threat /10,2,"Degrades: Volitional, Intrapersonal, Meta-Cognitive, Emotional"
sensory-processing-sensitivity-overwhelm,948,weakness,Sensory Processing Sensitivity → Overwhelm & Negative Affect,Mixed,4,threat /10,2,"Degrades: Interoceptive, Emotional, Intrapersonal"
sociotropy-dependency-depression,949,weakness,Sociotropy / Dependency → Depression After Interpersonal Loss,Mixed,4,threat /10,2,"Degrades: Intrapersonal, Emotional, Interpersonal, Volitional"
thought-suppression-ironic-rebound,950,weakness,Thought Suppression → Ironic Rebound of Intrusions,Mixed,4,threat /10,2,"Degrades: Meta-Cognitive, Emotional, Intrapersonal"
type-d-personality-cardiac,951,weakness,Type-D (Distressed) Personality → Cardiac Outcomes,Mixed,3,threat /10,2,"Degrades: Emotional, Interpersonal, Intrapersonal"
no-batna-weak-bargaining-power,952,weakness,No BATNA / Failure to Develop Alternatives → Weak Bargaining Power,Strong,8,threat /10,3,"Degrades: distributive outcomes, walk-away discipline, perceived power"
fixed-pie-bias-win-lose-framing,953,weakness,"Fixed-Pie Bias → Win-Lose Framing, Missed Integrative Value",Strong,7,threat /10,3,"Degrades: joint value creation, trade discovery, deal quality"
winners-curse-overpayment,954,weakness,Winner's Curse → Systematic Overpayment in Competitive Bidding,Strong,7,threat /10,2,"Degrades: acquisition value, bidding discipline, capital allocation"
auction-fever-competitive-arousal,955,weakness,Competitive Arousal / Auction Fever → Escalating Overbidding,Moderate,6,threat /10,2,"Degrades: bidding discipline, emotional self-regulation, financial outcomes"
first-offer-anchoring-passivity,956,weakness,First-Offer Passivity → Ceding the Anchor in Distributive Deals,Moderate,6,threat /10,3,"Degrades: distributive claiming, price outcomes, aspiration setting"
over-disclosure-reservation-price,957,weakness,Over-Disclosure of Reservation Price / Alternative → Giving Away Surplus,Moderate,6,threat /10,2,"Degrades: distributive leverage, price outcomes, information control"
failure-to-ask-not-initiating,958,weakness,Failure to Ask / Not Initiating → Cumulative Wage & Value Loss,Mixed,5,threat /10,3,"Degrades: lifetime earnings, salary outcomes, self-advocacy"
reactive-devaluation-rejecting-good-offers,959,weakness,Reactive Devaluation → Rejecting Good Offers From an Adversary,Moderate,5,threat /10,2,"Degrades: offer evaluation, deal acceptance, dispute resolution"
susceptibility-influence-compliance-tactics,960,weakness,"Susceptibility to Influence Tactics (Reciprocity, Scarcity, DITF) → Manipulated Concessions",Mixed,5,threat /10,3,"Degrades: resistance to manipulation, autonomous decisions, distributive defense"
anger-emotional-leakage-negotiation,961,weakness,Uncontrolled Anger / Emotional Leakage → Relational Damage & Retaliation,Mixed,5,threat /10,3,"Degrades: trust, subjective value, long-term deal relationships"
avoiding-desirable-difficulties,962,weakness,Avoiding Desirable Difficulties → Fragile Learning,Strong,6,threat /10,3,"Degrades: long-term retention, transfer, durable mastery"
deliberate-practice-cessation-plateau,963,weakness,Ceasing Effortful Practice → Arrested Skill Plateau,Moderate,6,threat /10,2,"Degrades: expertise growth, performance ceiling, professional development"
avoidant-help-seeking,964,weakness,Avoidant Help-Seeking → Compounding Deficits,Moderate,5,threat /10,2,"Degrades: recovery from confusion, retention in a program, achievement"
error-aversion-learning,965,weakness,Fear of Making Errors → Forgone Generative Learning,Moderate,5,threat /10,2,"Degrades: durable memory, comprehension, willingness to attempt"
feedback-avoidance-stalled-growth,966,weakness,Feedback Avoidance → Stalled Development,Moderate,5,threat /10,2,"Degrades: error correction, calibration, professional improvement"
impostor-phenomenon-self-sabotage,967,weakness,Impostor Phenomenon → Self-Handicapping & Avoidance,Emerging,5,threat /10,3,"Degrades: accurate self-assessment, challenge-seeking, sustained skill growth"
naive-mindless-practice,968,weakness,Naive (Mindless) Practice → Hours Without Gains,Moderate,5,threat /10,2,"Degrades: skill growth per hour invested, expertise, error correction"
reflection-deficit-inert-experience,969,weakness,No Reflection on Experience → Inert Experience,Moderate,5,threat /10,2,"Degrades: learning from experience, transfer, skill consolidation"
performance-avoidance-goals,970,weakness,Performance-Avoidance Goals → Maladaptive Learning,Moderate,5,threat /10,2,"Degrades: intrinsic motivation, deep processing, achievement"
premature-automatization-errors,971,weakness,Premature Automatization of Errors → Entrenched Faults,Emerging,5,threat /10,2,"Degrades: technique quality, correctability, ceiling of a motor/skill"
kinesiophobia-fear-avoidance-deconditioning,972,weakness,Fear-Avoidance of Movement (Kinesiophobia) → Deconditioning & Disability,Strong,7,threat /10,2,"Degrades: Bodily, Interoceptive, Emotional, Volitional"
catastrophic-misinterpretation-panic,973,weakness,Catastrophic Misinterpretation of Bodily Sensations → Panic,Moderate,6,threat /10,2,"Degrades: Interoceptive, Meta-Cognitive, Emotional"
health-anxiety-hypochondriasis,974,weakness,"Health Anxiety / Hypochondriasis → Over-Use, Distress & Excess Mortality",Moderate,6,threat /10,2,"Degrades: Interoceptive, Emotional, Meta-Cognitive"
symptom-denial-care-delay,975,weakness,Symptom Denial / Care-Seeking Delay → Late Treatment & Worse Outcomes,Moderate,6,threat /10,2,"Degrades: Interoceptive, Meta-Cognitive, Volitional"
low-self-efficacy-symptom-management,976,weakness,Low Self-Efficacy for Symptom Management → Worse Chronic-Disease Control,Moderate,5,threat /10,2,"Degrades: Volitional, Intrapersonal, Emotional"
maladaptive-illness-perceptions,977,weakness,Maladaptive Illness Perceptions → Poorer Recovery & Coping,Moderate,5,threat /10,2,"Degrades: Meta-Cognitive, Emotional, Volitional"
treatment-beliefs-nonadherence,978,weakness,Maladaptive Treatment Beliefs → Medication Nonadherence,Moderate,5,threat /10,1,"Degrades: Volitional, Meta-Cognitive, Interoceptive"
nocebo-negative-expectations,979,weakness,Nocebo-Prone Negative Expectations → Symptom & Side-Effect Amplification,Moderate,5,threat /10,2,"Degrades: Interoceptive, Emotional, Meta-Cognitive"
somatosensory-amplification,980,weakness,Somatosensory Amplification → Symptom Over-Reporting & Somatic Distress,Emerging,5,threat /10,2,"Degrades: Interoceptive, Emotional, Bodily"
insurance-neglect-underinsurance,981,weakness,Insurance Neglect / Chronic Underinsurance → Catastrophic Tail Exposure,Moderate,6,threat /10,2,"Degrades: financial resilience, family security, downside protection"
day-trading-options-gambling,982,weakness,Treating Markets as a Casino (Active Day-Trading & Options) → Wealth Destruction,Strong,6,threat /10,3,"Degrades: household net worth, retirement adequacy, risk calibration"
failure-to-negotiate-salary,983,weakness,Failure to Negotiate Salary → Compounding Lifetime Earnings Loss,Moderate,5,threat /10,1,"Degrades: lifetime income, savings capacity, raise/pension base"
mlm-network-marketing-susceptibility,984,weakness,Falling for MLM / Network Marketing → Near-Certain Losses,Strong,5,threat /10,2,"Degrades: household finances, time capital, social trust"
leaving-401k-match-nonenrollment,985,weakness,Leaving the 401(k) Match on the Table → Forgone Retirement Wealth,Strong,5,threat /10,2,"Degrades: retirement adequacy, compounding, long-run net worth"
bnpl-overuse,986,weakness,Buy-Now-Pay-Later Overuse → Overextension & Hidden Debt,Emerging,4,threat /10,2,"Degrades: cash-flow control, debt load, financial fragility"
financial-infidelity-couples,987,weakness,Financial Infidelity in Couples → Relationship & Money Damage,Moderate,4,threat /10,2,"Degrades: relationship trust, joint finances, life satisfaction"
no-estate-plan-will,988,weakness,"No Will / Estate Plan → Probate, Intestacy & Family Harm",Emerging,4,threat /10,2,"Degrades: wealth transfer, family harmony, control over assets"
annuity-complex-product-susceptibility,989,weakness,Susceptibility to High-Fee Complex Products (Indexed Annuities) → Fee Drag & Lock-In,Mixed,4,threat /10,2,"Degrades: retirement returns, liquidity, product transparency"
subscription-creep,990,weakness,"Subscription Creep → Silent, Compounding Wealth Drain",Emerging,3,threat /10,2,"Degrades: monthly cash flow, spending awareness, savings rate"
marital-conflict-spillover-child-adjustment,991,weakness,Marital-Conflict Spillover → Child Maladjustment,Strong,6,threat /10,3,"Degrades: child emotional security, adjustment, stress physiology"
psychological-control-guilt-induction-internalizing,992,weakness,Psychological Control / Guilt-Induction → Internalizing Problems,Strong,6,threat /10,3,"Degrades: child autonomy, self-esteem, emotional adjustment"
emotion-dismissing-parenting-poor-child-ER,993,weakness,Emotion-Dismissing Parenting → Poor Child Emotion Regulation,Moderate,5,threat /10,2,"Degrades: child emotion regulation, social competence, internalizing risk"
parental-expressed-emotion-criticism-psychopathology,994,weakness,High Expressed Emotion / Criticism → Child Psychopathology,Moderate,5,threat /10,2,"Degrades: child adjustment, symptom course, self-perception"
inconsistent-discipline-conduct-problems,995,weakness,Inconsistent / Erratic Discipline → Conduct Problems,Moderate,5,threat /10,2,"Degrades: child behavior regulation, rule internalization, conduct"
parental-favoritism-differential-treatment-harm,996,weakness,Parental Favoritism / Differential Treatment → Sibling & Mental-Health Harm,Moderate,5,threat /10,2,"Degrades: disfavored child's mental health, sibling bond, self-worth"
helicopter-overparenting-poor-autonomy-anxiety,997,weakness,Helicopter / Overparenting → Poor Autonomy & Anxiety,Moderate,4,threat /10,3,"Degrades: child autonomy & self-efficacy, emotion regulation, coping"
permissive-indulgent-parenting-poor-self-regulation,998,weakness,Permissive / Indulgent Parenting → Poor Self-Regulation,Moderate,4,threat /10,2,"Degrades: child self-control, delay of gratification, rule-following"
overpraise-parental-overvaluation-narcissism,999,weakness,Over-Praise / Parental Overvaluation → Child Narcissism,Mixed,3,threat /10,3,"Degrades: child's realistic self-concept, resilience to failure"
maternal-gatekeeping-reduced-father-involvement,1000,weakness,Parental Gatekeeping (Gate-Closing) → Reduced Father Involvement,Emerging,3,threat /10,2,"Degrades: father involvement, co-parenting quality, child security"
technoference-parental-screen-distraction,1001,weakness,Technoference → Disrupted Interaction & Child Behavior Problems,Emerging,3,threat /10,2,"Degrades: parent responsiveness, child language, behavior regulation"
dehumanization-cruelty,1002,weakness,Dehumanization → Cruelty & Moral Exclusion,Moderate,7,threat /10,2,"Degrades: Moral, Social-Perceptual, Emotional"
ethical-fading-bounded-ethicality,1003,weakness,Ethical Fading / Bounded Ethicality → Unintended Misconduct,Moderate,7,threat /10,3,"Degrades: Moral, Meta-Cognitive, Leadership"
motivated-reasoning-self-serving,1004,weakness,Motivated Reasoning → Self-Serving Conclusions,Strong,7,threat /10,2,"Degrades: Moral, Meta-Cognitive, Adversarial"
motivated-blindness-conflict-of-interest,1005,weakness,Motivated Blindness → Overlooking Others' Wrongdoing,Moderate,6,threat /10,2,"Degrades: Moral, Meta-Cognitive, Strategic"
obedience-unethical-authority,1006,weakness,Obedience to Unethical Authority → Complicity in Harm,Moderate,6,threat /10,2,"Degrades: Moral, Leadership, Volitional"
self-deception-rationalization,1007,weakness,Self-Deception / Rationalization → Blind Repeat Offending,Mixed,6,threat /10,2,"Degrades: Moral, Meta-Cognitive, Intrapersonal"
slippery-slope-small-unethical-acts,1008,weakness,Slippery Slope of Small Acts → Major Transgression,Moderate,6,threat /10,2,"Degrades: Moral, Meta-Cognitive"
ingroup-favoritism-tribalism,1009,weakness,Tribalism / In-Group Favoritism → Out-Group Harm,Strong,6,threat /10,2,"Degrades: Moral, Social-Perceptual, Community"
descriptive-norm-contagion,1010,weakness,'Everyone Does It' → Norm-Driven Dishonesty Contagion,Mixed,5,threat /10,2,"Degrades: Moral, Social-Perceptual"
moral-hypocrisy,1011,weakness,Moral Hypocrisy → Appearing Moral Without Being So,Moderate,5,threat /10,2,"Degrades: Moral, Intrapersonal, Meta-Cognitive"
moral-licensing-later-transgression,1012,weakness,Moral Licensing → Later Bad Behavior,Mixed,4,threat /10,2,"Degrades: Moral, Meta-Cognitive"
empire-building-turf-wars,1013,weakness,Empire-Building & Turf Wars → Value Destruction,Moderate,6,threat /10,3,"Degrades: capital discipline, cross-unit cooperation, shareholder value"
hero-firefighting-culture-capability-trap,1014,weakness,Hero / Firefighting Culture → Capability Trap (No Root-Cause Fix),Emerging,6,threat /10,2,"Degrades: process capability, prevention, sustainable improvement"
overprescribed-stretch-goals-gone-wild,1015,weakness,Overprescribed Stretch Goals → Unethical Behavior & Tunnel Vision,Mixed,6,threat /10,2,"Degrades: ethics, learning, cooperation, whole-system performance"
intragroup-relationship-process-conflict,1016,weakness,Relationship & Process Conflict in Teams → Performance Decline,Strong,6,threat /10,2,"Degrades: team performance, cohesion, information processing"
sycophancy-yes-men-filtered-information,1017,weakness,Sycophancy Tolerance / Yes-Men Culture → Leaders Deciding on Filtered Facts,Moderate,6,threat /10,2,"Degrades: decision quality, calibration, error correction"
authoritarian-directive-leadership-suppressed-voice,1018,weakness,Authoritarian / Overly Directive Leadership → Suppressed Voice & Creativity,Mixed,5,threat /10,2,"Degrades: employee voice, creativity, psychological safety"
change-fatigue-initiative-overload,1019,weakness,Initiative Overload / Change Fatigue → Cynicism & Failed Change,Moderate,5,threat /10,2,"Degrades: adaptive capacity, commitment, trust in leadership"
over-centralized-decision-authority,1020,weakness,Over-Centralized Decision Authority → Stifled Innovation & Slow Adaptation,Moderate,5,threat /10,2,"Degrades: innovation, responsiveness, frontline engagement"
role-ambiguity-conflict-team-dysfunction,1021,weakness,Unclear Roles (Role Ambiguity & Conflict) → Team Dysfunction,Strong,5,threat /10,3,"Degrades: coordinated execution, morale, retention"
chronic-false-urgency-time-pressure,1022,weakness,Chronic False Urgency / Time-Pressure Culture → Degraded Creativity & Errors,Mixed,4,threat /10,2,"Degrades: creativity, careful judgment, sustainable pace"
information-overload-decision-quality,1023,weakness,Information Overload / Infomania → Worse Decisions & Burnout,Moderate,6,threat /10,2,"Degrades: decision quality, judgment, energy"
mind-wandering-attention-lapses,1024,weakness,Mind-Wandering / Attention Lapses → Errors & Crashes,Moderate,6,threat /10,2,"Degrades: vigilance, error avoidance, real-time safety"
attention-residue-task-switching,1025,weakness,Attention Residue / Chronic Task-Switching → Degraded Work Quality,Moderate,5,threat /10,2,"Degrades: sustained focus, working accuracy, deep-work output"
autoplay-infinite-scroll-capture,1026,weakness,Autoplay / Infinite-Scroll Capture → Loss of Volitional Control & Time,Emerging,5,threat /10,1,"Degrades: self-regulation, time control, goal-directed action"
notification-interruption-dependence,1027,weakness,Notification-Interruption Dependence → Inattention & Hyperactivity Symptoms,Moderate,5,threat /10,1,"Degrades: attentional stability, productivity, calm"
second-screening-shallow-encoding,1028,weakness,Second-Screening During Learning → Shallow Encoding & Poorer Recall,Moderate,5,threat /10,2,"Degrades: comprehension, memory encoding, learning"
cognitive-offloading-google-effect,1029,weakness,Cognitive-Offloading Overreliance (Google Effect) → Weakened Internal Memory,Mixed,4,threat /10,2,"Degrades: memory encoding, self-reliant recall, knowledge depth"
email-checking-compulsion,1030,weakness,Compulsive Email/Inbox Checking → Chronic Stress & Lost Time,Moderate,4,threat /10,1,"Degrades: stress regulation, focus, well-being"
phantom-vibration-syndrome,1031,weakness,Phantom Vibration/Ringing → Marker of Attentional Hypervigilance,Emerging,2,threat /10,2,"Degrades: interoceptive accuracy, attentional rest"
chronic-emptiness-inner-void,1032,weakness,Chronic Emptiness / Inner Void → Suicidality,Emerging,6,threat /10,2,"Degrades: sense of self, felt purpose, social/vocational function"
death-anxiety-avoidance-rigidity,1033,weakness,Death Anxiety → Avoidance & Rigidity,Strong,6,threat /10,3,"Degrades: existential grounding, emotional regulation, psychological flexibility"
demoralization-syndrome-hopelessness,1034,weakness,Demoralization Syndrome → Hopelessness & Loss of Meaning,Moderate,6,threat /10,2,"Degrades: meaning-making, hope, will to live"
existential-isolation-alone-in-experience,1035,weakness,Existential Isolation → Depression & Suicide Ideation,Emerging,5,threat /10,2,"Degrades: felt understanding, shared reality, mood stability"
negative-religious-coping-spiritual-struggle,1036,weakness,Negative Religious Coping → Spiritual Struggle & Distress,Moderate,5,threat /10,2,"Degrades: existential security, emotional adjustment, health"
sacred-loss-desecration,1037,weakness,Loss of the Sacred / Desecration → Distress & Health Decline,Emerging,4,threat /10,2,"Degrades: meaning, spiritual emotion, mental & physical health"
spiritual-bypassing-avoidance,1038,weakness,Spiritual Bypassing → Emotional Avoidance & Stunted Growth,Emerging,4,threat /10,2,"Degrades: emotional processing, developmental growth, authentic relating"
spiritual-dryness-acedia,1039,weakness,Spiritual Dryness / Acedia → Burnout & Distress,Emerging,4,threat /10,2,"Degrades: spiritual vitality, emotional energy, sense of the sacred"
faith-crisis-deconversion,1040,weakness,Disillusionment / Loss-of-Faith Crisis → Transient Distress (Mixed),Mixed,3,threat /10,2,"Degrades: existential anchoring, identity, social support — for some"
conformity-suppresses-originality,1041,weakness,Conformity Pressure → Suppressed Dissent and Lost Originality,Moderate,6,threat /10,2,"Degrades: Creative, Adversarial, Strategic"
design-fixation-anchor-first-idea,1042,weakness,Design Fixation → Anchoring on the First (or Only) Example You Saw,Strong,6,threat /10,2,"Degrades: Creative, Strategic"
einstellung-mechanized-mindset,1043,weakness,Einstellung Effect → A Mechanized Mind-Set Blinds You to the Better Solution,Strong,6,threat /10,2,"Degrades: Creative, Meta-Cognitive, Strategic"
functional-fixedness-cant-repurpose,1044,weakness,Functional Fixedness → Can't Repurpose What's in Front of You,Strong,6,threat /10,2,"Degrades: Creative, Meta-Cognitive"
brainstorming-production-loss,1045,weakness,Group Idea-Generation Losses → Production Blocking & Evaluation Apprehension,Strong,6,threat /10,2,"Degrades: Creative, Adversarial"
bias-against-creativity,1046,weakness,The Bias Against Creativity → Killing Novel Ideas While Claiming to Want Them,Moderate,6,threat /10,1,"Degrades: Creative, Adversarial, Meta-Cognitive"
intolerance-of-ambiguity-creativity,1047,weakness,Low Tolerance for Ambiguity → Fleeing the Messy Middle of Creation,Emerging,5,threat /10,2,"Degrades: Creative, Meta-Cognitive"
not-invented-here-syndrome,1048,weakness,Not-Invented-Here Syndrome → Rejecting External Ideas Regardless of Merit,Moderate,5,threat /10,2,"Degrades: Creative, Adversarial, Strategic"
premature-evaluation-idea-selection,1049,weakness,Premature Evaluation → Judging Ideas Before You've Generated Enough,Moderate,5,threat /10,2,"Degrades: Creative, Meta-Cognitive"
prevention-focus-risk-aversion-ideation,1050,weakness,Prevention Focus / Risk Aversion → Playing It Safe Instead of Exploring,Mixed,4,threat /10,2,"Degrades: Creative, Strategic"
quitting-early-serial-order-effect,1051,weakness,Stopping Too Early → Quitting Before the Best Ideas Arrive,Moderate,4,threat /10,2,"Degrades: Creative, Volitional"
contingent-self-worth-fragile-esteem,1052,weakness,"Contingent Self-Worth → Fragile, Externally-Hostage Self-Esteem",Moderate,5,threat /10,3,"Degrades: emotional stability, intrinsic motivation, self-regulation"
body-dissatisfaction-negative-body-image,1053,weakness,Negative Body Image / Body Dissatisfaction → Depression & Disordered Eating,Moderate,5,threat /10,2,"Degrades: mood, eating behavior, self-worth"
self-verification-negative-self-views,1054,weakness,Self-Verification of Negative Self-Views → Self-Sabotaging Feedback Loops,Moderate,5,threat /10,2,"Degrades: relationship quality, mood recovery, help-seeking"
unstable-self-esteem-reactivity,1055,weakness,Unstable (Fluctuating) Self-Esteem → Evaluative Hyper-Reactivity & Anger,Moderate,5,threat /10,2,"Degrades: emotional regulation, resilience to feedback, mood stability"
self-discrepancy-ideal-ought,1056,weakness,Actual–Ideal / Actual–Ought Self-Discrepancy → Chronic Dejection & Agitation,Moderate,4,threat /10,2,"Degrades: mood, self-satisfaction, motivational direction"
excessive-reassurance-seeking,1057,weakness,Excessive Reassurance-Seeking → Depression & Interpersonal Rejection,Moderate,4,threat /10,1,"Degrades: relationship stability, mood, felt security"
narcissistic-self-enhancement-insight-deficit,1058,weakness,Grandiose Narcissistic Self-View → Self-Insight Deficit & Interpersonal Decay,Moderate,4,threat /10,2,"Degrades: self-awareness, long-term likability, relationship durability"
imposter-phenomenon-chronic-self-doubt,1059,weakness,"Impostor Phenomenon → Chronic Self-Doubt, Anxiety & Burnout",Moderate,4,threat /10,2,"Degrades: self-efficacy, wellbeing, career persistence"
overclaiming-self-perceived-expertise,1060,weakness,Overclaiming from Self-Perceived Expertise → Confident False Knowledge,Emerging,4,threat /10,1,"Degrades: calibration, meta-cognitive accuracy, decision quality"
trait-self-handicapping-underachievement,1061,weakness,Trait Self-Handicapping → Chronic Underachievement,Moderate,4,threat /10,1,"Degrades: goal attainment, effort regulation, honest self-appraisal"
self-enhancement-above-average-no-improvement,1062,weakness,Self-Enhancement / Above-Average Bias → Stalled Self-Improvement,Mixed,3,threat /10,2,"Degrades: accurate self-assessment, growth-seeking, long-term performance"
emotional-invalidation-distress-dysregulation,1063,weakness,"Emotional Invalidation → Distress, Dysregulation & Relational Damage",Moderate,6,threat /10,2,"Degrades: emotion regulation, felt safety, trust, mental health"
negative-mindreading-attributions-conflict,1064,weakness,Negative Mind-Reading / Distress-Maintaining Attributions → Conflict & Marital Decline,Strong,6,threat /10,2,"Degrades: marital satisfaction, conflict repair, benefit-of-the-doubt"
poor-pseudo-listening-disconnection,1065,weakness,Poor / Pseudo-Listening → Misunderstanding & Disconnection,Moderate,6,threat /10,2,"Degrades: interpersonal closeness, perceived responsiveness, workplace trust"
conversational-narcissism-shift-responses,1066,weakness,"Conversational Narcissism (Shift Responses, Non-Reciprocated Disclosure) → Weaker Liking",Moderate,5,threat /10,2,"Degrades: likability, bonding, information gain, felt responsiveness"
curse-of-knowledge-jargon-failed-explanation,1067,weakness,Curse of Knowledge / Jargon → Failed Explanation & Coordination,Moderate,5,threat /10,2,"Degrades: teaching clarity, listener comprehension, coordination"
chronic-intrusive-interrupting-dominance,1068,weakness,Chronic Intrusive Interrupting → Dominance Signaling & Resentment,Mixed,4,threat /10,2,"Degrades: rapport, felt respect, conversational goodwill"
digital-tone-loss-text-miscommunication,1069,weakness,Digital Tone-Loss / Text Miscommunication → Egocentric Overconfidence,Moderate,4,threat /10,1,"Degrades: message clarity, tone accuracy, trust in remote channels"
unsolicited-advice-reactance-invalidation,1070,weakness,Unsolicited Advice / Premature Problem-Solving → Reactance & Invalidation,Moderate,4,threat /10,2,"Degrades: felt autonomy, receptivity, support quality, closeness"
weak-nonverbal-decoding-missed-cues,1071,weakness,Weak Nonverbal Decoding → Missed Cues & Social Missteps,Moderate,4,threat /10,3,"Degrades: reading emotions, rapport, negotiation, workplace effectiveness"
short-termism-mortgaging-future,1072,weakness,Short-Termism / Managerial Myopia → Mortgaging the Future,Moderate,7,threat /10,2,"Degrades: long-horizon capital allocation, R&D and capability investment, compounding value"
tragedy-of-the-commons-behavior,1073,weakness,Tragedy-of-the-Commons Behavior → Collective Resource Collapse,Strong,7,threat /10,2,"Degrades: cooperation under temptation, stewardship of shared resources, sustainable coordination"
capability-trap-shifting-the-burden,1074,weakness,Chronic Firefighting / Shifting-the-Burden → The Capability Trap,Moderate,6,threat /10,2,"Degrades: process improvement, root-cause investment, breaking self-reinforcing decline"
feedback-delay-blindness-oscillation,1075,weakness,Feedback-Delay Blindness → Over/Under-Correction (Bullwhip Oscillation),Strong,6,threat /10,2,"Degrades: dynamic decision-making, supply-line accounting, stable control of delayed systems"
policy-resistance-second-order-effects,1076,weakness,Ignoring Second-Order Effects → Policy Resistance & Backfiring Fixes,Moderate,6,threat /10,2,"Degrades: anticipating side effects, reasoning about system reactions, durable interventions"
linear-thinking-exponential-systems,1077,weakness,"Linear Thinking in Exponential Systems → Late, Catastrophic Surprise",Strong,6,threat /10,2,"Degrades: forecasting nonlinear growth, compounding intuition, early response to accelerating threats"
local-optimization-global-suboptimization,1078,weakness,Local Optimization → Global Suboptimization,Mixed,6,threat /10,2,"Degrades: whole-system throughput, cross-silo coordination, bottleneck reasoning"
survivorship-driven-strategy-copying,1079,weakness,Survivorship-Driven Strategy Copying → Undersampling Failure,Moderate,6,threat /10,1,"Degrades: learning from the full population, risk calibration, honest base rates"
correlation-causation-strategy-halo,1080,weakness,Correlation–Causation Errors in Strategy → Copying the Wrong Lessons,Mixed,5,threat /10,2,"Degrades: causal inference from cases, resistance to narrative, evidence-based strategy"
efficiency-without-slack-brittleness,1081,weakness,Efficiency-Without-Slack / No Redundancy → Brittle Collapse,Moderate,5,threat /10,1,"Degrades: resilience to shocks, absorbing accumulated stress, safe margins"
premature-scaling-startup-death,1082,weakness,Premature Scaling → Startup Self-Destruction,Emerging,5,threat /10,1,"Degrades: sequencing growth after fit, cash discipline, staying adaptable"
esophageal-gastric,1083,cost,Esophageal & Gastric Cancer — Late and Lethal,Strong,5,harm severity /5,2,"Degrades: physical vitality, nutrition, existential security"
glioblastoma-burden,1084,cost,"Glioblastoma — Months, Not Years",Strong,5,harm severity /5,2,"Degrades: cognitive function, physical vitality, existential security"
liver-hepatocellular,1085,cost,Liver / Hepatocellular Carcinoma,Strong,5,harm severity /5,2,"Degrades: physical vitality, metabolic function, existential security"
lung-cancer-burden,1086,cost,Lung Cancer — The Leading Cancer Killer,Strong,5,harm severity /5,2,"Degrades: physical vitality, financial security, existential security"
ovarian-cancer-late-detection,1087,cost,"Ovarian Cancer — The Silent, Late Diagnosis",Strong,5,harm severity /5,2,"Degrades: physical vitality, existential security, financial security"
pancreatic-cancer-burden,1088,cost,Pancreatic Cancer — Fastest to Fatal,Strong,5,harm severity /5,2,"Degrades: physical vitality, existential security, financial security"
leukemia-aml-cml,1089,cost,Leukemia — AML vs CML (Two Very Different Fates),Strong,4,harm severity /5,2,"Degrades: physical vitality, cognitive function, financial security"
colorectal-cancer-burden,1090,cost,Colorectal Cancer — The Screenable One We Miss,Strong,4,harm severity /5,2,"Degrades: physical vitality, financial security, bodily function"
melanoma-metastatic,1091,cost,"Melanoma — Curable Early, Lethal Late",Strong,4,harm severity /5,2,"Degrades: physical vitality, existential security, bodily integrity"
breast-cancer-late-recurrence,1092,cost,Breast Cancer & Late Recurrence,Strong,4,harm severity /5,2,"Degrades: physical vitality, existential security, emotional stability"
survivorship-financial-toxicity,1093,cost,Cancer Survivorship Burden — Financial Toxicity & Fear of Recurrence,Strong,3,harm severity /5,3,"Degrades: financial security, emotional stability, cognitive function"
lymphoma-hodgkin-nhl,1094,cost,Lymphoma — Hodgkin vs Non-Hodgkin,Strong,3,harm severity /5,2,"Degrades: physical vitality, cognitive function, existential security"
prostate-cancer-overdiagnosis,1095,cost,Prostate Cancer — Indolent vs Aggressive,Mixed,3,harm severity /5,2,"Degrades: bodily function, financial security, existential security"
systemic-sclerosis-cost,1096,cost,"Systemic Sclerosis (Scleroderma) — Fibrosis, Lung Disease & High Mortality",Strong,5,harm severity /5,2,"Degrades: skin/hand function, lung capacity, cardiovascular health, digestion, longevity"
type-1-diabetes-cost,1097,cost,Type-1 Diabetes — Lifelong Autoimmune Insulin Loss & Complications,Strong,5,harm severity /5,2,"Degrades: metabolic regulation, kidney & vascular health, longevity, daily self-management load"
inflammatory-bowel-disease-cost,1098,cost,"Inflammatory Bowel Disease (Crohn's & UC) — Surgery, Relapse & Lost Function",Strong,4,harm severity /5,2,"Degrades: gut/nutrient function, energy, work productivity, social participation"
multiple-sclerosis-cost,1099,cost,Multiple Sclerosis — Progressive Neurological Disability,Strong,4,harm severity /5,2,"Degrades: mobility, cognition, energy, employment"
rheumatoid-arthritis-cost,1100,cost,"Rheumatoid Arthritis — Joint Destruction, Disability & a Mortality Gap",Strong,4,harm severity /5,2,"Degrades: hand & joint mobility, work capacity, energy, cardiovascular longevity"
systemic-lupus-cost,1101,cost,Systemic Lupus Erythematosus — Multi-Organ Damage in Young Women,Strong,4,harm severity /5,2,"Degrades: kidney function, cardiovascular health, energy, reproductive & cognitive capacity"
polyautoimmunity-cost,1102,cost,Polyautoimmunity — When Autoimmune Diseases Cluster & Compound,Moderate,3,harm severity /5,2,"Degrades: cumulative organ reserve, medication/treatment load, energy, work capacity"
psoriasis-psoriatic-arthritis-cost,1103,cost,"Psoriasis & Psoriatic Arthritis — Skin, Joints & Cardiometabolic Risk",Strong,3,harm severity /5,2,"Degrades: skin comfort, joint function, cardiometabolic health, self-image & social ease"
ankylosing-spondylitis-cost,1104,cost,"Ankylosing Spondylitis / Axial SpA — Spinal Pain, Stiffness & Work Loss",Moderate,3,harm severity /5,2,"Degrades: spinal mobility, work capacity, sleep, mood"
sjogrens-syndrome-cost,1105,cost,"Sjögren's Syndrome — Sicca, Fatigue & Lymphoma Risk",Moderate,3,harm severity /5,2,"Degrades: ocular/oral comfort, energy, nerve function, cancer-free survival"
celiac-disease-untreated-cost,1106,cost,"Untreated Celiac Disease — Malabsorption, Bone Loss & Malignancy",Moderate,3,harm severity /5,2,"Degrades: nutrient absorption, bone strength, energy, cancer-free survival"
hashimoto-thyroiditis-cost,1107,cost,Hashimoto's Thyroiditis — Hypothyroid Fatigue & Residual Symptoms,Moderate,2,harm severity /5,2,"Degrades: energy, cognitive clarity, mood, metabolic comfort"
als-motor-neuron-disease,1108,cost,Amyotrophic Lateral Sclerosis (ALS),Strong,5,harm severity /5,2,"Degrades: voluntary movement, speech, swallowing, breathing, independence, and cognition"
huntingtons-disease-neurodegeneration,1109,cost,Huntington's Disease,Strong,5,harm severity /5,2,"Degrades: motor control, cognition, mood and impulse control, executive function"
parkinsons-disease-progressive-decline,1110,cost,Parkinson's Disease,Strong,4,harm severity /5,2,"Degrades: fine motor control, movement, cognition, mood, sleep, autonomic function"
epilepsy-seizure-burden-sudep,1111,cost,Epilepsy,Strong,4,harm severity /5,2,"Degrades: safety and autonomy, memory, cognition, employment, mood, social standing"
multiple-sclerosis-neurological-disability,1112,cost,Multiple Sclerosis,Strong,4,harm severity /5,2,"Degrades: mobility, cognition, energy, vision, bladder control, mood"
migraine-chronic-migraine-disability,1113,cost,Migraine & Chronic Migraine,Strong,3,harm severity /5,2,"Degrades: sustained attention, productivity, cognition during attacks, mood, daily functioning"
cluster-headache-suicide-headache,1114,cost,Cluster Headache,Moderate,3,harm severity /5,2,"Degrades: work capacity, mood, sleep, mental health"
trigeminal-neuralgia-facial-pain,1115,cost,Trigeminal Neuralgia,Moderate,3,harm severity /5,2,"Degrades: eating and speaking, mental health, mood, social function"
functional-neurological-disorder-disability,1116,cost,Functional Neurological Disorder,Moderate,3,harm severity /5,2,"Degrades: motor function, cognition, employment, mood, independence"
chronic-peripheral-neuropathy-sensory-loss,1117,cost,Chronic Peripheral Polyneuropathy,Moderate,3,harm severity /5,2,"Degrades: sensation, balance and gait, mobility, sleep"
essential-tremor-motor-disability,1118,cost,Essential Tremor,Moderate,2,harm severity /5,2,"Degrades: fine motor tasks, handwriting, eating and drinking, social confidence"
restless-legs-syndrome-sleep-disruption,1119,cost,Restless Legs Syndrome,Moderate,2,harm severity /5,2,"Degrades: sleep, daytime cognition, mood, quality of life"
decompensated-cirrhosis-hepatic-encephalopathy-cost,1120,cost,Decompensated Cirrhosis & Hepatic Encephalopathy,Strong,5,harm severity /5,2,"Degrades: cognition, executive function, independence, survival"
idiopathic-pulmonary-fibrosis-cost,1121,cost,Idiopathic Pulmonary Fibrosis,Strong,5,harm severity /5,2,"Degrades: physical stamina, oxygenation-dependent cognition, independence, mood, life expectancy"
cystic-fibrosis-cost,1122,cost,Cystic Fibrosis,Strong,4,harm severity /5,2,"Degrades: physical stamina, nutrition, work capacity, fertility, life expectancy"
chronic-viral-hepatitis-bc-cost,1123,cost,Chronic Hepatitis B / C,Strong,4,harm severity /5,2,"Degrades: liver reserve, energy, cognition (advanced), survival"
chronic-pancreatitis-cost,1124,cost,Chronic Pancreatitis,Moderate,4,harm severity /5,2,"Degrades: nutrition, physical stamina, glucose regulation, work capacity, mood"
bronchiectasis-cost,1125,cost,Bronchiectasis,Moderate,3,harm severity /5,2,"Degrades: physical stamina, sleep, mood, work capacity, social participation"
gerd-barretts-esophageal-cost,1126,cost,GERD -> Barrett's Esophagus / Esophageal Adenocarcinoma,Moderate,3,harm severity /5,2,"Degrades: sleep, nutrition, daily comfort, and (rarely) survival"
severe-uncontrolled-asthma-cost,1127,cost,Severe / Uncontrolled Asthma,Moderate,3,harm severity /5,2,"Degrades: physical stamina, sustained attention, sleep, work capacity, emotional stability"
gastroparesis-cost,1128,cost,Gastroparesis,Mixed,3,harm severity /5,2,"Degrades: nutrition, daily functioning, work capacity, emotional wellbeing"
diverticular-disease-cost,1129,cost,Diverticular Disease / Diverticulitis,Moderate,2,harm severity /5,2,"Degrades: daily comfort, work capacity, social/emotional functioning"
irritable-bowel-syndrome-cost,1130,cost,Irritable Bowel Syndrome,Moderate,2,harm severity /5,2,"Degrades: daily functioning, work productivity, emotional stability, social participation"
antimicrobial-resistant-infections,1131,cost,Antimicrobial-Resistant Infections,Strong,5,harm severity /5,1,"Degrades: survival, treatability of illness, physical health"
infective-endocarditis,1132,cost,Infective Endocarditis,Strong,5,harm severity /5,2,"Degrades: cardiac function, neurological function, survival"
bacterial-meningitis-sequelae,1133,cost,Bacterial Meningitis Sequelae,Strong,4,harm severity /5,3,"Degrades: hearing, cognition, neurological function"
post-sepsis-syndrome,1134,cost,Sepsis & Post-Sepsis Syndrome,Strong,5,harm severity /5,3,"Degrades: cognition & memory, physical independence, mood"
tuberculosis-post-tb-lung-disease,1135,cost,Tuberculosis & Post-TB Lung Disease,Strong,5,harm severity /5,3,"Degrades: physical stamina, respiratory function, earning capacity"
hpv-related-disease,1136,cost,HPV-Related Cancers & Disease,Strong,4,harm severity /5,3,"Degrades: longevity, reproductive/organ health, quality of life"
chronic-hepatitis-c-sequelae,1137,cost,Chronic Hepatitis C Sequelae,Strong,4,harm severity /5,3,"Degrades: liver function, systemic health, longevity"
pneumonia-older-adults,1138,cost,Pneumonia in Older Adults — Long Shadow,Moderate,4,harm severity /5,3,"Degrades: cardiovascular health, physical stamina, longevity"
recurrent-c-difficile,1139,cost,Recurrent C. difficile Infection,Moderate,4,harm severity /5,3,"Degrades: gut/physical health, emotional stability, independence"
hiv-chronic-burden,1140,cost,"HIV/AIDS — Lifelong Burden, HAND & Stigma",Moderate,4,harm severity /5,3,"Degrades: working memory & processing speed, emotional stability, social belonging"
long-covid-pasc,1141,cost,Long COVID / PASC (Contested Prevalence),Mixed,3,harm severity /5,3,"Degrades: cognition (brain fog), physical stamina, work capacity"
post-treatment-lyme-syndrome,1142,cost,Post-Treatment Lyme Disease Syndrome (Contested 'Chronic Lyme'),Mixed,2,harm severity /5,3,"Degrades: energy/stamina, cognition, emotional stability"
chronic-low-back-pain,1143,cost,Chronic Low Back Pain,Strong,4,harm severity /5,2,"Degrades: physical capacity & mobility, work productivity & focus, sleep, mood"
complex-regional-pain-syndrome,1144,cost,Complex Regional Pain Syndrome (CRPS),Moderate,4,harm severity /5,2,"Degrades: limb function and grip, work capacity, mood, sleep"
chronic-neck-pain,1145,cost,Chronic Neck Pain,Strong,3,harm severity /5,2,"Degrades: physical comfort, work productivity, sleep, focus, mood"
hip-osteoarthritis,1146,cost,Hip Osteoarthritis,Strong,3,harm severity /5,2,"Degrades: mobility and gait, sleep, independence, physical activity"
knee-osteoarthritis,1147,cost,Knee Osteoarthritis,Strong,3,harm severity /5,2,"Degrades: mobility and gait, independence, exercise capacity, weight regulation"
rotator-cuff-shoulder-tendinopathy,1148,cost,Rotator Cuff & Chronic Shoulder Tendinopathy (RSI),Moderate,3,harm severity /5,2,"Degrades: upper-limb function, work capacity, sleep, independence"
fibromyalgia-burden,1149,cost,Fibromyalgia,Mixed,3,harm severity /5,2,"Degrades: energy and stamina, cognition ('fibro fog'), sleep, mood, work capacity"
lumbar-spinal-stenosis,1150,cost,Lumbar Spinal Stenosis,Moderate,3,harm severity /5,2,"Degrades: walking endurance, mobility, independence, physical activity"
chronic-tension-type-headache,1151,cost,Chronic Tension-Type Headache,Moderate,2,harm severity /5,2,"Degrades: concentration, work productivity, mood, sleep"
hand-osteoarthritis,1152,cost,Hand Osteoarthritis,Moderate,2,harm severity /5,2,"Degrades: fine motor and grip, manual dexterity, self-care, hand aesthetics"
temporomandibular-disorder,1153,cost,Temporomandibular Disorder (TMD),Mixed,2,harm severity /5,2,"Degrades: chewing and jaw function, sleep, mood, concentration"
spinal-cord-injury-paralysis-lifetime-cost,1154,cost,Spinal Cord Injury — Paralysis & Lifetime Cost,Strong,5,harm severity /5,2,"Degrades: mobility & bodily autonomy, financial stability, independence, sexual/bladder function, mental health"
traumatic-amputation-limb-loss,1155,cost,Traumatic Amputation & Limb Loss,Strong,5,harm severity /5,2,"Degrades: physical mobility, body image, emotional wellbeing, employment & earning capacity, independence"
severe-burn-injury-disfigurement-ptsd,1156,cost,"Severe Burns — Disfigurement, Rehab & PTSD",Moderate,5,harm severity /5,2,"Degrades: emotional regulation, body image & aesthetic self-concept, social confidence, physical function, sleep"
drowning-anoxic-brain-injury,1157,cost,Drowning Survival & Anoxic Brain Injury,Emerging,5,harm severity /5,2,"Degrades: memory & cognition, motor function, independence"
blast-related-mild-traumatic-brain-injury,1158,cost,Blast Injury (Blast-Related mTBI),Moderate,4,harm severity /5,2,"Degrades: cognition & attention, hearing, emotional regulation, sleep"
polytrauma-major-trauma-survivorship,1159,cost,Polytrauma / Major Trauma Survivorship,Moderate,4,harm severity /5,2,"Degrades: physical function, work capacity, mental health, financial stability"
road-traffic-injury-disability,1160,cost,Road-Traffic-Injury Disability,Moderate,4,harm severity /5,2,"Degrades: physical function, work capacity, mental health, financial stability"
chronic-post-surgical-post-traumatic-pain,1161,cost,Chronic Post-Surgical / Post-Traumatic Pain,Moderate,4,harm severity /5,2,"Degrades: physical function, mood, sleep, work capacity"
facial-trauma-disfigurement-scarring,1162,cost,Facial Trauma & Disfigurement,Moderate,3,harm severity /5,2,"Degrades: social confidence & interpersonal ease, body image, emotional wellbeing"
traumatic-hand-injury,1163,cost,Traumatic Hand Injury,Moderate,3,harm severity /5,2,"Degrades: manual dexterity, work & earning capacity, independence"
whiplash-associated-disorder-chronic,1164,cost,Whiplash-Associated Disorder (Chronic),Moderate,3,harm severity /5,2,"Degrades: neck & physical function, work capacity, mood, sleep"
vertebral-non-hip-fragility-fractures,1165,cost,Vertebral & Non-Hip Fragility Fractures,Moderate,3,harm severity /5,2,"Degrades: mobility, physical function, independence, spinal comfort"
sti-reproductive-sequelae,1166,cost,STIs → Pelvic Inflammatory Disease & Tubal Infertility,Strong,4,harm severity /5,2,"Degrades: fertility, reproductive safety, chronic-pain load"
birth-trauma-obstetric-injury,1167,cost,Birth Trauma & Obstetric Anal Sphincter Injury,Strong,4,harm severity /5,2,"Degrades: emotional stability, continence, sexual function, mother-infant bonding"
severe-pregnancy-complications,1168,cost,"Severe Pregnancy Complications — Preeclampsia, Hemorrhage & Near-Miss",Strong,4,harm severity /5,2,"Degrades: cardiovascular health, emotional stability, physical recovery"
endometriosis-burden,1169,cost,"Endometriosis — Delay, Pain & Fertility Cost",Strong,4,harm severity /5,2,"Degrades: chronic-pain load, emotional stability, fertility, work capacity"
pregnancy-loss-grief,1170,cost,Pregnancy Loss — Miscarriage & Stillbirth Grief,Strong,3,harm severity /5,3,"Degrades: emotional stability, bereavement processing, couple cohesion"
erectile-dysfunction-sentinel,1171,cost,Erectile Dysfunction — Relational Strain & Cardiovascular Sentinel,Strong,3,harm severity /5,2,"Degrades: cardiovascular health signal, self-esteem, intimate-partnership functioning"
post-treatment-sexual-dysfunction,1172,cost,Sexual Dysfunction After Medical Treatment,Moderate,3,harm severity /5,2,"Degrades: sexual function, intimate-partnership functioning, mood, quality of life"
pelvic-floor-disorders,1173,cost,Pelvic Organ Prolapse & Incontinence — Obstetric Origin,Strong,3,harm severity /5,2,"Degrades: physical comfort, continence, sexual function, social confidence"
pcos-burden,1174,cost,"Polycystic Ovary Syndrome — Metabolic, Fertility & Mood Cost",Strong,3,harm severity /5,2,"Degrades: metabolic health, fertility, mood, body image"
infertility-burden,1175,cost,Infertility — Psychological & Financial Burden,Moderate,3,harm severity /5,2,"Degrades: emotional stability, intimate-partnership functioning, financial resilience"
menopause-symptom-burden,1176,cost,Menopause & Perimenopause — Symptom Burden,Moderate,2,harm severity /5,2,"Degrades: sleep, mood, work performance, quality of life"
hoarding-disorder,1177,cost,Hoarding Disorder,Moderate,4,harm severity /5,2,"Degrades: home safety, financial stability, family relationships, decision-making"
body-focused-repetitive-behaviors,1178,cost,Body-Focused Repetitive Behaviors (Hair-Pulling & Skin-Picking),Moderate,3,harm severity /5,2,"Degrades: skin/hair integrity, self-esteem, social participation, self-image"
kleptomania,1179,cost,Kleptomania (Compulsive Stealing),Moderate,3,harm severity /5,2,"Degrades: moral/legal standing, financial security, self-worth, self-control"
exercise-addiction-compulsive-exercise,1180,cost,Exercise Addiction / Compulsive Exercise,Moderate,3,harm severity /5,3,"Degrades: bodily integrity, interoceptive accuracy, relationships, cognitive flexibility"
muscle-dysmorphia-bigorexia,1181,cost,Muscle Dysmorphia (Bigorexia),Emerging,3,harm severity /5,2,"Degrades: bodily health, self-image, social life, appearance long-term"
love-relationship-addiction,1182,cost,Love / Relationship Addiction,Mixed,3,harm severity /5,2,"Degrades: relationship stability, autonomy, emotion regulation, self-direction"
orthorexia-nervosa,1183,cost,Orthorexia Nervosa (Obsession with 'Clean' Eating),Mixed,3,harm severity /5,2,"Degrades: nutritional health, social participation, mental flexibility, emotional ease"
tanning-dependence,1184,cost,Tanning Dependence (UV-Seeking),Emerging,3,harm severity /5,2,"Degrades: skin health, long-term appearance, financial resources, mood stability"
generalized-problematic-internet-use,1185,cost,Generalized Problematic Internet Use,Mixed,2,harm severity /5,2,"Degrades: mood, attention/self-regulation, sleep, in-person relationships"
problematic-binge-watching,1186,cost,Problematic Binge-Watching / Streaming,Mixed,2,harm severity /5,1,"Degrades: sleep, self-regulation, mood, active engagement"
homelessness-premature-death,1187,cost,Homelessness → Premature Death & Disease,Strong,5,harm severity /5,3,"Degrades: physical health & longevity, emotional stability, planning & executive function, social belonging, financial footing"
forced-displacement-refugee-trauma,1188,cost,Forced Displacement / Refugee Trauma → Mental Illness,Strong,4,harm severity /5,2,"Degrades: emotional regulation, sense of safety, identity continuity, social trust, cognitive focus"
solitary-confinement-harm,1189,cost,Solitary Confinement → Psychological Harm & Death,Moderate,4,harm severity /5,2,"Degrades: emotional regulation, reality-testing, social capacity, cognitive function, self-worth"
immigration-detention,1190,cost,Immigration Detention → Mental Illness & Self-Harm,Moderate,4,harm severity /5,2,"Degrades: emotional stability, hope & agency, sense of safety, cognitive function, trust"
rural-healthcare-desert,1191,cost,Rural Healthcare Deserts → Widening Mortality Gap,Moderate,4,harm severity /5,2,"Degrades: access to timely care, chronic-disease management, longevity, emergency survival, financial security"
safety-net-coverage-loss,1192,cost,Benefits Cliff / Safety-Net & Coverage Loss → Forgone Care & Distress,Moderate,3,harm severity /5,2,"Degrades: access to care, financial stability, mental health, disease management, food security"
energy-poverty-utility-insecurity,1193,cost,Energy Poverty / Utility Insecurity → Cold Homes & Ill Health,Moderate,3,harm severity /5,2,"Degrades: physical health, emotional stability, sleep, financial security, comfort & dignity"
transportation-insecurity,1194,cost,Transportation Insecurity → Forgone Care & Isolation,Moderate,3,harm severity /5,2,"Degrades: access to care, chronic-disease management, social connection, employment access, medication adherence"
undocumented-deportation-stress,1195,cost,Undocumented Status / Deportation Threat → Chronic Stress,Moderate,3,harm severity /5,2,"Degrades: emotional regulation, social participation, access to care, parenting capacity, financial stability"
digital-exclusion-divide,1196,cost,Digital Exclusion / The Digital Divide → Isolation & Forgone Services,Emerging,2,harm severity /5,2,"Degrades: access to services & opportunity, social connection, health self-management, financial navigation, learning"
household-air-pollution-biomass,1197,cost,Household Air Pollution (Solid-Fuel Cooking) → Respiratory & Cardiac Death,Strong,5,harm severity /5,2,"Degrades: Respiratory capacity, Cardiovascular health, Child development, Vision"
occupational-asbestos-mesothelioma,1198,cost,Occupational Asbestos Exposure → Mesothelioma & Lung Cancer,Strong,5,harm severity /5,2,"Degrades: Respiratory capacity, Physical vitality, Long-term survival"
arsenic-drinking-water-cancer,1199,cost,Arsenic-Contaminated Drinking Water → Cancer & Cardiovascular Death,Strong,4,harm severity /5,2,"Degrades: Long-term health, Cardiovascular resilience, Physical vitality"
occupational-silica-silicosis-lung-cancer,1200,cost,Occupational Silica Dust → Silicosis & Lung Cancer,Strong,4,harm severity /5,2,"Degrades: Respiratory capacity, Physical vitality, Long-term survival"
residential-radon-lung-cancer,1201,cost,Residential Radon Exposure → Lung Cancer,Strong,4,harm severity /5,2,"Degrades: Respiratory capacity, Long-term survival"
natural-disaster-survivorship-ptsd-displacement,1202,cost,"Natural-Disaster Survivorship (Hurricane, Flood, Quake) → PTSD & Displacement",Strong,4,harm severity /5,3,"Degrades: Emotional stability, Intrapersonal steadiness, Interpersonal trust, Cognitive focus, Volitional drive"
pesticide-exposure-parkinsons,1203,cost,Pesticide Exposure → Parkinson's Disease,Moderate,4,harm severity /5,2,"Degrades: Motor control, Cognitive function, Physical independence"
wildfire-smoke-cardiorespiratory,1204,cost,Wildfire Smoke Exposure → Cardiorespiratory Harm,Strong,3,harm severity /5,2,"Degrades: Physical vitality, Respiratory capacity, Cognitive clarity, Cardiovascular resilience"
occupational-solvent-neurotoxicity,1205,cost,Chronic Organic-Solvent Exposure → Cognitive & Neuro Impairment,Moderate,3,harm severity /5,2,"Degrades: Cognitive processing, Memory, Attention, Mood stability"
pfas-drinking-water-immune-cancer,1206,cost,PFAS-Contaminated Drinking Water → Immune & Cancer Risk,Mixed,3,harm severity /5,2,"Degrades: Immune function, Long-term health, Metabolic regulation"
indoor-dampness-mold-respiratory,1207,cost,Indoor Dampness & Mold → Respiratory Disease,Moderate,2,harm severity /5,2,"Degrades: Respiratory capacity, Physical vitality, Sleep quality"
microplastics-emerging-uncertain-harm,1208,cost,Microplastics Exposure → Suspected (Uncertain) Health Harm,Emerging,2,harm severity /5,2,"Degrades: Possibly reproductive, digestive, respiratory health (unproven)"
disability-income-loss-extra-costs,1209,cost,Disability-Related Income Loss & Extra Costs,Strong,5,harm severity /5,2,"Degrades: Financial, Bodily, Intrapersonal"
uninsured-long-term-care,1210,cost,Uninsured / Underinsured Long-Term-Care Costs,Strong,5,harm severity /5,2,"Degrades: Financial, Intrapersonal, Community"
gray-divorce-financial-devastation,1211,cost,Gray Divorce (After 50) Financial Devastation,Strong,4,harm severity /5,1,"Degrades: Financial, Intrapersonal, Community"
sequence-of-returns-risk,1212,cost,Sequence-of-Returns Risk in Early Retirement,Strong,4,harm severity /5,2,"Degrades: Financial, Strategic, Mathematical"
catastrophic-medical-event-oop,1213,cost,Catastrophic Out-of-Pocket Medical Event,Strong,4,harm severity /5,1,"Degrades: Financial, Bodily, Strategic"
informal-caregiver-lost-earnings,1214,cost,Informal-Caregiver Lost Lifetime Earnings,Moderate,4,harm severity /5,2,"Degrades: Financial, Strategic, Intrapersonal"
pension-underfunding-broken-promises,1215,cost,Pension Underfunding & Broken Promises,Moderate,4,harm severity /5,2,"Degrades: Financial, Strategic, Intrapersonal"
inflation-erosion-fixed-income,1216,cost,Inflation Erosion of Savings & Fixed Incomes,Strong,3,harm severity /5,2,"Degrades: Financial, Strategic, Intrapersonal"
sandwich-generation-caregiving,1217,cost,Sandwich-Generation Caregiving Squeeze,Moderate,3,harm severity /5,2,"Degrades: Financial, Emotional, Parental"
student-debt-wealth-drag,1218,cost,Student-Debt Drag on Wealth-Building,Moderate,3,harm severity /5,2,"Degrades: Financial, Strategic, Entrepreneurial"
diaphragmatic-belly-breathing,1219,practice,Diaphragmatic (Belly) Breathing,Moderate,3,impact magnitude /5,2,"practice: 'Bolsters clusters: Interoceptive, Emotional, Bodily'"
guided-imagery-relaxation,1220,practice,Guided Imagery (Relaxation),Moderate,3,impact magnitude /5,2,"practice: 'Bolsters clusters: Emotional, Creative, Aesthetic, Intrapersonal'"
4-7-8-breathing,1221,practice,4-7-8 Breathing,Emerging,2,impact magnitude /5,2,"practice: 'Bolsters clusters: Emotional, Interoceptive, Volitional'"
breath-counting-meditation,1222,practice,Breath-Counting Meditation,Emerging,2,impact magnitude /5,2,"practice: 'Bolsters clusters: Meta-Cognitive, Volitional, Intrapersonal'"
buteyko-breathing-asthma,1223,practice,Buteyko Breathing (Reduced-Volume Breathing),Mixed,2,impact magnitude /5,2,"practice: 'Bolsters clusters: Bodily, Interoceptive'"
noting-labeling-practice,1224,practice,Noting / Mental Labeling Practice,Emerging,2,impact magnitude /5,2,"practice: 'Bolsters clusters: Meta-Cognitive, Emotional, Interoceptive, Intrapersonal'"
tonglen-sending-receiving,1225,practice,Tonglen (Sending-and-Receiving),Emerging,2,impact magnitude /5,3,"practice: 'Bolsters clusters: Emotional, Interpersonal, Moral, Intrapersonal'"
trataka-candle-gazing,1226,practice,Trataka (Candle-Flame Gazing),Emerging,2,impact magnitude /5,2,"practice: 'Bolsters clusters: Meta-Cognitive, Volitional, Intrapersonal'"
kapalabhati-bhastrika-rapid-pranayama,1227,practice,Kapalabhati / Bhastrika (Rapid Yogic Breathing),Emerging,2,impact magnitude /5,2,"practice: 'Bolsters clusters: Emotional, Interoceptive, Bodily'"
zazen-zen-meditation,1228,practice,Zazen (Zen Seated Meditation),Mixed,2,impact magnitude /5,2,"practice: 'Bolsters clusters: Meta-Cognitive, Intrapersonal, Volitional, Existential'"
analytical-reflective-meditation,1229,practice,Analytical (Reflective) Meditation,Emerging,2,impact magnitude /5,2,"practice: 'Bolsters clusters: Logical, Meta-Cognitive, Existential, Moral'"
holotropic-high-ventilation-breathwork,1230,practice,Holotropic / High-Ventilation Breathwork,Emerging,2,impact magnitude /5,2,"practice: 'Bolsters clusters: Emotional, Existential, Intrapersonal'"
alexander-technique,1231,practice,Alexander Technique,Strong,3,impact magnitude /5,1,"Bolsters clusters: Bodily, Interoceptive, Volitional"
baduanjin-qigong,1232,practice,Baduanjin (Eight Brocades) Qigong,Moderate,3,impact magnitude /5,1,"Bolsters clusters: Bodily, Interoceptive, Emotional"
calisthenics-bodyweight-training,1233,practice,Calisthenics / Bodyweight Training,Moderate,3,impact magnitude /5,2,"Bolsters clusters: Bodily, Volitional"
deep-water-running,1234,practice,Deep-Water Running (Aqua Jogging),Moderate,3,impact magnitude /5,2,"Bolsters clusters: Bodily, Interoceptive"
elastic-resistance-band-training,1235,practice,Elastic Resistance Band Training,Moderate,3,impact magnitude /5,1,"Bolsters clusters: Bodily, Volitional"
kettlebell-training,1236,practice,Kettlebell Training,Moderate,3,impact magnitude /5,2,"Bolsters clusters: Bodily, Volitional"
crossfit-hift,1237,practice,CrossFit / High-Intensity Functional Training,Moderate,3,impact magnitude /5,2,"Bolsters clusters: Bodily, Volitional, Community"
norwegian-4x4-generation-100,1238,practice,Norwegian 4x4 Interval Training,Moderate,3,impact magnitude /5,1,"Bolsters clusters: Bodily, Volitional"
sprint-interval-training-sit,1239,practice,Sprint Interval Training (SIT),Moderate,3,impact magnitude /5,2,"Bolsters clusters: Bodily, Volitional, Interoceptive"
feldenkrais-method,1240,practice,Feldenkrais Method,Emerging,2,impact magnitude /5,2,"Bolsters clusters: Bodily, Interoceptive"
whole-body-vibration-training,1241,practice,Whole-Body Vibration Platform Training,Mixed,2,impact magnitude /5,2,"Bolsters clusters: Bodily, Interoceptive"
gyrotonic-gyrokinesis,1242,practice,Gyrotonic / Gyrokinesis,Emerging,2,impact magnitude /5,2,"Bolsters clusters: Bodily, Interoceptive"
suspension-trx-training,1243,practice,Suspension / TRX Training,Emerging,2,impact magnitude /5,2,"Bolsters clusters: Bodily, Interoceptive"
tempo-time-under-tension-training,1244,practice,Tempo / Time-Under-Tension Resistance Training,Mixed,2,impact magnitude /5,2,"Bolsters clusters: Bodily, Volitional"
tabata-protocol,1245,practice,Tabata Protocol (20-10 x 8),Emerging,2,impact magnitude /5,2,"Bolsters clusters: Bodily, Volitional"
soluble-viscous-fiber,1246,practice,"Soluble / Viscous Fiber (Psyllium, Beta-Glucan)",Strong,3,impact magnitude /5,2,"practice: 'Bolsters clusters: Bodily, cholesterol control, Interoceptive'"
portion-control-plate-method,1247,practice,Portion Control & Plate Method,Moderate,3,impact magnitude /5,2,"practice: 'Bolsters clusters: Volitional, Bodily, weight regulation'"
extra-virgin-olive-oil,1248,practice,Extra-Virgin Olive Oil (as a fat swap),Moderate,3,impact magnitude /5,2,"practice: 'Bolsters clusters: Bodily, cardiovascular, longevity'"
low-fodmap-ibs,1249,practice,Low-FODMAP Diet (IBS),Strong,3,impact magnitude /5,2,"practice: 'Bolsters clusters: Interoceptive, Bodily, gut comfort'"
nordic-baltic-diet,1250,practice,Nordic / Baltic Sea Diet,Moderate,3,impact magnitude /5,2,"practice: 'Bolsters clusters: Bodily, cardiometabolic, Naturalist'"
alternate-day-5-2-fasting,1251,practice,Alternate-Day & 5:2 Fasting,Moderate,3,impact magnitude /5,2,"practice: 'Bolsters clusters: Bodily, Volitional, weight regulation'"
green-tea,1252,practice,Green Tea,Moderate,2,impact magnitude /5,2,"practice: 'Bolsters clusters: Bodily, cardiovascular, Interoceptive'"
low-glycemic-index-diet,1253,practice,Low-Glycemic-Index Diet,Moderate,2,impact magnitude /5,2,"practice: 'Bolsters clusters: Bodily, glucose control, Interoceptive'"
cocoa-flavanols-polyphenols,1254,practice,Cocoa Flavanols & Polyphenol-Rich Foods,Mixed,2,impact magnitude /5,2,"practice: 'Bolsters clusters: Bodily, cardiovascular, Aesthetic pleasure'"
protein-distribution-meals,1255,practice,Even Protein Distribution Across Meals,Emerging,2,impact magnitude /5,1,"practice: 'Bolsters clusters: Bodily, muscle preservation, Interoceptive'"
flexitarian-diet,1256,practice,Flexitarian / Semi-Vegetarian Diet,Emerging,2,impact magnitude /5,1,"practice: 'Bolsters clusters: Bodily, Volitional, sustainability'"
intuitive-eating,1257,practice,Intuitive Eating,Moderate,2,impact magnitude /5,2,"practice: 'Bolsters clusters: Interoceptive, Intrapersonal, body image'"
mind-diet-cognition,1258,practice,MIND Diet (Cognitive Aging),Moderate,2,impact magnitude /5,2,"practice: 'Bolsters clusters: Meta-Cognitive, memory, Existential'"
cgm-personalized-nutrition,1259,practice,CGM-Guided Personalized Nutrition,Emerging,2,impact magnitude /5,2,"practice: 'Bolsters clusters: Interoceptive, Pattern-Recognition, glucose control'"
vegetarian-plant-based,1260,practice,Vegetarian / Plant-Based Diet,Mixed,2,impact magnitude /5,2,"practice: 'Bolsters clusters: Bodily, Moral, cardiometabolic'"
ketogenic-diet,1261,practice,Ketogenic Diet,Mixed,3,impact magnitude /5,2,"practice: 'Bolsters clusters: Bodily, seizure control (strong), weight (modest)'"
meal-timing-late-eating,1262,practice,Meal Timing / Avoiding Late Eating,Emerging,2,impact magnitude /5,2,"practice: 'Bolsters clusters: Bodily, Interoceptive, circadian metabolism'"
doacs-anticoagulants,1263,practice,DOACs — Direct Oral Anticoagulants for Atrial Fibrillation & VTE,Strong,4,impact magnitude /5,2,"practice: 'Bolsters clusters: Bodily, Meta-Cognitive'"
ace-inhibitors-arbs,1264,practice,ACE Inhibitors & ARBs — Renin-Angiotensin Blockade,Strong,4,impact magnitude /5,2,"practice: 'Bolsters clusters: Bodily, Interoceptive, Meta-Cognitive'"
beta-blockers,1265,practice,"Beta-Blockers — Lifesaving in Heart Failure, Not First-Line for Plain Hypertension",Strong,4,impact magnitude /5,2,"practice: 'Bolsters clusters: Bodily, Interoceptive'"
sglt2-inhibitors-cardiorenal,1266,practice,SGLT2 Inhibitors — Cardio-Renal Protection,Strong,4,impact magnitude /5,2,"practice: 'Bolsters clusters: Bodily, Interoceptive'"
statins-secondary-prevention,1267,practice,Statins — Secondary Prevention & High-Intensity LDL Lowering,Strong,4,impact magnitude /5,3,"practice: 'Bolsters clusters: Bodily, Interoceptive, Meta-Cognitive'"
thiazide-diuretics,1268,practice,Thiazide & Thiazide-Like Diuretics,Strong,3,impact magnitude /5,1,"practice: 'Bolsters clusters: Bodily, Interoceptive'"
aspirin-secondary-prevention,1269,practice,Aspirin — Secondary Prevention (Where It Still Earns Its Place),Strong,3,impact magnitude /5,2,"practice: 'Bolsters clusters: Bodily, Meta-Cognitive'"
finerenone,1270,practice,Finerenone — Non-Steroidal MRA for Diabetic Kidney Disease,Strong,3,impact magnitude /5,2,"practice: 'Bolsters clusters: Bodily, Interoceptive'"
glp1-agonists-semaglutide-tirzepatide,1271,practice,GLP-1 / GIP Agonists — Semaglutide & Tirzepatide,Strong,4,impact magnitude /5,3,"practice: 'Bolsters clusters: Bodily, Interoceptive, Volitional'"
pcsk9-inhibitors,1272,practice,PCSK9 Inhibitors — Deep LDL Lowering on Top of Statins,Strong,3,impact magnitude /5,2,"practice: 'Bolsters clusters: Bodily, Meta-Cognitive'"
ezetimibe,1273,practice,"Ezetimibe — The Modest, Well-Tolerated Add-On",Strong,2,impact magnitude /5,1,practice: 'Bolsters clusters: Bodily'
metformin-diabetes-and-longevity,1274,practice,Metformin — Diabetes Workhorse & the Honest Longevity Question (TAME),Mixed,3,impact magnitude /5,2,"practice: 'Bolsters clusters: Bodily, Interoceptive'"
lithium-bipolar-antisuicide,1275,practice,Lithium — Bipolar Maintenance & the Anti-Suicide Signal,Strong,4,impact magnitude /5,2,"Bolsters: Emotional, Volitional, Intrapersonal lines"
atypical-antipsychotics,1276,practice,"Atypical Antipsychotics — Effective, But Metabolically Costly",Strong,4,impact magnitude /5,2,"Bolsters: Logical, Social-Perceptual, Volitional, Pattern-Recognition lines"
stimulants-adhd,1277,practice,Stimulants for ADHD — The Strongest Effect in Psychiatry,Strong,4,impact magnitude /5,2,"Bolsters: Volitional, Strategic, Meta-Cognitive, Pattern-Recognition lines"
acamprosate-aud,1278,practice,Acamprosate for Alcohol Use Disorder — Best for Abstinence,Strong,3,impact magnitude /5,1,"Bolsters: Volitional, Interoceptive lines"
naltrexone-aud,1279,practice,"Naltrexone for Alcohol Use Disorder — Real, Modest Help",Strong,3,impact magnitude /5,1,"Bolsters: Volitional, Interoceptive lines"
atomoxetine,1280,practice,Atomoxetine — The Non-Stimulant ADHD Option,Moderate,3,impact magnitude /5,2,"Bolsters: Volitional, Meta-Cognitive, Strategic lines"
bupropion,1281,practice,"Bupropion — The Activating, Weight- and Sex-Neutral Option",Moderate,3,impact magnitude /5,2,"Bolsters: Emotional, Volitional, Strategic lines"
mirtazapine,1282,practice,"Mirtazapine — Sedating, Appetite-Restoring Antidepressant",Moderate,3,impact magnitude /5,2,"Bolsters: Emotional, Interoceptive, Volitional lines"
snris-venlafaxine-duloxetine,1283,practice,"SNRIs (Venlafaxine, Duloxetine) — Mood Plus Pain",Moderate,3,impact magnitude /5,2,"Bolsters: Emotional, Volitional, Interoceptive, Bodily lines"
ssris-depression,1284,practice,"SSRIs for Depression — The Honest, Modest Effect",Moderate,3,impact magnitude /5,2,"Bolsters: Emotional, Volitional, Intrapersonal, Meta-Cognitive lines"
benzodiazepines-anxiety,1285,practice,"Benzodiazepines — Fast, Effective, and Dependence-Prone",Moderate,3,impact magnitude /5,2,"Bolsters: Emotional, Interoceptive, Volitional lines (short-term only)"
lamotrigine-bipolar,1286,practice,Lamotrigine — Preventing the Depressive Pole of Bipolar,Moderate,3,impact magnitude /5,2,"Bolsters: Emotional, Volitional, Intrapersonal lines"
buspirone-azapirones,1287,practice,"Buspirone — Non-Sedating Anxiolytic, Narrow Niche",Moderate,2,impact magnitude /5,1,"Bolsters: Emotional, Interoceptive, Volitional lines"
prazosin-ptsd-nightmares,1288,practice,"Prazosin for PTSD Nightmares — Promising, Then Contested",Mixed,2,impact magnitude /5,2,"Bolsters: Interoceptive, Emotional lines (sleep, trauma symptoms)"
propranolol-performance-anxiety,1289,practice,"Propranolol for Performance Anxiety — Physical, Not Psychic",Emerging,2,impact magnitude /5,2,"Bolsters: Bodily, Interoceptive, Rhetorical, Musical lines"
ketamine-esketamine-trd,1290,practice,Ketamine / Esketamine — Rapid Relief for Resistant Depression,Mixed,3,impact magnitude /5,2,"Bolsters: Emotional, Volitional, Existential lines"
berberine-glucose-lipids,1291,practice,Berberine for Glucose & Lipids ('Nature's Metformin'),Moderate,3,impact magnitude /5,2,"practice: 'Bolsters clusters: Bodily, Interoceptive, Volitional'"
saffron-depression,1292,practice,Saffron (Crocus sativus) for Depression,Moderate,3,impact magnitude /5,2,"practice: 'Bolsters clusters: Emotional, Intrapersonal'"
st-johns-wort-depression,1293,practice,St John's Wort for Mild-Moderate Depression,Moderate,3,impact magnitude /5,2,"practice: 'Bolsters clusters: Emotional, Intrapersonal, Volitional'"
creatine-for-mood,1294,practice,Creatine for Mood (Depression Augmentation),Emerging,2,impact magnitude /5,2,"practice: 'Bolsters clusters: Emotional, Bodily, Intrapersonal'"
curcumin-turmeric-mood,1295,practice,Curcumin / Turmeric for Mood & Inflammation,Emerging,2,impact magnitude /5,2,"practice: 'Bolsters clusters: Emotional, Interoceptive, Intrapersonal'"
ginseng-fatigue-cognition,1296,practice,Ginseng for Fatigue & Vitality,Emerging,2,impact magnitude /5,2,"practice: 'Bolsters clusters: Bodily, Volitional, Meta-Cognitive'"
lions-mane-cognition,1297,practice,Lion's Mane (Hericium erinaceus) for Cognition,Emerging,2,impact magnitude /5,2,"practice: 'Bolsters clusters: Meta-Cognitive, Pattern-Recognition'"
nac-n-acetylcysteine,1298,practice,N-Acetylcysteine (NAC) for Compulsions & Mood,Mixed,2,impact magnitude /5,2,"practice: 'Bolsters clusters: Volitional, Emotional, Interoceptive'"
valerian-sleep,1299,practice,Valerian for Sleep,Mixed,1,impact magnitude /5,2,"practice: 'Bolsters clusters: Interoceptive, Emotional'"
bacopa-monnieri-memory,1300,practice,Bacopa Monnieri for Memory,Moderate,2,impact magnitude /5,2,"practice: 'Bolsters clusters: Meta-Cognitive, Pattern-Recognition, Linguistic'"
resveratrol-hype,1301,practice,Resveratrol (Honest — Hype Outruns Humans),Mixed,1,impact magnitude /5,2,"practice: 'Bolsters clusters: Bodily, Interoceptive'"
ginkgo-biloba-cognition,1302,practice,Ginkgo Biloba for Memory (Honest Null),Mixed,1,impact magnitude /5,2,practice: 'Bolsters clusters: Meta-Cognitive'
folate-folic-acid,1303,practice,Folate / Folic Acid — Periconceptional,Strong,4,impact magnitude /5,3,"practice: 'Bolsters clusters: Parental, Bodily'"
oral-rehydration-electrolytes,1304,practice,Electrolyte / Oral Rehydration Solution (ORS),Strong,4,impact magnitude /5,2,"practice: 'Bolsters clusters: Bodily, Interoceptive'"
iron-supplementation,1305,practice,Iron — Deficiency Correction (and Over-Supplementation Harm),Strong,3,impact magnitude /5,3,"practice: 'Bolsters clusters: Bodily, Meta-Cognitive, Emotional'"
vitamin-b12-cobalamin,1306,practice,Vitamin B12 (Cobalamin) — Deficiency Correction,Strong,3,impact magnitude /5,2,"practice: 'Bolsters clusters: Meta-Cognitive, Bodily, Emotional'"
iodine-deficiency,1307,practice,Iodine — Deficiency & Cognition,Strong,3,impact magnitude /5,2,"practice: 'Bolsters clusters: Meta-Cognitive, Logical, Bodily'"
magnesium-form-bioavailability,1308,practice,Magnesium Form & Bioavailability (Glycinate vs Citrate vs Oxide),Moderate,2,impact magnitude /5,3,"practice: 'Bolsters clusters: Bodily, Emotional'"
potassium-supplementation,1309,practice,Potassium — Blood Pressure,Moderate,2,impact magnitude /5,2,practice: 'Bolsters clusters: Bodily'
coenzyme-q10-coq10,1310,practice,Coenzyme Q10 (CoQ10 / Ubiquinol),Mixed,2,impact magnitude /5,3,practice: 'Bolsters clusters: Bodily'
calcium-supplementation,1311,practice,Calcium — Bone (with Cardiovascular Caution),Mixed,2,impact magnitude /5,2,practice: 'Bolsters clusters: Bodily'
vitamin-c-common-cold,1312,practice,Vitamin C — Common Cold,Mixed,1,impact magnitude /5,1,practice: 'Bolsters clusters: Bodily'
vitamin-k2-menaquinone,1313,practice,Vitamin K2 (Menaquinone) — Bone & Vascular,Emerging,2,impact magnitude /5,2,practice: 'Bolsters clusters: Bodily'
selenium-supplementation,1314,practice,Selenium — Cancer Prevention Null (Deficiency Nuance),Mixed,1,impact magnitude /5,2,practice: 'Bolsters clusters: Bodily'
aortic-aneurysm-dissection,1315,cost,Aortic Aneurysm & Acute Aortic Dissection,Strong,5,harm severity /5,2,"Degrades: Bodily, Interoceptive, Volitional, Financial"
dementia-lewy-bodies,1316,cost,Dementia with Lewy Bodies,Strong,5,harm severity /5,3,"Degrades: Meta-Cognitive, Spatial, Interpersonal, Bodily"
frontotemporal-dementia,1317,cost,Frontotemporal Dementia (bvFTD & PPA),Strong,5,harm severity /5,2,"Degrades: Interpersonal, Moral, Linguistic, Emotional"
vascular-dementia,1318,cost,Vascular Dementia / Vascular Cognitive Impairment,Strong,5,harm severity /5,2,"Degrades: Meta-Cognitive, Logical, Volitional, Financial"
autism-adult-burden,1319,cost,"Autism in Adulthood — Lost Years, Support Gaps & Excess Mortality",Strong,4,harm severity /5,2,"Degrades: Interpersonal, Social-Perceptual, Financial, Volitional, Emotional"
hyperglycemic-crisis-dka-hhs,1320,cost,Diabetic Ketoacidosis & Hyperosmolar Hyperglycemic State,Strong,4,harm severity /5,2,"Degrades: Interoceptive, Bodily, Meta-Cognitive, Financial"
hypertensive-emergency,1321,cost,Hypertensive Emergency (Malignant Hypertension),Strong,4,harm severity /5,2,"Degrades: Systemic, Bodily, Spatial, Financial"
severe-hypoglycemia-unawareness,1322,cost,Severe Hypoglycemia & Impaired Awareness of Hypoglycemia,Strong,4,harm severity /5,2,"Degrades: Interoceptive, Meta-Cognitive, Bodily, Emotional"
adrenal-insufficiency-crisis,1323,cost,Adrenal Insufficiency & Addisonian Crisis,Moderate,4,harm severity /5,2,"Degrades: Bodily, Interoceptive, Volitional, Emotional"
antisocial-personality-disorder-psychopathy,1324,cost,Antisocial Personality Disorder & Psychopathy — The Societal Bill,Moderate,4,harm severity /5,2,"Degrades: Moral, Interpersonal, Community, Financial, Emotional"
aortic-stenosis-valvular,1325,cost,Aortic Stenosis & Valvular Heart Disease,Strong,4,harm severity /5,2,"Degrades: Bodily, Interoceptive, Volitional, Existential"
hypertrophic-cardiomyopathy,1326,cost,Hypertrophic Cardiomyopathy,Strong,4,harm severity /5,2,"Degrades: Bodily, Volitional, Emotional, Existential"
thyroid-storm-myxedema-coma,1327,cost,Thyroid Storm & Myxedema Coma,Moderate,4,harm severity /5,2,"Degrades: Interoceptive, Bodily, Meta-Cognitive, Emotional"
treatment-resistant-depression,1328,cost,Treatment-Resistant Depression — When the Ladder Runs Out,Strong,4,harm severity /5,2,"Degrades: Emotional, Volitional, Financial, Interpersonal, Meta-Cognitive"
cushings-syndrome,1329,cost,Cushing's Syndrome,Moderate,4,harm severity /5,2,"Degrades: Bodily, Emotional, Aesthetic, Meta-Cognitive"
nonsuicidal-self-injury,1330,cost,Non-Suicidal Self-Injury — A Distinct Behavior That Forecasts Suicide,Strong,3,harm severity /5,2,"Degrades: Emotional, Interoceptive, Intrapersonal, Bodily, Volitional"
conduct-disorder-adult-outcomes,1331,cost,Conduct Disorder → Life-Course Antisocial Trajectory,Moderate,4,harm severity /5,2,"Degrades: Moral, Financial, Interpersonal, Community, Volitional"
dissociative-identity-disorder,1332,cost,"Dissociative Disorders (incl. DID) — Fragmentation, Self-Injury & Suicide",Moderate,4,harm severity /5,2,"Degrades: Intrapersonal, Interoceptive, Emotional, Meta-Cognitive, Interpersonal"
schizoaffective-disorder,1333,cost,"Schizoaffective Disorder — Psychosis Plus Mood, Doubled Jeopardy",Moderate,4,harm severity /5,2,"Degrades: Meta-Cognitive, Emotional, Interpersonal, Financial, Volitional"
kidney-stones-nephrolithiasis,1334,cost,Chronic Kidney Stones (Nephrolithiasis),Strong,3,harm severity /5,2,"Degrades: Bodily, Interoceptive, Financial, Volitional"
persistent-depressive-disorder-dysthymia,1335,cost,Persistent Depressive Disorder (Dysthymia) — The Chronic Low-Grade Drain,Strong,3,harm severity /5,2,"Degrades: Emotional, Volitional, Intrapersonal, Interpersonal, Financial"
immune-thrombocytopenia,1336,cost,Immune Thrombocytopenia (ITP) & Thrombocytopenia,Moderate,3,harm severity /5,2,"Degrades: Bodily, Volitional, Emotional, Financial"
menieres-recurrent-vertigo,1337,cost,Ménière's Disease & Recurrent Vertigo,Moderate,3,harm severity /5,2,"Degrades: Bodily, Interoceptive, Emotional, Social-Perceptual"
premenstrual-dysphoric-disorder-pmdd,1338,cost,Premenstrual Dysphoric Disorder (PMDD) — Cyclical Collapse & Suicide Risk,Moderate,3,harm severity /5,2,"Degrades: Emotional, Intrapersonal, Interpersonal, Volitional, Financial"
chronic-iron-deficiency-anemia,1339,cost,Chronic Anemia (Iron Deficiency & Anemia of Chronic Disease),Strong,3,harm severity /5,2,"Degrades: Bodily, Interoceptive, Meta-Cognitive, Volitional"
avoidant-personality-disorder,1340,cost,Avoidant Personality Disorder — A Life Narrowed by Fear of Rejection,Moderate,3,harm severity /5,2,"Degrades: Interpersonal, Seductive, Entrepreneurial, Volitional, Financial"
cyclothymic-disorder,1341,cost,Cyclothymic Disorder — Chronic Mood Instability & the Bipolar On-Ramp,Moderate,3,harm severity /5,2,"Degrades: Emotional, Volitional, Interpersonal, Financial, Intrapersonal"
depersonalization-derealization-disorder,1342,cost,Depersonalization-Derealization Disorder — Living Behind Glass,Moderate,3,harm severity /5,2,"Degrades: Interoceptive, Intrapersonal, Emotional, Aesthetic, Existential"
somatic-symptom-disorder,1343,cost,"Somatic Symptom Disorder — Suffering, Cost & Disability From Bodily Distress",Moderate,3,harm severity /5,2,"Degrades: Interoceptive, Meta-Cognitive, Financial, Emotional, Volitional"
seasonal-affective-disorder-sad,1344,cost,Seasonal Affective Disorder — The Winter That Takes the Season,Moderate,2,harm severity /5,2,"Degrades: Emotional, Volitional, Financial, Interpersonal, Creative"
specific-phobia,1345,cost,"Specific Phobia — Common, Chronic, and Undertreated",Strong,2,harm severity /5,2,"Degrades: Volitional, Interpersonal, Financial, Bodily, Existential"
group-cbt,1346,practice,Group CBT — Distinct from Individual & from Support Groups,Strong,4,impact magnitude /5,2,"practice: 'Bolsters clusters: Emotional, Intrapersonal, Interpersonal, Meta-Cognitive'"
bibliotherapy,1347,practice,Bibliotherapy — Distinct from Recreational Reading,Moderate,3,impact magnitude /5,2,"practice: 'Bolsters clusters: Intrapersonal, Meta-Cognitive, Emotional, Linguistic'"
clinical-music-therapy-active,1348,practice,Clinical (Active) Music Therapy — Distinct from Music Listening,Moderate,3,impact magnitude /5,2,"practice: 'Bolsters clusters: Musical, Emotional, Interoceptive, Aesthetic'"
solution-focused-brief-therapy,1349,practice,Solution-Focused Brief Therapy (SFBT),Moderate,3,impact magnitude /5,3,"practice: 'Bolsters clusters: Volitional goal-pursuit, Intrapersonal, Strategic, Existential hope'"
existential-therapy,1350,practice,Existential Therapy,Moderate,3,impact magnitude /5,1,"practice: 'Bolsters clusters: Existential, Intrapersonal, Emotional, meaning-in-life'"
logotherapy,1351,practice,Logotherapy (Frankl) — Distinct from Meaning-Centered Psychotherapy,Moderate,3,impact magnitude /5,2,"practice: 'Bolsters clusters: Existential, Intrapersonal, Emotional, meaning-in-life'"
psychodrama-action-therapy,1352,practice,Psychodrama & Action Methods,Emerging,3,impact magnitude /5,2,"practice: 'Bolsters clusters: Emotional, Interpersonal, Social-Perceptual, Creative spontaneity'"
systemic-structural-family-therapy,1353,practice,Systemic & Structural Family Therapy (Bowen / Minuchin),Moderate,3,impact magnitude /5,2,"practice: 'Bolsters clusters: Interpersonal, Systemic, Parental, Community'"
dance-movement-therapy-clinical,1354,practice,"Dance/Movement Therapy (DMT) — Clinical, Distinct from Dance Class",Emerging,2,impact magnitude /5,2,"practice: 'Bolsters clusters: Bodily, Emotional, Interoceptive, Aesthetic'"
drama-therapy,1355,practice,Drama Therapy — Distinct from Psychodrama,Emerging,2,impact magnitude /5,2,"practice: 'Bolsters clusters: Creative, Emotional, Interpersonal, Social-Perceptual'"
narrative-therapy,1356,practice,Narrative Therapy,Emerging,2,impact magnitude /5,1,"practice: 'Bolsters clusters: Intrapersonal, Linguistic, Existential meaning, Emotional'"
reality-therapy-choice-theory,1357,practice,Reality Therapy / Choice Theory (Glasser),Emerging,2,impact magnitude /5,2,"practice: 'Bolsters clusters: Volitional, Strategic, Intrapersonal responsibility, Interpersonal'"
somatic-experiencing,1358,practice,Somatic Experiencing (Levine),Emerging,2,impact magnitude /5,2,"practice: 'Bolsters clusters: Interoceptive, Emotional, Bodily, Intrapersonal'"
sensorimotor-hakomi-body-psychotherapy,1359,practice,Sensorimotor Psychotherapy & Hakomi (Body-Centered),Emerging,2,impact magnitude /5,2,"practice: 'Bolsters clusters: Interoceptive, Bodily, Emotional, Intrapersonal'"
transactional-analysis,1360,practice,Transactional Analysis (TA) Psychotherapy,Emerging,2,impact magnitude /5,1,"practice: 'Bolsters clusters: Interpersonal, Intrapersonal, Emotional, Social-Perceptual'"
brainspotting,1361,practice,Brainspotting,Emerging,2,impact magnitude /5,2,"practice: 'Bolsters clusters: Interoceptive, Emotional, Intrapersonal'"
negative-urgency,1362,weakness,Negative Urgency → Rash Acts Under Distress,Strong,7,threat /10,2,"Degrades: Volitional, Emotional, Interoceptive"
affective-instability-lability,1363,weakness,Affective Instability / Lability → Self-Harm & BPD Features,Moderate,6,threat /10,2,"Degrades: Emotional, Volitional, Intrapersonal"
brooding-rumination-vs-reflection,1364,weakness,Brooding Rumination → Prospective Depression,Moderate,6,threat /10,2,"Degrades: Emotional, Intrapersonal, Meta-Cognitive"
hot-cool-system-failure,1365,weakness,Hot/Cool System Failure → Willpower Collapse Under Arousal,Moderate,6,threat /10,2,"Degrades: delay of gratification, impulse control, plan-consistent action"
negative-sentiment-override,1366,weakness,Negative Sentiment Override,Moderate,6,threat /10,2,"Degrades: accurate partner perception, conflict repair, relationship satisfaction"
overprecision-confidence,1367,weakness,Overprecision → Confidence Intervals Far Too Narrow,Strong,6,threat /10,2,"Degrades: Meta-Cognitive, Strategic, Financial, Logical"
post-event-processing,1368,weakness,Post-Event Processing → Social-Anxiety Maintenance,Moderate,6,threat /10,2,"Degrades: Social-Perceptual, Emotional, Interpersonal"
shame-proneness-vs-guilt,1369,weakness,Shame-Proneness (vs Guilt-Proneness) → Depression & Withdrawal,Strong,6,threat /10,2,"Degrades: Emotional, Intrapersonal, Moral"
silent-treatment-ostracism-perpetrated,1370,weakness,Silent Treatment / Perpetrated Ostracism,Moderate,6,threat /10,3,"Degrades: intimacy, partner wellbeing, communication, trust"
intention-behavior-gap,1371,weakness,The Intention–Behavior Gap → Good Intentions That Never Move,Strong,6,threat /10,2,"Degrades: follow-through, behavior change, reliability, plan execution"
vulnerable-narcissism-relational,1372,weakness,Vulnerable Narcissism (Relational),Moderate,6,threat /10,2,"Degrades: relationship stability, trust, communion, emotion regulation"
vulnerable-narcissism,1373,weakness,Vulnerable Narcissism → Internalizing Distress,Moderate,6,threat /10,2,"Degrades: Intrapersonal, Emotional, Interpersonal"
aggressive-self-defeating-humor,1374,weakness,Aggressive & Self-Defeating Humor Styles,Moderate,5,threat /10,2,"Degrades: relationship satisfaction, social support, likability"
belief-perseverance,1375,weakness,Belief Perseverance → Beliefs That Outlive Their Evidence,Strong,5,threat /10,2,"Degrades: Meta-Cognitive, Logical, Intrapersonal, Adversarial"
chronic-self-silencing,1376,weakness,Chronic Self-Silencing → Depression & Lost Voice,Mixed,5,threat /10,2,"Degrades: Emotional, Intrapersonal, Interpersonal"
cognitive-effort-avoidance,1377,weakness,Cognitive-Effort Avoidance → The Law of Less Work,Moderate,5,threat /10,2,"Degrades: sustained deliberation, effortful control, hard-task engagement"
dampening-positive-affect,1378,weakness,Dampening Positive Affect → Depression Risk,Moderate,5,threat /10,2,"Degrades: Emotional, Intrapersonal, Interoceptive"
denominator-neglect-ratio-bias,1379,weakness,Denominator Neglect / Ratio Bias → Misjudged Risk & Odds,Strong,5,threat /10,2,"Degrades: Mathematical, Financial, Logical"
dispositional-malicious-envy,1380,weakness,Dispositional Malicious Envy,Moderate,5,threat /10,2,"Degrades: goodwill, cooperation, friendship, wellbeing"
effort-based-motivation-deficit,1381,weakness,Effort-Based Motivation Deficit → Apathy & Reward Devaluation,Moderate,5,threat /10,2,"Degrades: reward pursuit, willingness to work, goal-directed drive"
egocentric-perspective-failure-overimputation,1382,weakness,Egocentric Over-Projection (Overimputation),Moderate,5,threat /10,2,"Degrades: understanding others, communication accuracy, empathy"
emotional-inertia,1383,weakness,Emotional Inertia → Rigidity & Depression Onset,Moderate,5,threat /10,2,"Degrades: Emotional, Intrapersonal, Interoceptive"
fear-of-compassion,1384,weakness,Fear of Compassion → Blocked Self-Soothing,Moderate,5,threat /10,2,"Degrades: Emotional, Intrapersonal, Interpersonal"
fear-of-positive-evaluation,1385,weakness,Fear of Positive Evaluation → Self-Sabotaged Success,Moderate,5,threat /10,2,"Degrades: Social-Perceptual, Emotional, Volitional"
focusing-illusion,1386,weakness,Focusing Illusion (Focalism) → Overweighting Whatever You're Thinking About,Strong,5,threat /10,2,"Degrades: Intrapersonal, Meta-Cognitive, Emotional, Financial"
goal-conflict-ambivalence,1387,weakness,"Goal Conflict & Ambivalence → Stalled, Distressed, Half-Committed",Moderate,5,threat /10,2,"Degrades: goal progress, wellbeing, decisive action"
illusory-correlation,1388,weakness,Illusory Correlation → Seeing Links That Aren't There,Strong,5,threat /10,2,"Degrades: Pattern-Recognition, Logical, Social-Perceptual, Naturalist"
inattentional-blindness,1389,weakness,Inattentional Blindness → Missing the Obvious in Plain Sight,Strong,5,threat /10,2,"Degrades: Social-Perceptual, Pattern-Recognition, Spatial, Street-Smarts"
indirect-passive-aggression,1390,weakness,Indirect / Passive Aggression,Moderate,5,threat /10,2,"Degrades: trust, conflict resolution, emotional safety"
information-avoidance,1391,weakness,Information Avoidance → Willful Ignorance & Late Diagnosis,Moderate,5,threat /10,2,"Degrades: Meta-Cognitive, Interoceptive, Financial, Volitional"
sample-size-insensitivity,1392,weakness,Insensitivity to Sample Size (Law of Small Numbers) → Overreading Noise,Strong,5,threat /10,2,"Degrades: Mathematical, Logical, Pattern-Recognition, Strategic"
low-future-self-continuity,1393,weakness,Low Future Self-Continuity → The Stranger You Won't Save For,Moderate,5,threat /10,2,"Degrades: saving, long-horizon follow-through, ethical restraint"
low-goal-commitment,1394,weakness,Low Goal Commitment → Goals You Never Really Signed Up For,Strong,5,threat /10,1,"Degrades: goal–performance link, persistence, effort mobilization"
obsessive-passion,1395,weakness,"Obsessive Passion → Rigid, Uncontrollable Overpursuit",Moderate,5,threat /10,2,"Degrades: emotional balance, life harmony, healthy disengagement"
sensitivity-to-punishment-bis,1396,weakness,Overactive Behavioral Inhibition (Punishment Sensitivity) → Anxiety & Depression,Moderate,5,threat /10,2,"Degrades: Emotional, Volitional, Intrapersonal"
positive-urgency,1397,weakness,Positive Urgency → Rash Acts When Elated,Moderate,5,threat /10,2,"Degrades: Volitional, Emotional, Financial"
regression-to-mean-neglect,1398,weakness,Regression-to-the-Mean Neglect → Inventing Causes for Noise,Strong,5,threat /10,2,"Degrades: Logical, Mathematical, Strategic, Leadership"
scope-insensitivity,1399,weakness,Scope Insensitivity / Scope Neglect → Value That Ignores Magnitude,Strong,5,threat /10,2,"Degrades: Moral, Mathematical, Financial, Strategic"
state-orientation-volitional-hesitation,1400,weakness,State Orientation → Volitional Hesitation & Failure to Initiate,Moderate,5,threat /10,3,"Degrades: intention enactment, action initiation, disengagement from rumination"
trait-hypercompetitiveness,1401,weakness,Trait Hyper-Competitiveness,Moderate,5,threat /10,2,"Degrades: cooperation, relationship warmth, humility, wellbeing"
trait-spitefulness,1402,weakness,Trait Spitefulness,Moderate,5,threat /10,2,"Degrades: cooperation, trust, prosociality, own outcomes"
vague-goals-low-specificity,1403,weakness,"Vague 'Do-Your-Best' Goals → Undefined Success, Slack Effort",Strong,5,threat /10,2,"Degrades: performance intensity, persistence, self-monitoring"
change-blindness,1404,weakness,Change Blindness → Failing to Notice What Changed,Strong,4,threat /10,2,"Degrades: Social-Perceptual, Spatial, Pattern-Recognition, Street-Smarts"
conjunction-fallacy,1405,weakness,Conjunction Fallacy → Judging Specifics as More Likely Than Generals,Strong,4,threat /10,2,"Degrades: Logical, Mathematical, Meta-Cognitive"
low-consistency-of-interest,1406,weakness,"Consistency-of-Interest Deficit → Serial Enthusiasm, Nothing Finished",Strong,4,threat /10,1,"Degrades: long-term goal maintenance, project completion, follow-through"
distinction-bias-less-is-better,1407,weakness,Distinction Bias / Less-Is-Better → Comparison Warps Choice,Moderate,4,threat /10,2,"Degrades: Financial, Intrapersonal, Meta-Cognitive, Aesthetic"
emotional-contagion-susceptibility,1408,weakness,High Emotional Contagion Susceptibility → Absorbed Distress,Emerging,4,threat /10,2,"Degrades: Emotional, Interpersonal, Intrapersonal"
love-bombing-manipulative-idealization,1409,weakness,Love-Bombing / Manipulative Idealization,Emerging,4,threat /10,2,"Degrades: authentic intimacy, partner trust, moral integrity, reputation"
low-self-monitoring-snyder,1410,weakness,Low Self-Monitoring (Snyder),Mixed,4,threat /10,2,"Degrades: impression management, situational adaptability, network position"
motivational-interference,1411,weakness,Motivational Interference → The Tempting Alternative Poisons the Task,Emerging,4,threat /10,2,"Degrades: on-task focus, self-regulation, learning quality"
social-allergen-intolerance,1412,weakness,Social-Allergen Hypersensitivity,Emerging,4,threat /10,2,"Degrades: partner tolerance, affection, relationship satisfaction"
unit-bias,1413,weakness,Unit Bias → 'One Unit' Feels Like the Right Amount,Moderate,4,threat /10,2,"Degrades: Bodily, Interoceptive, Volitional, Financial"
low-need-for-achievement,1414,weakness,Weak Achievement Motivation → Low Drive to Master & Excel,Moderate,4,threat /10,2,"Degrades: challenge-seeking, entrepreneurial initiative, standards-setting"
disjunction-effect,1415,weakness,Disjunction Effect → Can't Decide Without Knowing the Irrelevant,Mixed,3,threat /10,2,"Degrades: Logical, Strategic, Volitional, Meta-Cognitive"
excessive-premature-self-disclosure,1416,weakness,Excessive / Premature Self-Disclosure (Oversharing),Moderate,3,threat /10,2,"Degrades: likability, appropriate intimacy pacing, impression"
humblebragging-backfire,1417,weakness,Humblebragging / Self-Promotion Backfire,Emerging,3,threat /10,1,"Degrades: likability, perceived sincerity, compliance"
pranayama-slow-breathing,1418,practice,Pranayama — Slow Yogic Breathing,Moderate,3,impact magnitude /5,2,"practice: 'Bolsters clusters: Interoceptive, Emotional, Bodily'"
iyengar-yoga,1419,practice,Iyengar Yoga (Alignment & Props),Moderate,3,impact magnitude /5,2,"practice: 'Bolsters clusters: Bodily, Interoceptive, Emotional'"
kundalini-yoga,1420,practice,"Kundalini Yoga (Kriyas, Breath & Mantra)",Moderate,3,impact magnitude /5,2,"practice: 'Bolsters clusters: Emotional, Intrapersonal, Volitional'"
sudarshan-kriya-yoga,1421,practice,Sudarshan Kriya (Rhythmic Cyclical Breathing),Moderate,3,impact magnitude /5,2,"practice: 'Bolsters clusters: Emotional, Interoceptive, Intrapersonal'"
yoga-low-back-pain,1422,practice,Yoga for Chronic Low Back Pain (Cochrane),Moderate,3,impact magnitude /5,1,"practice: 'Bolsters clusters: Bodily, Interoceptive, Emotional'"
chair-yoga,1423,practice,Chair Yoga (Seated / Accessible),Moderate,3,impact magnitude /5,1,"practice: 'Bolsters clusters: Bodily, Interoceptive, Emotional'"
alternate-nostril-breathing,1424,practice,Alternate-Nostril Breathing (Nadi Shodhana),Emerging,2,impact magnitude /5,2,"practice: 'Bolsters clusters: Interoceptive, Emotional'"
restorative-yoga,1425,practice,Restorative Yoga (Supported Rest),Mixed,2,impact magnitude /5,2,"practice: 'Bolsters clusters: Emotional, Interoceptive, Intrapersonal'"
yin-yoga,1426,practice,Yin Yoga (Long Passive Holds),Emerging,2,impact magnitude /5,2,"practice: 'Bolsters clusters: Interoceptive, Emotional, Intrapersonal'"
bhramari-humming-breath,1427,practice,Bhramari (Humming / Bee Breath),Emerging,1,impact magnitude /5,2,"practice: 'Bolsters clusters: Interoceptive, Emotional, Musical'"
hatha-yoga-general,1428,practice,Hatha Yoga (Classical Posture-and-Breath),Mixed,2,impact magnitude /5,2,"practice: 'Bolsters clusters: Bodily, Interoceptive, Emotional, Intrapersonal'"
vinyasa-flow-yoga,1429,practice,Vinyasa / Flow Yoga (Fitness),Emerging,2,impact magnitude /5,2,"practice: 'Bolsters clusters: Bodily, Volitional, Interoceptive'"
ashtanga-yoga,1430,practice,Ashtanga Yoga (Vigorous Set Series),Emerging,2,impact magnitude /5,2,"practice: 'Bolsters clusters: Bodily, Volitional, Emotional'"
bikram-hot-yoga,1431,practice,Bikram / Hot Yoga (Heated Room),Mixed,2,impact magnitude /5,2,"practice: 'Bolsters clusters: Bodily, Volitional, Interoceptive'"
retrieval-with-feedback,1432,practice,Retrieval Practice With Feedback,Strong,4,impact magnitude /5,2,"practice: 'Bolsters clusters: retrieval practice, error correction, self-testing'"
successive-relearning,1433,practice,Successive Relearning,Strong,4,impact magnitude /5,2,"practice: 'Bolsters clusters: retrieval practice, spacing, durable retention, self-testing'"
mental-practice-motor-imagery,1434,practice,Mental Practice / Motor Imagery,Moderate,3,impact magnitude /5,2,"practice: 'Bolsters clusters: deliberate practice, mental imagery, motor skill acquisition'"
testing-transfer,1435,practice,Retrieval Practice for Transfer,Moderate,3,impact magnitude /5,1,"practice: 'Bolsters clusters: retrieval practice, transfer, application, pretesting'"
keyword-mnemonic,1436,practice,The Keyword Mnemonic,Moderate,3,impact magnitude /5,2,"practice: 'Bolsters clusters: dual coding, memory palace, vocabulary/L2 learning'"
concept-mapping,1437,practice,Concept Mapping (Node-Link Diagrams),Moderate,3,impact magnitude /5,2,"practice: 'Bolsters clusters: elaboration, dual coding, organization, comprehension'"
contrasting-cases,1438,practice,Contrasting Cases & Analogical Comparison,Moderate,3,impact magnitude /5,2,"practice: 'Bolsters clusters: worked examples, concrete/varied examples, transfer, schema abstraction'"
peer-instruction,1439,practice,Peer Instruction (Mazur ConcepTests),Moderate,3,impact magnitude /5,2,"practice: 'Bolsters clusters: retrieval practice, learning by teaching, self-explanation, conceptual understanding'"
spaced-retrieval-dementia,1440,practice,Spaced-Retrieval Training (Dementia Care),Moderate,3,impact magnitude /5,2,"practice: 'Bolsters clusters: spacing, retrieval practice, functional memory rehabilitation'"
contextual-interference-motor,1441,practice,Contextual Interference (Random vs Blocked Motor Practice),Mixed,3,impact magnitude /5,2,"practice: 'Bolsters clusters: interleaving, spacing, motor skill retention, transfer'"
productive-failure,1442,practice,Productive Failure (Explore-Before-Instruction),Moderate,3,impact magnitude /5,1,"practice: 'Bolsters clusters: generation effect, desirable difficulty, conceptual understanding, transfer'"
part-whole-practice,1443,practice,Part- vs Whole-Task Practice,Mixed,2,impact magnitude /5,2,"practice: 'Bolsters clusters: deliberate practice, chunking, complex skill acquisition'"
sq3r-pq4r,1444,practice,SQ3R / PQ4R Study Systems,Mixed,2,impact magnitude /5,1,"practice: 'Bolsters clusters: self-testing, elaboration, reading comprehension'"
variability-of-practice,1445,practice,Variability of Practice (Motor Schema),Mixed,2,impact magnitude /5,2,"practice: 'Bolsters clusters: contextual interference, generalization, motor transfer'"
overlearning,1446,practice,Overlearning,Mixed,2,impact magnitude /5,2,"practice: 'Bolsters clusters: deliberate practice, automaticity, short-term mastery'"
economic-abuse-intimate-partner,1447,cost,Economic / Financial Abuse in Intimate Relationships → Entrapment,Strong,4,harm severity /5,3,"Degrades: Financial, Volitional, Intrapersonal, Interpersonal"
mass-layoff-job-displacement,1448,cost,Job Displacement / Mass Layoff → Permanent Earnings & Mortality Cost,Strong,4,harm severity /5,3,"Degrades: Financial, Existential, Emotional, Community"
involuntary-early-retirement,1449,cost,Involuntary / Forced Early Retirement → Depression & Health Decline,Strong,3,harm severity /5,3,"Degrades: Existential, Emotional, Financial, Community"
consumer-fraud-scam-victimization,1450,cost,Consumer Fraud & Scam Victimization → Financial & Psychological Toll,Moderate,3,harm severity /5,3,"Degrades: Financial, Emotional, Adversarial, Street-Smarts"
wage-theft-minimum-wage-violations,1451,cost,Wage Theft / Minimum-Wage Violations → Chronic Underpayment of Low-Wage Workers,Moderate,3,harm severity /5,2,"Degrades: Financial, Moral, Community"
motherhood-child-wage-penalty,1452,cost,The Motherhood / Child Wage Penalty → Long-Run Gender Earnings Gap,Strong,3,harm severity /5,3,"Degrades: Financial, Parental, Existential"
childcare-cost-cliff,1453,cost,Childcare-Cost Burden → Forced Labor-Force Exit (Especially Mothers),Moderate,3,harm severity /5,2,"Degrades: Financial, Parental, Entrepreneurial"
chronic-rent-burden,1454,cost,Chronic Rent Burden / Housing-Cost Overload → Forgone Care & Distress,Moderate,3,harm severity /5,3,"Degrades: Financial, Emotional, Existential"
underemployment-overqualification,1455,cost,Underemployment & Overqualification (Skills Mismatch) → Wage & Wellbeing Cost,Moderate,3,harm severity /5,3,"Degrades: Financial, Intrapersonal, Emotional, Existential"
racial-gender-retirement-gap,1456,cost,The Racial & Gender Retirement-Savings Gap → Old-Age Insecurity,Moderate,3,harm severity /5,3,"Degrades: Financial, Existential, Community"
scarcity-bandwidth-tax,1457,cost,The Scarcity Mindset / Bandwidth Tax of Poverty,Mixed,3,harm severity /5,3,"Degrades: Meta-Cognitive, Logical, Volitional, Financial"
poverty-premium,1458,cost,"The Poverty Premium → The Poor Pay More for Credit, Energy & Insurance",Moderate,2,harm severity /5,2,"Degrades: Financial, Strategic"
credential-degree-inflation,1459,cost,Credential Inflation / Degree Inflation → Devalued Credentials & Frozen-Out Workers,Emerging,2,harm severity /5,2,"Degrades: Financial, Entrepreneurial, Street-Smarts"
occupational-licensing-barriers,1460,cost,Occupational Licensing Barriers → Reduced Mobility & Higher Consumer Costs,Mixed,2,harm severity /5,3,"Degrades: Financial, Entrepreneurial, Street-Smarts"
acute-symptom-appraisal-delay-mi-stroke,1461,weakness,Acute Symptom-Appraisal Delay (Heart Attack & Stroke),Strong,7,threat /10,3,"Degrades: Interoceptive & Meta-Cognitive threat-reading, survival"
ceo-hubris-overconfidence-acquisitions,1462,weakness,CEO Hubris & Overconfidence → Value-Destroying Deals,Strong,7,threat /10,3,"Degrades: Strategic, Leadership, Financial"
blame-culture-suppressed-error-reporting,1463,weakness,Blame Culture → Suppressed Error Reporting,Moderate,6,threat /10,2,"Degrades: Leadership, Systemic, Moral"
delusions-of-success-inside-view,1464,weakness,Delusions of Success → The Inside View on Big Bets,Moderate,6,threat /10,2,"Degrades: Strategic, Entrepreneurial, Financial"
entrepreneurial-over-optimism-excess-entry,1465,weakness,Entrepreneurial Over-Optimism → Excess Entry & Persistence at a Loss,Strong,6,threat /10,2,"Degrades: Entrepreneurial, Financial, Strategic"
exponential-growth-bias-compounding-blindness,1466,weakness,Exponential-Growth Bias → Under-Saving & Underestimated APRs,Strong,6,threat /10,2,"Degrades: Financial, Mathematical, Strategic"
extrapolative-expectations-trend-chasing,1467,weakness,Extrapolative Expectations → Buying the Trend at the Top,Strong,6,threat /10,2,"Degrades: Financial, Strategic, Pattern-Recognition"
low-hrv-weak-vagal-tone,1468,weakness,Low Heart-Rate Variability / Weak Vagal Tone,Moderate,6,threat /10,2,"Degrades: Interoceptive & Emotional regulation, cardiovascular resilience"
myopic-loss-aversion-checking-too-often,1469,weakness,"Myopic Loss Aversion → Checking Too Often, Under-Owning Growth",Strong,6,threat /10,2,"Degrades: Financial, Strategic, Interoceptive"
organizational-silence-withheld-badnews,1470,weakness,Organizational Silence → Bad News Never Reaches the Top,Moderate,6,threat /10,2,"Degrades: Leadership, Systemic, Moral"
personalized-charismatic-destructive-leadership,1471,weakness,Personalized Charisma → Destructive Leadership & Follower Dependency,Moderate,6,threat /10,2,"Degrades: Leadership, Moral, Rhetorical"
poor-proprioception-fall-risk,1472,weakness,Poor Proprioception / Balance Deficit → Fall Risk,Moderate,6,threat /10,2,"Degrades: Bodily & Spatial control, fall-related mortality risk"
red-s-low-energy-availability,1473,weakness,RED-S / Low Energy Availability (Chronic Underfueling),Moderate,6,threat /10,2,"Degrades: Bodily capacity, bone & endocrine health, interoceptive fuel-sensing"
disposition-effect-sell-winners-hold-losers,1474,weakness,"The Disposition Effect → Selling Winners, Riding Losers",Strong,6,threat /10,2,"Degrades: Financial, Strategic, Pattern-Recognition"
peter-principle-promotion-incompetence,1475,weakness,The Peter Principle → Promoted to Incompetence,Strong,6,threat /10,2,"Degrades: Leadership, Strategic, Systemic"
unethical-leadership-trickle-down,1476,weakness,Unethical Leadership Trickle-Down → Cascading Misconduct,Moderate,6,threat /10,2,"Degrades: Moral, Leadership, Systemic"
blunted-interoceptive-eating-satiety,1477,weakness,Blunted Interoceptive Accuracy in Eating (Ignoring Satiety Cues),Moderate,5,threat /10,2,"Degrades: Interoceptive fuel-sensing, Bodily weight regulation, Volitional intake control"
ceo-overconfidence-investment-acquisitions,1478,weakness,CEO Overconfidence → Distorted Investment & Value-Destroying Deals,Moderate,5,threat /10,2,"Degrades: Strategic, Leadership, Financial"
forced-ranking-sabotage-cooperation-collapse,1479,weakness,Forced/Stack Ranking → Sabotage & Cooperation Collapse,Moderate,5,threat /10,2,"Degrades: Leadership, Systemic, Interpersonal"
mental-accounting-errors-non-fungibility,1480,weakness,Mental Accounting Errors → Money Treated as Non-Fungible,Moderate,5,threat /10,2,"Degrades: Financial, Mathematical, Strategic"
money-illusion-nominal-thinking,1481,weakness,Money Illusion → Confusing Nominal for Real,Moderate,5,threat /10,2,"Degrades: Financial, Mathematical, Strategic"
narrow-bracketing-dominated-choices,1482,weakness,"Narrow Bracketing → Dominated, Piecemeal Choices",Strong,5,threat /10,2,"Degrades: Financial, Strategic, Logical"
nepotism-cronyism-appointments,1483,weakness,"Nepotism & Cronyism → Injustice, Turnover, Competence Drain",Moderate,5,threat /10,2,"Degrades: Leadership, Moral, Systemic"
opportunity-cost-neglect,1484,weakness,Opportunity-Cost Neglect → Ignoring What a Choice Displaces,Moderate,5,threat /10,1,"Degrades: Financial, Strategic, Logical"
overtraining-syndrome-under-recovery,1485,weakness,Overtraining Syndrome / Chronic Under-Recovery,Moderate,5,threat /10,3,"Degrades: Bodily capacity, training adaptation, mood & drive"
predictable-surprises-bounded-awareness,1486,weakness,Predictable Surprises → Ignoring the Threat You Could See,Emerging,5,threat /10,2,"Degrades: Strategic, Leadership, Systemic"
prior-outcome-house-money-breakeven,1487,weakness,Prior-Outcome Effects → House-Money & Break-Even Traps,Moderate,5,threat /10,2,"Degrades: Financial, Strategic, Volitional"
alcohol-as-sleep-aid-nightcap,1488,weakness,Alcohol as a Sleep Aid (The Nightcap Trap),Strong,4,threat /10,2,"Degrades: Bodily sleep architecture, Interoceptive & Volitional self-regulation"
dysfunctional-breathing-hyperventilation,1489,weakness,Dysfunctional Breathing / Chronic Hyperventilation Pattern,Moderate,4,threat /10,2,"Degrades: Bodily & Interoceptive breath regulation, dyspnea & anxiety load"
flat-rate-bias-payment-period-illusion,1490,weakness,Flat-Rate & Payment-Period Bias → Overpaying for the Wrong Plan,Moderate,4,threat /10,2,"Degrades: Financial, Mathematical, Strategic"
leader-mood-contagion-negative,1491,weakness,Leader Negative-Mood Contagion → Toxic Team Affect,Moderate,4,threat /10,3,"Degrades: Leadership, Emotional, Interpersonal"
social-jetlag-circadian-misalignment,1492,weakness,Social Jetlag / Behavioral Circadian Misalignment,Moderate,4,threat /10,2,"Degrades: Bodily metabolic health, Interoceptive circadian alignment"
abilene-paradox-mismanaged-agreement,1493,weakness,The Abilene Paradox → Agreeing to What No One Wants,Emerging,4,threat /10,2,"Degrades: Leadership, Strategic, Interpersonal"
romance-of-leadership-attribution,1494,weakness,The Romance of Leadership → Over-Crediting the Leader,Moderate,4,threat /10,2,"Degrades: Social-Perceptual, Leadership, Systemic"
toothbrushing-oral-selfcare-neglect,1495,weakness,Toothbrushing / Oral Self-Care Neglect (Behavioral),Moderate,4,threat /10,2,"Degrades: Bodily & Volitional daily maintenance, systemic inflammatory load"
caffeine-mismanagement,1496,weakness,Caffeine Mismanagement (Late or High-Dose Intake),Strong,3,threat /10,2,"Degrades: Bodily sleep, Interoceptive & Volitional dose-timing control"
chronic-mouth-breathing,1497,weakness,Chronic Mouth Breathing (Habitual Oral Respiration),Emerging,3,threat /10,2,"Degrades: Bodily airway/orofacial health, sleep quality"
habitual-voiding-postponement,1498,weakness,Habitual Voiding Postponement (Bladder-Holding),Emerging,3,threat /10,1,"Degrades: Interoceptive urge-sensing, Bodily lower-urinary-tract health"
idiosyncrasy-credit-depletion,1499,weakness,Idiosyncrasy-Credit Depletion → Overdrawn Legitimacy to Lead,Emerging,3,threat /10,2,"Degrades: Leadership, Interpersonal"
peanuts-effect-small-stakes-risk-seeking,1500,weakness,The Peanuts Effect → Reckless With 'Small' Money,Emerging,3,threat /10,1,"Degrades: Financial, Volitional, Strategic"
forward-head-posture-text-neck,1501,weakness,"Forward Head Posture / 'Text Neck' (Honest, Weak)",Mixed,2,threat /10,1,Degrades: Bodily comfort (modestly; largely overhyped)
habit-discontinuity-context-change,1502,practice,Cue-Disruption & Context Change (Habit Discontinuity),Strong,3,impact magnitude /5,2,"practice: 'Bolsters clusters: Habit Reversal Training, Situation Selection & Modification, Habit Formation'"
deposit-contracts-loss-framed,1503,practice,Deposit Contracts & Loss-Framed Incentives,Strong,3,impact magnitude /5,2,"practice: 'Bolsters clusters: Commitment Devices, Financial Incentives for Behavior Change, Self-Imposed Deadlines & Precommitment Structure'"
accountability-public-commitment,1504,practice,Accountability Partners & Public Commitment,Moderate,3,impact magnitude /5,2,"practice: 'Bolsters clusters: Commitment Devices, Self-Monitoring / Progress Tracking, Financial Incentives for Behavior Change'"
coping-planning-barrier-relapse,1505,practice,Coping Planning (Barrier & Relapse Planning),Moderate,3,impact magnitude /5,2,"practice: 'Bolsters clusters: Implementation Intentions (If-Then Plans), Habit Reversal Training, Mental Contrasting (WOOP)'"
goal-gradient-endowed-progress,1506,practice,Goal-Gradient & Endowed-Progress Effect,Moderate,3,impact magnitude /5,2,"practice: 'Bolsters clusters: Gamification, Personal Kanban & WIP Limits, OKRs & Goal Cascading'"
social-norms-feedback,1507,practice,Social Norms Feedback (Descriptive & Injunctive),Moderate,2,impact magnitude /5,2,"practice: 'Bolsters clusters: Choice Architecture & Nudges, Self-Monitoring / Progress Tracking, Accountability Partners & Public Commitment'"
prompts-cues-reminders,1508,practice,"Prompts, Cues & Reminders (BCT 7.1)",Moderate,2,impact magnitude /5,2,"practice: 'Bolsters clusters: Implementation Intentions (If-Then Plans), Habit Stacking / Anchoring, Savings Reminders & Planning Prompts'"
zeigarnik-plan-making,1509,practice,Zeigarnik Effect & Plan-Making (Closing Open Loops),Moderate,2,impact magnitude /5,2,"practice: 'Bolsters clusters: Getting Things Done, The Two-Minute Rule, Bedtime To-Do List / Constructive Worry'"
dont-break-the-chain-streaks,1510,practice,"'Don't Break the Chain' / Streaks (Honest, Double-Edged)",Mixed,2,impact magnitude /5,2,"practice: 'Bolsters clusters: Self-Monitoring / Progress Tracking, Goal-Gradient & Endowed-Progress Effect, Gamification'"
tiny-habits-fogg,1511,practice,Tiny Habits / Fogg Behavior Model (B=MAP),Emerging,2,impact magnitude /5,2,"practice: 'Bolsters clusters: Habit Stacking / Anchoring, The Two-Minute Rule, Habit Formation'"
variable-intermittent-rewards,1512,practice,"Variable / Intermittent Rewards (Honest, Double-Edged)",Mixed,2,impact magnitude /5,2,"practice: 'Bolsters clusters: Gamification, Financial Incentives for Behavior Change, Temptation Bundling'"
five-second-rule,1513,practice,The 5-Second Rule (Honest — Anecdotal),Emerging,1,impact magnitude /5,2,"practice: 'Bolsters clusters: The Two-Minute Rule, Implementation Intentions (If-Then Plans), Structured Procrastination'"
keystone-habits,1514,practice,Keystone Habits (Honest Verdict),Emerging,2,impact magnitude /5,2,"practice: 'Bolsters clusters: Habit Formation, Habit Stacking / Anchoring, OKRs & Goal Cascading'"
delay-social-security,1515,practice,Delaying Social Security Claiming (Honest),Strong,4,impact magnitude /5,2,"practice: 'Bolsters clusters: Financial, Strategic, Existential'"
asset-location,1516,practice,Tax-Efficient Asset Location,Strong,3,impact magnitude /5,2,"practice: 'Bolsters clusters: Financial, Strategic, Systemic'"
salary-negotiation-practice,1517,practice,Salary Negotiation as a Practice,Moderate,3,impact magnitude /5,2,"practice: 'Bolsters clusters: Financial, Rhetorical, Strategic'"
sinking-funds-goal-accounts,1518,practice,Sinking Funds / Goal-Based Accounts,Moderate,3,impact magnitude /5,2,"practice: 'Bolsters clusters: Financial, Intrapersonal, Volitional'"
safe-withdrawal-four-percent,1519,practice,Safe Withdrawal Rate / The 4% Rule (Honest),Mixed,3,impact magnitude /5,3,"practice: 'Bolsters clusters: Financial, Strategic, Mathematical'"
tax-loss-harvesting,1520,practice,Tax-Loss Harvesting (Direct Indexing),Strong,3,impact magnitude /5,2,"practice: 'Bolsters clusters: Financial, Strategic, Mathematical'"
windfall-management,1521,practice,Windfall Management,Moderate,3,impact magnitude /5,2,"practice: 'Bolsters clusters: Financial, Intrapersonal, Volitional'"
debt-to-income-management,1522,practice,Debt-to-Income Management,Moderate,3,impact magnitude /5,2,"practice: 'Bolsters clusters: Financial, Strategic, Systemic'"
fifty-thirty-twenty-rule,1523,practice,The 50/30/20 Rule (Honest),Mixed,2,impact magnitude /5,2,"practice: 'Bolsters clusters: Financial, Volitional'"
financial-checkup-cadence,1524,practice,Annual Financial Check-Up Cadence,Emerging,2,impact magnitude /5,2,"practice: 'Bolsters clusters: Financial, Meta-Cognitive, Volitional'"
donor-advised-fund-bunching,1525,practice,Charitable Bunching / Donor-Advised Funds,Moderate,2,impact magnitude /5,2,"practice: 'Bolsters clusters: Financial, Moral, Strategic'"
rebalancing-discipline,1526,practice,Rebalancing Discipline,Mixed,2,impact magnitude /5,2,"practice: 'Bolsters clusters: Financial, Volitional, Strategic'"
backdoor-mega-backdoor-roth,1527,practice,Backdoor & Mega-Backdoor Roth,Emerging,2,impact magnitude /5,1,"practice: 'Bolsters clusters: Financial, Strategic, Mathematical'"
zero-based-budgeting,1528,practice,Zero-Based / Cash-Flow Budgeting,Emerging,2,impact magnitude /5,2,"practice: 'Bolsters clusters: Financial, Volitional, Intrapersonal'"
cd-bond-laddering,1529,practice,Laddering CDs & Bonds,Emerging,2,impact magnitude /5,1,"practice: 'Bolsters clusters: Financial, Systemic, Strategic'"
relational-maintenance-behaviors,1530,practice,Relational Maintenance Behaviors (Stafford & Canary),Strong,4,impact magnitude /5,2,"practice: 'Bolsters clusters: Interpersonal, Emotional, Community, Volitional'"
dyadic-coping-debrief,1531,practice,Stress-Reducing Conversation & Dyadic Coping (the Daily Debrief),Strong,4,impact magnitude /5,2,"practice: 'Bolsters clusters: Interpersonal, Emotional, Community, Volitional'"
couple-humor-play,1532,practice,Shared Humor & Play in Couples,Moderate,3,impact magnitude /5,1,"practice: 'Bolsters clusters: Humor, Interpersonal, Emotional, Seductive'"
conflict-self-soothing-timeout,1533,practice,Physiological Self-Soothing Break (Conflict Time-Out),Emerging,3,impact magnitude /5,2,"practice: 'Bolsters clusters: Emotional, Interoceptive, Intrapersonal, Interpersonal'"
empathic-joining-validation,1534,practice,Empathic Joining & Validation (IBCT),Moderate,3,impact magnitude /5,2,"practice: 'Bolsters clusters: Interpersonal, Emotional, Social-Perceptual, Moral'"
long-distance-maintenance,1535,practice,Long-Distance Relationship Maintenance,Moderate,3,impact magnitude /5,2,"practice: 'Bolsters clusters: Interpersonal, Linguistic, Volitional, Emotional'"
alliance-rupture-repair,1536,practice,Repairing Ruptures After a Breach (Alliance Rupture-Repair),Moderate,3,impact magnitude /5,1,"practice: 'Bolsters clusters: Interpersonal, Emotional, Adversarial, Moral'"
adult-friendship-formation,1537,practice,Making Friends in Adulthood (Friendship Formation),Moderate,3,impact magnitude /5,1,"practice: 'Bolsters clusters: Interpersonal, Social-Perceptual, Community, Volitional'"
shared-goals-couples,1538,practice,Shared Goals & Joint Dreams for Couples,Moderate,3,impact magnitude /5,2,"practice: 'Bolsters clusters: Interpersonal, Strategic, Volitional, Existential'"
digital-communication-etiquette,1539,practice,Digital Communication Etiquette & Responsiveness,Mixed,2,impact magnitude /5,3,"practice: 'Bolsters clusters: Interpersonal, Linguistic, Social-Perceptual, Rhetorical'"
dbt-interpersonal-effectiveness,1540,practice,DBT Interpersonal Effectiveness (DEAR MAN / GIVE / FAST),Emerging,2,impact magnitude /5,2,"practice: 'Bolsters clusters: Interpersonal, Emotional, Volitional, Rhetorical'"
gottman-love-maps,1541,practice,Love Maps — Building Knowledge of a Partner's Inner World,Emerging,2,impact magnitude /5,2,"practice: 'Bolsters clusters: Interpersonal, Emotional, Social-Perceptual, Intrapersonal'"
inlaw-family-diplomacy,1542,practice,In-Law & Extended-Family Diplomacy,Emerging,2,impact magnitude /5,2,"practice: 'Bolsters clusters: Interpersonal, Social-Perceptual, Moral, Strategic'"
digital-cbti,1543,practice,Digital CBT-I (Sleepio / SHUTi-style programs),Strong,4,impact magnitude /5,2,"practice: 'Bolsters clusters: insomnia, sleep quality, comorbid depression/anxiety'"
bright-light-therapy-depression,1544,practice,Bright-Light Therapy for Seasonal & Non-Seasonal Depression,Strong,4,impact magnitude /5,2,"practice: 'Bolsters clusters: mood, seasonal affective disorder, circadian alignment'"
strategic-planned-nap-nasa,1545,practice,Strategic / Planned Napping (the NASA Nap),Strong,3,impact magnitude /5,2,"practice: 'Bolsters clusters: alertness, vigilance, on-shift performance'"
dawn-simulation,1546,practice,Dawn Simulation,Moderate,3,impact magnitude /5,2,"practice: 'Bolsters clusters: seasonal mood, morning alertness, wake timing'"
paradoxical-intention-insomnia,1547,practice,Paradoxical Intention for Insomnia,Moderate,3,impact magnitude /5,2,"practice: 'Bolsters clusters: sleep onset, sleep-effort anxiety, insomnia'"
caffeine-nap,1548,practice,The Caffeine Nap (Coffee Nap),Moderate,3,impact magnitude /5,2,"practice: 'Bolsters clusters: alertness, drowsy-driving safety, vigilance'"
chronotherapy-phase-shifting,1549,practice,Timed Light + Melatonin Phase-Shifting (Chronotherapy),Moderate,3,impact magnitude /5,2,"practice: 'Bolsters clusters: circadian timing, delayed sleep phase, sleep onset'"
intensive-sleep-retraining,1550,practice,Intensive Sleep Retraining (ISR),Moderate,3,impact magnitude /5,2,"practice: 'Bolsters clusters: sleep onset latency, sleep efficiency, sleep-onset conditioning'"
banking-sleep-extension,1551,practice,Banking Sleep / Prophylactic Sleep Extension,Moderate,3,impact magnitude /5,2,"practice: 'Bolsters clusters: alertness reserve, resilience to sleep loss, vigilance'"
compression-garments-recovery,1552,practice,Compression Garments for Recovery,Moderate,2,impact magnitude /5,2,"practice: 'Bolsters clusters: muscle-soreness recovery, strength/power restoration'"
earplugs-eyemask-whitenoise,1553,practice,"Earplugs, Eye Mask & White Noise (Environmental Masking)",Moderate,2,impact magnitude /5,2,"practice: 'Bolsters clusters: sleep continuity, sleep in noisy/bright settings'"
cognitive-shuffling,1554,practice,Cognitive Shuffling / Serial Diverse Imagining,Emerging,2,impact magnitude /5,2,"practice: 'Bolsters clusters: sleep onset, pre-sleep cognitive arousal, racing thoughts'"
foam-rolling-smr,1555,practice,Foam Rolling / Self-Myofascial Release,Mixed,2,impact magnitude /5,2,"practice: 'Bolsters clusters: range of motion, soreness recovery, mobility'"
acoustic-slow-wave-pink-noise,1556,practice,Pink-Noise Acoustic Slow-Wave Enhancement,Emerging,2,impact magnitude /5,2,"practice: 'Bolsters clusters: deep sleep depth, overnight memory consolidation'"
military-sleep-method,1557,practice,The 'Military Sleep Method' (Relax-and-Win Sequence),Emerging,2,impact magnitude /5,2,"practice: 'Bolsters clusters: rapid sleep onset, relaxation, pre-sleep tension'"
cold-water-immersion-recovery,1558,practice,Cold-Water Immersion for Recovery,Mixed,3,impact magnitude /5,2,"practice: 'Bolsters clusters: muscle-soreness recovery, perceived recovery, fatigue'"
contrast-water-therapy,1559,practice,Contrast Water Therapy (Hot-Cold Alternation),Moderate,2,impact magnitude /5,1,"practice: 'Bolsters clusters: muscle-soreness recovery, strength restoration'"
cost-amd,1560,cost,Age-Related Macular Degeneration — Losing the Center of Sight,Strong,4,harm severity /5,2,"Degrades: Central Vision, Reading & Faces, Independence, Mood, Fall Safety"
alcohol-group1-carcinogen-low-dose,1561,cost,Alcohol as a Group 1 Carcinogen — Cancer Risk Below 'Heavy' Drinking,Strong,4,harm severity /5,3,"Degrades: Bodily, Interoceptive, Existential, Financial"
cost-glaucoma,1562,cost,Glaucoma — Irreversible Optic-Nerve Blindness by Stealth,Strong,4,harm severity /5,2,"Degrades: Peripheral & Total Vision, Driving, Fall Safety, Independence, Quality of Life"
indoor-tanning-melanoma,1563,cost,Indoor Tanning Beds — Artificial UV & Melanoma (IARC Group 1),Strong,4,harm severity /5,3,"Degrades: Bodily, Aesthetic, Existential"
cost-rem-behavior-disorder,1564,cost,Isolated REM Sleep Behavior Disorder — The Prodrome You Act Out,Strong,4,harm severity /5,2,"Degrades: Neurological Integrity, Sleep Safety, Autonomic Function, Cognition, Future Motor Control"
evali-vaping-lung-injury,1565,cost,EVALI — E-cigarette/Vaping Product Use-Associated Lung Injury,Strong,4,harm severity /5,3,"Degrades: Bodily, Interoceptive, Volitional"
cost-post-stroke-aphasia,1566,cost,"Post-Stroke Aphasia — Losing the Words, and Being Left Out",Strong,4,harm severity /5,2,"Degrades: Language & Communication, Work Re-Entry, Mood, Social Participation, Survival"
cost-dysphagia,1567,cost,"Dysphagia — Swallowing Failure, Aspiration & Death",Strong,4,harm severity /5,2,"Degrades: Safe Nutrition & Hydration, Lung Health, Survival, Social Eating, Independence"
cost-diabetic-retinopathy,1568,cost,Diabetic Retinopathy — Preventable Blindness in Working Years,Strong,4,harm severity /5,2,"Degrades: Vision, Employment & Earnings, Driving, Independence, Quality of Life"
cost-phantom-limb-pain,1569,cost,Phantom Limb Pain — Agony in a Limb That's Gone,Strong,3,harm severity /5,2,"Degrades: Pain-Free Function, Sleep, Mood, Prosthesis Use, Quality of Life"
occupational-noise-hearing-loss,1570,cost,Noise-Induced Occupational Hearing Loss — Preventable and Permanent,Strong,3,harm severity /5,3,"Degrades: Musical, Interpersonal, Social-Perceptual, Linguistic"
cost-spasticity,1571,cost,Post-Stroke Spasticity — Tightening Toward Contracture,Strong,3,harm severity /5,2,"Degrades: Limb Mobility & Dexterity, Self-Care (Dressing/Hygiene), Pain-Free Function, Independence, Quality of Life"
cost-narcolepsy,1572,cost,"Narcolepsy — Irrepressible Sleep, Cataplexy & Cardiometabolic Shadow",Moderate,3,harm severity /5,2,"Degrades: Wakeful Attention, Work & Academic Function, Emotional Stability, Cardiometabolic Health, Social Participation"
cost-me-cfs,1573,cost,"ME/CFS — Profound Post-Exertional Collapse (Honest, Contested Mechanism)",Mixed,4,harm severity /5,2,"Degrades: Sustained Energy & Exertion Tolerance, Cognition, Employment, Independence, Quality of Life"
cost-pppd,1574,cost,Persistent Postural-Perceptual Dizziness (PPPD) — Chronic Non-Spinning Unsteadiness,Moderate,3,harm severity /5,2,"Degrades: Balance & Spatial Confidence, Work Capacity, Emotional Stability, Mobility, Quality of Life"
cost-small-fiber-neuropathy,1575,cost,Small-Fiber Neuropathy — Burning Pain the EMG Can't See,Moderate,3,harm severity /5,2,"Degrades: Pain-Free Function, Autonomic Regulation, Sleep, Sensory Comfort, Quality of Life"
anticholinergic-burden-cognition,1576,cost,"Cumulative Anticholinergic Burden — Dementia, Falls & Delirium Risk",Moderate,3,harm severity /5,3,"Degrades: Meta-Cognitive, Bodily, Interoceptive, Volitional"
whole-body-vibration-back,1577,cost,Occupational Whole-Body Vibration — Low Back Pain & Sciatica,Moderate,3,harm severity /5,2,"Degrades: Bodily, Volitional, Financial"
cost-postviral-anosmia,1578,cost,Post-Viral Smell Loss — The Hidden Sense We Underrate,Moderate,2,harm severity /5,2,"Degrades: Smell & Flavor, Appetite & Nutrition, Mood, Safety Detection, Intimacy & Social Life"
adolescent-sleep-early-school-start,1579,cost,Adolescent Chronic Sleep Deprivation & Early School Start Times,Moderate,3,harm severity /5,3,"Degrades: Emotional, Meta-Cognitive, Volitional, Bodily"
cost-cataract-disability,1580,cost,Cataract — The Reversible Blindness Millions Still Live With,Strong,3,harm severity /5,2,"Degrades: Vision, Fall & Fracture Safety, Independence, Cognition, Quality of Life"
cost-bells-palsy-sequelae,1581,cost,Bell's Palsy Sequelae — When the Face Doesn't Fully Come Back,Moderate,2,harm severity /5,2,"Degrades: Facial Function & Symmetry, Eating/Drinking/Speech, Self-Image, Social Confidence, Quality of Life"
energy-drink-cardiac-overuse,1582,cost,"Energy-Drink Overconsumption — Arrhythmia, QT Prolongation & Cardiac Events",Moderate,2,harm severity /5,3,"Degrades: Bodily, Interoceptive, Volitional"
weathering-discrimination-accelerated-aging,1583,cost,Weathering — Accelerated Biological Aging from Chronic Discrimination (Geronimus),Emerging,3,harm severity /5,3,"Degrades: Bodily, Emotional, Existential, Community"
work-related-carpal-tunnel-uld,1584,cost,Work-Related Carpal Tunnel & Upper-Limb Disorders (Forceful Repetitive Work),Mixed,3,harm severity /5,2,"Degrades: Bodily, Mechanical, Financial"
digital-eye-strain,1585,cost,Digital Eye Strain / Computer Vision Syndrome (Honest Verdict),Mixed,1,harm severity /5,3,"Degrades: Bodily, Volitional, Aesthetic"
food-desert-access-diet,1586,cost,Food Deserts / Poor Food Access — Diet Quality (Contested),Mixed,2,harm severity /5,2,"Degrades: Bodily, Financial, Naturalist"
transmeridian-jet-lag-circadian,1587,cost,Transmeridian Jet Lag & Frequent-Flyer Circadian Disruption,Emerging,2,harm severity /5,3,"Degrades: Spatial, Meta-Cognitive, Emotional, Bodily"
ultra-endurance-atrial-fibrillation,1588,cost,Ultra-Endurance Training — Atrial Fibrillation & Cardiac Remodeling (the U-Curve),Mixed,2,harm severity /5,3,"Degrades: Bodily, Interoceptive"
anti-mattering-insignificance,1589,weakness,Anti-Mattering (Feeling You Don't Matter),Moderate,6,threat /10,2,"Degrades: belonging, self-worth, will to live"
avoidant-disengagement-coping,1590,weakness,Avoidant / Disengagement Coping Style → Worse Adjustment,Moderate,6,threat /10,2,"Degrades: Adversarial, Volitional, Emotional"
gullibility-deception-blindness,1591,weakness,Gullibility / Deception Blindness → Scam & Manipulation Victimization,Moderate,6,threat /10,2,"Degrades: Street-Smarts, Social-Perceptual, Adversarial"
harsh-verbal-discipline,1592,weakness,"Harsh Verbal Discipline (Yelling, Insults, Threats)",Moderate,6,threat /10,1,"weakness: 'Degrades: Parental, Emotional, Interpersonal'"
intergenerational-insecure-attachment,1593,weakness,Intergenerational Transmission of Insecure Attachment,Moderate,6,threat /10,1,"weakness: 'Degrades: Parental, Interpersonal, Emotional'"
low-parental-reflective-functioning,1594,weakness,Low Parental Reflective Functioning / Mentalizing,Moderate,6,threat /10,3,"weakness: 'Degrades: Parental, Interpersonal, Emotional'"
low-parental-sensitivity-attunement,1595,weakness,Low Parental Sensitivity / Attunement,Moderate,6,threat /10,1,"weakness: 'Degrades: Parental, Interpersonal, Emotional'"
low-psychological-hardiness,1596,weakness,Low Psychological Hardiness (Weak 3Cs) → Stress Illness Under Load,Moderate,6,threat /10,2,"Degrades: Adversarial, Volitional, Intrapersonal"
low-vagal-flexibility-hrv,1597,weakness,Low Vagal Flexibility / Reduced Resting HRV → Weaker Self-Regulation,Moderate,6,threat /10,2,"Degrades: Interoceptive, Emotional, Adversarial"
maternal-depression-parenting-pathway,1598,weakness,Maternal Depression's Parenting Pathway,Moderate,6,threat /10,2,"weakness: 'Degrades: Parental, Emotional, Interpersonal'"
fear-overgeneralization,1599,weakness,Overgeneralization of Conditioned Fear → Anxiety Spreads to Safe Cues,Moderate,6,threat /10,2,"Degrades: Adversarial, Interoceptive, Emotional"
parental-hostile-attribution-of-child-intent,1600,weakness,Parental Hostile Attributions of Child Intent,Moderate,6,threat /10,2,"weakness: 'Degrades: Parental, Social-Perceptual, Moral'"
perseverative-cognition-poor-recovery,1601,weakness,Perseverative Cognition → Prolonged Stress Activation & Poor Recovery,Moderate,6,threat /10,2,"Degrades: Interoceptive, Emotional, Adversarial"
poor-mental-rotation-stem,1602,weakness,Poor Mental Rotation → Blocked STEM & Surgical Attainment,Strong,6,threat /10,2,"Degrades: spatial visualization, STEM entry/attainment, technical & surgical skill acquisition"
tonic-immobility-freeze-proneness,1603,weakness,Tonic Immobility / Freeze-Response Proneness → Worse PTSD Course,Moderate,6,threat /10,2,"Degrades: Adversarial, Interoceptive, Volitional"
weak-situational-awareness,1604,weakness,"Weak Situational Awareness → Errors, Accidents & Blind Spots",Moderate,6,threat /10,2,"Degrades: Street-Smarts, Spatial, Adversarial"
weak-visual-search-vigilance,1605,weakness,Weak Visual-Search Vigilance → Missed Threats in Screening & Radiology,Strong,6,threat /10,3,"Degrades: target detection, inspection accuracy, radiological/security screening"
anosmia-olfactory-discrimination-loss,1606,weakness,"Anosmia / Poor Olfactory Discrimination → Missed Hazards, Malnutrition & Depression",Strong,5,threat /10,2,"Degrades: hazard detection, eating pleasure, mood, social connection"
blunted-interoceptive-accuracy,1607,weakness,Blunted Interoceptive Accuracy & High Interoceptive Prediction Error,Emerging,5,threat /10,2,"Degrades: Interoceptive, Intrapersonal, Emotional"
cognitive-flexibility-deficit-creativity,1608,weakness,"Cognitive-Flexibility / Set-Shifting Deficit → Rigid, Unoriginal Solutions",Moderate,5,threat /10,2,"Degrades: idea flexibility, category-switching, original problem-solving"
parent-imposed-destructive-parentification,1609,weakness,Destructive Parentification / Role Reversal (Parent-Imposed),Moderate,5,threat /10,2,"weakness: 'Degrades: Parental, Intrapersonal, Emotional'"
developmental-topographical-disorientation,1610,weakness,Developmental Topographical Disorientation → Lifelong Getting Lost,Emerging,5,threat /10,2,"Degrades: wayfinding, cognitive-map formation, independent travel"
divine-struggle-anger-at-god,1611,weakness,Divine Struggle / Anger at God,Moderate,5,threat /10,2,"Degrades: spiritual security, self-esteem, mood"
low-coping-flexibility,1612,weakness,Low Coping Flexibility (Rigid Coping) → Poorer Adjustment,Moderate,5,threat /10,2,"Degrades: Adversarial, Meta-Cognitive, Strategic"
low-divergent-thinking-fluency,1613,weakness,Low Divergent-Thinking Fluency → Meager Creative Output,Moderate,5,threat /10,2,"Degrades: idea generation, creative problem-solving, real-world creative achievement"
low-family-cohesion,1614,weakness,Low Family Cohesion / Weak Kin Bonds,Moderate,5,threat /10,2,"weakness: 'Degrades: Parental, Community, Emotional'"
low-neighborhood-collective-efficacy,1615,weakness,Low Neighborhood Collective Efficacy,Moderate,5,threat /10,1,"weakness: 'Degrades: Community, Social-Perceptual, Street-Smarts'"
low-parental-monitoring-adolescence,1616,weakness,Low Parental Monitoring / Knowledge in Adolescence,Mixed,5,threat /10,2,"weakness: 'Degrades: Parental, Community, Street-Smarts'"
moral-distress-constraint,1617,weakness,"Moral Distress (Knowing Right, Blocked From Doing It)",Moderate,5,threat /10,3,"Degrades: moral agency, meaning at work, retention"
poor-mechanical-reasoning-diy-injury,1618,weakness,Poor Mechanical Reasoning & DIY Tool Incompetence → Home Injuries & Trade Exclusion,Moderate,5,threat /10,2,"Degrades: tool use, mechanical/technical work, safe DIY, skilled-trade access"
scrupulosity-religious-moral-ocd,1619,weakness,Scrupulosity — Religious/Moral OCD,Moderate,5,threat /10,2,"Degrades: faith enjoyment, decisiveness, function"
technophobia-computer-anxiety,1620,weakness,Technophobia / Computer Anxiety → Digital Exclusion,Moderate,5,threat /10,2,"Degrades: technology adoption, digital participation, access to services"
threat-biased-appraisal,1621,weakness,Threat-Biased Appraisal (vs. Challenge) → Worse Performance Under Pressure,Mixed,5,threat /10,2,"Degrades: Adversarial, Interoceptive, Emotional"
threat-attentional-bias,1622,weakness,Threat-Related Attentional Bias → Hypervigilance Hijacks Attention,Moderate,5,threat /10,2,"Degrades: Adversarial, Social-Perceptual, Emotional"
truth-default-poor-lie-detection,1623,weakness,Truth-Default Over-Reliance → Poor Deception Detection,Moderate,5,threat /10,2,"Degrades: Social-Perceptual, Adversarial, Street-Smarts"
unpredictable-chaotic-caregiving,1624,weakness,Unpredictable / Chaotic Caregiving (High Signal Entropy),Emerging,5,threat /10,2,"weakness: 'Degrades: Parental, Emotional, Intrapersonal'"
weak-spatial-working-memory-math,1625,weakness,Weak Spatial Working Memory → Early Math Failure,Moderate,5,threat /10,2,"Degrades: number sense, arithmetic, mathematical learning"
bonding-heavy-bridging-poor-capital,1626,weakness,"Bonding-Heavy, Bridging-Poor Social Capital",Mixed,4,threat /10,1,"weakness: 'Degrades: Community, Interpersonal, Strategic'"
chronic-unresolved-search-for-meaning,1627,weakness,Chronic Unresolved Search for Meaning,Mixed,4,threat /10,2,"Degrades: self-acceptance, environmental mastery, mood"
congenital-amusia-tone-deafness,1628,weakness,Congenital Amusia (Tone Deafness) → Impoverished Musical & Prosodic Life,Moderate,4,threat /10,2,"Degrades: pitch perception, musical memory, emotional-prosody reading"
existential-anxiety-angst,1629,weakness,Existential Anxiety / Angst,Moderate,4,threat /10,2,"Degrades: mental health, meaning, equanimity"
low-aesthetic-sensitivity-taste,1630,weakness,Low Aesthetic Sensitivity ('Poor Taste') → Weak Design & Visual Judgment,Mixed,4,threat /10,2,"Degrades: visual design judgment, aesthetic discrimination, product/UX quality"
low-generalized-social-trust,1631,weakness,Low Generalized Social Trust / Civic Disengagement,Mixed,4,threat /10,2,"weakness: 'Degrades: Community, Interpersonal, Social-Perceptual'"
low-posttraumatic-growth-capacity,1632,weakness,Low Post-Traumatic Growth Capacity → Adversity Without Meaning,Emerging,4,threat /10,2,"Degrades: Adversarial, Existential, Meta-Cognitive"
self-alienation-inauthenticity,1633,weakness,Self-Alienation / Inauthenticity,Moderate,4,threat /10,1,"Degrades: self-esteem, wellbeing, self-knowledge"
midlife-crisis-of-meaning,1634,weakness,The Midlife Meaning Nadir,Mixed,4,threat /10,2,"Degrades: purpose, engagement, forward drive"
value-incongruent-work,1635,weakness,Value-Incongruent Work (Poor Person–Organization Fit),Moderate,4,threat /10,2,"Degrades: job satisfaction, commitment, retention"
weak-anomaly-fraud-pattern-detection,1636,weakness,Weak Anomaly / Fraud Pattern-Detection → Undetected Deception,Mixed,4,threat /10,2,"Degrades: red-flag detection, professional skepticism, fraud & anomaly spotting"
weak-family-routines-rituals,1637,weakness,Weak Family Routines & Rituals,Emerging,4,threat /10,2,"weakness: 'Degrades: Parental, Community, Volitional'"
weak-narrative-identity-coherence,1638,weakness,Weak Narrative Identity Coherence,Moderate,4,threat /10,2,"Degrades: continuity of self, hope, resilience"
aesthetic-anhedonia-low-awe,1639,weakness,Aesthetic Anhedonia / Low Awe Responsiveness,Emerging,3,threat /10,2,"Degrades: wonder, meaning, quality of life"
aphantasia-blunted-visual-imagery,1640,weakness,Aphantasia → Blunted Visual Imagination & Autobiographical Memory,Emerging,3,threat /10,2,"Degrades: mental imagery, episodic recall, future simulation, imagery-based creativity"
beat-deafness-poor-synchronization,1641,weakness,Beat Deafness / Poor Sensorimotor Synchronization → Can't Move to the Beat,Emerging,3,threat /10,2,"Degrades: rhythm production, dance/timing, ensemble & group coordination"
religious-residue-deconversion-aftermath,1642,weakness,Deconversion Aftermath & Religious Residue,Emerging,3,threat /10,2,"Degrades: belonging, moral scaffolding, continuity"
spiritual-superiority-narcissism,1643,weakness,Spiritual Superiority / Spiritual Narcissism,Emerging,3,threat /10,1,"Degrades: humility, relationships, honest self-view"
avoided-mourning-absent-grief-myth,1644,weakness,Avoided Mourning / 'Absent Grief' — Mostly a Myth,Mixed,2,threat /10,2,"Degrades: little, in most cases (honest debunk)"
interoceptive-exposure,1645,practice,Interoceptive Exposure,Strong,4,impact magnitude /5,3,"practice: 'Bolsters clusters: Interoceptive, Emotional, Adversarial, Volitional'"
applied-tension-bii,1646,practice,Applied Tension (Öst) for Blood-Injury Phobia,Moderate,3,impact magnitude /5,3,"practice: 'Bolsters clusters: Interoceptive, Bodily, Emotional, Adversarial'"
imagery-rescripting,1647,practice,Imagery Rescripting,Moderate,4,impact magnitude /5,2,"practice: 'Bolsters clusters: Emotional, Intrapersonal, Creative, Existential'"
attention-training-technique,1648,practice,"Attention Training Technique (ATT, Wells)",Moderate,3,impact magnitude /5,2,"practice: 'Bolsters clusters: Meta-Cognitive, Emotional, Intrapersonal, Volitional'"
self-compassion-break,1649,practice,Self-Compassion Break (Neff),Moderate,3,impact magnitude /5,2,"practice: 'Bolsters clusters: Emotional, Intrapersonal, Interoceptive'"
applied-relaxation-ost,1650,practice,Applied Relaxation (Öst),Moderate,3,impact magnitude /5,3,"practice: 'Bolsters clusters: Emotional, Interoceptive, Volitional, Bodily'"
stress-inoculation-training,1651,practice,Stress Inoculation Training (Meichenbaum),Moderate,3,impact magnitude /5,2,"practice: 'Bolsters clusters: Emotional, Adversarial, Volitional, Strategic'"
detached-mindfulness-mct,1652,practice,Detached Mindfulness (Metacognitive Therapy),Emerging,3,impact magnitude /5,2,"practice: 'Bolsters clusters: Meta-Cognitive, Emotional, Intrapersonal'"
emotion-differentiation-granularity,1653,practice,Emotion Differentiation / Granularity Practice,Moderate,3,impact magnitude /5,2,"practice: 'Bolsters clusters: Emotional, Linguistic, Intrapersonal, Interoceptive'"
radical-acceptance-dbt,1654,practice,Radical Acceptance (DBT Distress Tolerance),Emerging,3,impact magnitude /5,2,"practice: 'Bolsters clusters: Emotional, Existential, Volitional, Intrapersonal'"
sensory-grounding-54321,1655,practice,Sensory Grounding (5-4-3-2-1),Emerging,2,impact magnitude /5,2,"practice: 'Bolsters clusters: Emotional, Interoceptive, Intrapersonal'"
humor-comic-reappraisal,1656,practice,Humor / Comic Reappraisal,Emerging,2,impact magnitude /5,2,"practice: 'Bolsters clusters: Emotional, Humor, Creative, Aesthetic'"
attention-bias-modification,1657,practice,Attention Bias Modification (Contested),Mixed,2,impact magnitude /5,2,"practice: 'Bolsters clusters: Emotional, Meta-Cognitive'"
cognitive-offloading-external-memory,1658,practice,Cognitive Offloading via External Memory,Mixed,3,impact magnitude /5,2,"practice: 'Bolsters clusters: Strategic, Systemic, Meta-Cognitive'"
environment-design-distractor-removal,1659,practice,Environment Design: Remove Auditory & Visual Distractors,Moderate,3,impact magnitude /5,2,"practice: 'Bolsters clusters: Volitional, Strategic, Meta-Cognitive'"
paper-vs-screen-deep-reading,1660,practice,"Read Deep Material on Paper, Not Screen",Moderate,2,impact magnitude /5,1,"practice: 'Bolsters clusters: Linguistic, Meta-Cognitive, Logical'"
mindfulness-sustained-attention,1661,practice,Mindfulness Meditation for Attentional Control,Moderate,3,impact magnitude /5,2,"practice: 'Bolsters clusters: Meta-Cognitive, Volitional, Intrapersonal, Emotional'"
grayscale-phone-display,1662,practice,Grayscale Phone Display (Honest — Thin),Mixed,2,impact magnitude /5,2,practice: 'Bolsters clusters: Volitional' (protects focus indirectly)
background-music-while-working,1663,practice,Background Music While Working (Honest — Mostly Doesn't Help),Mixed,2,impact magnitude /5,2,practice: 'Bolsters clusters: Emotional' (mood/arousal only)
body-doubling-focus,1664,practice,"Body-Doubling (Honest — Anecdotal, ADHD)",Emerging,2,impact magnitude /5,1,"practice: 'Bolsters clusters: Volitional, Interpersonal' (weak evidence)"
attention-residue-clean-transitions,1665,practice,Clean Task Transitions to Cut Attention Residue,Emerging,2,impact magnitude /5,1,"practice: 'Bolsters clusters: Volitional, Strategic, Meta-Cognitive'"
ambient-noise-creativity,1666,practice,Moderate (~70 dB) Ambient Noise for Creative Work,Mixed,2,impact magnitude /5,2,"practice: 'Bolsters clusters: Creative, Aesthetic'"
white-pink-noise-focus-adhd,1667,practice,White / Pink Noise for Focus (ADHD — Stochastic Resonance),Mixed,2,impact magnitude /5,2,"practice: 'Bolsters clusters: Volitional, Meta-Cognitive' (ADHD/inattentive subgroup)"
acute-exercise-attention-primer,1668,practice,A Brief Exercise Bout as a Focus Primer,Moderate,2,impact magnitude /5,1,"practice: 'Bolsters clusters: Volitional, Meta-Cognitive, Bodily'"
attention-training-technique-att,1669,practice,Attention Training Technique (Wells' ATT),Emerging,2,impact magnitude /5,1,"practice: 'Bolsters clusters: Meta-Cognitive, Intrapersonal, Emotional, Volitional'"
gratitude-letter-writing,1670,practice,"Gratitude Letter Writing (Repeated, Undelivered)",Moderate,3,impact magnitude /5,2,"practice: 'Bolsters clusters: Emotional, Interpersonal, Intrapersonal, Existential'"
partner-focused-prayer,1671,practice,Partner-Focused / Benevolent Prayer for Others,Moderate,3,impact magnitude /5,2,"practice: 'Bolsters clusters: Moral, Interpersonal, Emotional, Existential'"
generativity-legacy-projects,1672,practice,Generativity & Legacy-Writing Projects,Moderate,3,impact magnitude /5,2,"practice: 'Bolsters clusters: Existential, Parental, Community, Moral, Linguistic'"
purpose-in-life-intervention,1673,practice,Purpose-in-Life Intervention,Moderate,3,impact magnitude /5,2,"practice: 'Bolsters clusters: Existential, Intrapersonal, Volitional, Moral'"
ritual-and-ceremony,1674,practice,Ritual & Ceremony (Enacted Sequences),Moderate,2,impact magnitude /5,2,"practice: 'Bolsters clusters: Existential, Emotional, Volitional, Intrapersonal'"
memento-mori-death-reflection,1675,practice,Memento Mori / Death Reflection,Emerging,2,impact magnitude /5,2,"practice: 'Bolsters clusters: Existential, Moral, Emotional, Intrapersonal'"
personal-devotional-prayer,1676,practice,Personal / Devotional Prayer,Mixed,2,impact magnitude /5,2,"practice: 'Bolsters clusters: Existential, Intrapersonal, Emotional'"
quiet-ego-contemplation,1677,practice,Quiet Ego Contemplation / Self-Transcendence,Emerging,2,impact magnitude /5,2,"practice: 'Bolsters clusters: Intrapersonal, Interpersonal, Emotional, Existential, Moral'"
reading-literary-fiction-empathy,1678,practice,Reading Literary Fiction for Empathy,Mixed,2,impact magnitude /5,2,"practice: 'Bolsters clusters: Social-Perceptual, Interpersonal, Linguistic, Emotional'"
meaning-making-coping,1679,practice,Meaning-Making Coping After Adversity,Emerging,3,impact magnitude /5,2,"practice: 'Bolsters clusters: Existential, Meta-Cognitive, Intrapersonal, Emotional'"
sanctification-sacred-moments,1680,practice,Sanctification / Perceiving the Sacred,Mixed,2,impact magnitude /5,2,"practice: 'Bolsters clusters: Existential, Emotional, Aesthetic, Naturalist'"
mattering-interventions,1681,practice,Mattering / 'You Matter' Cultivation,Emerging,2,impact magnitude /5,2,"practice: 'Bolsters clusters: Existential, Interpersonal, Intrapersonal, Community'"
stoic-negative-visualization,1682,practice,Stoic Practices & Negative Visualization,Emerging,2,impact magnitude /5,2,"practice: 'Bolsters clusters: Emotional, Intrapersonal, Existential, Meta-Cognitive, Volitional'"
self-selected-preferred-music-stress,1683,practice,Self-Selected / Preferred Music for Stress,Moderate,3,impact magnitude /5,2,"practice: 'Bolsters clusters: Emotional, Interoceptive, Aesthetic, Musical'"
petting-animal-interaction-acute,1684,practice,Petting / Interacting With Animals (Acute),Moderate,2,impact magnitude /5,2,"practice: 'Bolsters clusters: Emotional, Interoceptive, Social-Perceptual, Interpersonal'"
aromatherapy-nausea-procedural,1685,practice,Aromatherapy for Nausea (Procedural),Mixed,2,impact magnitude /5,1,"practice: 'Bolsters clusters: Interoceptive, Emotional'"
deep-pressure-stimulation-sensory,1686,practice,Deep-Pressure Stimulation (Vests/Compression),Mixed,2,impact magnitude /5,2,"practice: 'Bolsters clusters: Emotional, Interoceptive, Bodily'"
odor-cued-memory-reactivation-sleep,1687,practice,Odor-Cued Memory Reactivation in Sleep,Mixed,2,impact magnitude /5,2,"practice: 'Bolsters clusters: Pattern-Recognition, Meta-Cognitive, Linguistic'"
chromotherapy-color-therapy,1688,practice,Chromotherapy / Color Therapy,Mixed,1,impact magnitude /5,1,"practice: 'Bolsters clusters: Aesthetic, Emotional'"
rhythmic-rocking-for-sleep,1689,practice,Rhythmic Rocking for Sleep,Emerging,2,impact magnitude /5,1,"practice: 'Bolsters clusters: Interoceptive, Meta-Cognitive, Emotional'"
snoezelen-multisensory-rooms,1690,practice,Sensory Rooms / Snoezelen,Mixed,2,impact magnitude /5,2,"practice: 'Bolsters clusters: Emotional, Interoceptive, Social-Perceptual'"
blue-light-blocking-glasses,1691,practice,Blue-Light-Blocking Glasses,Mixed,1,impact magnitude /5,1,"practice: 'Bolsters clusters: Interoceptive, Emotional'"
halotherapy-salt-therapy,1692,practice,Halotherapy / Salt Therapy,Emerging,1,impact magnitude /5,1,"practice: 'Bolsters clusters: Bodily, Emotional'"
negative-air-ions-mood,1693,practice,Negative Air Ions (Mood),Mixed,1,impact magnitude /5,1,"practice: 'Bolsters clusters: Emotional, Interoceptive'"
cold-water-open-water-swimming-mood,1694,practice,Cold-Water / Open-Water Swimming for Mood,Emerging,2,impact magnitude /5,2,"practice: 'Bolsters clusters: Emotional, Interoceptive, Bodily, Naturalist'"
transcranial-photobiomodulation-depression,1695,practice,Transcranial Photobiomodulation (Mood),Emerging,2,impact magnitude /5,2,"practice: 'Bolsters clusters: Emotional, Interoceptive'"
hiv-screening,1696,practice,HIV Screening,Strong,5,impact magnitude /5,2,"practice: 'Bolsters clusters: Bodily, Interpersonal, Systemic, Existential'"
tdap-td-vaccination,1697,practice,Tdap / Td Booster Vaccination,Strong,4,impact magnitude /5,2,"practice: 'Bolsters clusters: Bodily, Systemic, Parental, Community'"
diabetic-retinopathy-screening,1698,practice,Diabetic Retinopathy Eye Screening,Strong,4,impact magnitude /5,2,"practice: 'Bolsters clusters: Bodily, Spatial, Systemic'"
lung-cancer-ldct-screening,1699,practice,Lung-Cancer Screening (Low-Dose CT),Strong,4,impact magnitude /5,2,"practice: 'Bolsters clusters: Bodily, Strategic, Systemic, Existential'"
hepatitis-c-one-time-screening,1700,practice,One-Time Hepatitis-C Screening,Moderate,4,impact magnitude /5,2,"practice: 'Bolsters clusters: Bodily, Strategic, Systemic, Existential'"
aaa-one-time-ultrasound-screening,1701,practice,One-Time AAA Ultrasound Screening,Strong,3,impact magnitude /5,2,"practice: 'Bolsters clusters: Bodily, Strategic, Systemic'"
osteoporosis-dxa-screening,1702,practice,Osteoporosis / Bone-Density (DXA) Screening,Moderate,3,impact magnitude /5,2,"practice: 'Bolsters clusters: Bodily, Strategic, Systemic'"
depression-screening-primary-care,1703,practice,Depression Screening (with Support Systems),Moderate,3,impact magnitude /5,2,"practice: 'Bolsters clusters: Emotional, Intrapersonal, Interpersonal, Systemic'"
home-blood-pressure-monitoring,1704,practice,Home Blood-Pressure Self-Monitoring,Moderate,3,impact magnitude /5,2,"practice: 'Bolsters clusters: Interoceptive, Bodily, Volitional, Systemic'"
pneumococcal-vaccination,1705,practice,Pneumococcal Vaccination,Moderate,3,impact magnitude /5,1,"practice: 'Bolsters clusters: Bodily, Systemic, Community'"
rsv-vaccination-older-adults,1706,practice,RSV Vaccination (Older Adults),Moderate,3,impact magnitude /5,2,"practice: 'Bolsters clusters: Bodily, Systemic'"
fall-risk-prevention-older-adults,1707,practice,Fall-Risk Screening & Prevention Exercise,Strong,3,impact magnitude /5,2,"practice: 'Bolsters clusters: Bodily, Interoceptive, Volitional, Strategic'"
chlamydia-gonorrhea-screening,1708,practice,Chlamydia & Gonorrhea Screening,Moderate,3,impact magnitude /5,2,"practice: 'Bolsters clusters: Bodily, Interpersonal, Systemic'"
skin-cancer-visual-exam-honest,1709,practice,Whole-Body Skin-Cancer Exam (Honest Verdict),Mixed,2,impact magnitude /5,2,"practice: 'Bolsters clusters: Bodily, Naturalist, Aesthetic'"
prostate-psa-screening-honest,1710,practice,Prostate PSA Screening (Shared Decision),Mixed,2,impact magnitude /5,2,"practice: 'Bolsters clusters: Bodily, Strategic, Intrapersonal'"
cost-first-responder-trauma,1711,cost,First-Responder Cumulative Trauma & PTSD,Strong,4,harm severity /5,2,"Degrades: Emotional, Bodily, Interoceptive, Intrapersonal"
cost-job-insecurity-health,1712,cost,Perceived Job Insecurity → Health Toll (Distinct From Job Loss),Strong,3,harm severity /5,2,"Degrades: Emotional, Volitional, Intrapersonal, Financial, Strategic"
cost-job-strain-low-control,1713,cost,Job Strain & Low Job Control (Demand–Control) → Heart Disease,Strong,3,harm severity /5,2,"Degrades: Bodily, Emotional, Volitional, Interoceptive"
cost-compassion-fatigue,1714,cost,Compassion Fatigue & Secondary Traumatic Stress (Care Work),Moderate,3,harm severity /5,2,"Degrades: Emotional, Interpersonal, Interoceptive, Existential"
cost-healthcare-worker-burnout,1715,cost,Healthcare-Worker Burnout → Patient Safety & Turnover,Moderate,3,harm severity /5,3,"Degrades: Emotional, Volitional, Interpersonal, Bodily"
cost-layoff-survivor-syndrome,1716,cost,Layoff-Survivor Syndrome (Downsizing Survivors),Moderate,3,harm severity /5,2,"Degrades: Emotional, Volitional, Bodily, Interpersonal"
cost-teacher-burnout-attrition,1717,cost,Teacher Burnout → Attrition & Student Cost,Moderate,3,harm severity /5,2,"Degrades: Emotional, Volitional, Interpersonal, Community"
cost-effort-reward-imbalance,1718,cost,Effort–Reward Imbalance (Siegrist) → Heart Disease & Depression,Moderate,3,harm severity /5,2,"Degrades: Bodily, Emotional, Volitional, Existential"
cost-organizational-injustice,1719,cost,Organizational Injustice → Cardiovascular & Mental Health,Moderate,3,harm severity /5,2,"Degrades: Emotional, Moral, Bodily, Interpersonal"
cost-workaholism,1720,cost,Workaholism (Compulsive Overwork) → Health & Life,Moderate,3,harm severity /5,2,"Degrades: Bodily, Interpersonal, Interoceptive, Emotional, Volitional"
cost-low-pay-in-work-poverty,1721,cost,Chronic Low Pay / In-Work Poverty → Health,Mixed,3,harm severity /5,2,"Degrades: Financial, Emotional, Bodily, Volitional"
cost-workplace-loneliness,1722,cost,Workplace Loneliness & Social Isolation at Work,Moderate,2,harm severity /5,2,"Degrades: Interpersonal, Community, Emotional, Social-Perceptual"
cost-bore-out-underload,1723,cost,"Bore-Out (Chronic Work Underload) — Honest, Emerging",Emerging,2,harm severity /5,2,"Degrades: Volitional, Emotional, Existential, Creative"
cost-remote-work-isolation,1724,cost,Remote-Work Isolation (Honest — Mixed),Mixed,2,harm severity /5,2,"Degrades: Community, Interpersonal, Emotional, Volitional"
cost-sick-building-syndrome,1725,cost,Sick Building Syndrome (Honest — Contested),Mixed,2,harm severity /5,2,"Degrades: Bodily, Interoceptive, Emotional, Meta-Cognitive"
cash-flow-mismanagement,1726,weakness,Cash-Flow Mismanagement / Undercapitalization → Insolvency,Moderate,7,threat /10,2,"weakness: 'Degrades: Entrepreneurial, Financial, Systemic, Mathematical'"
automation-bias-complacency-decision-outsourcing,1727,weakness,Automation Bias & Complacency → Decision-Outsourcing Errors,Strong,6,threat /10,2,"Degrades: Strategic, Meta-Cognitive, Mechanical, Systemic"
customer-concentration-risk,1728,weakness,Customer / Revenue Concentration → Single-Client Blowup,Moderate,6,threat /10,2,"weakness: 'Degrades: Entrepreneurial, Strategic, Financial, Systemic'"
market-orientation-deficit,1729,weakness,Market-Orientation Deficit / Marketing Myopia → Competitor & Customer Blindness,Strong,6,threat /10,2,"weakness: 'Degrades: Strategic, Entrepreneurial, Pattern-Recognition, Social-Perceptual'"
medical-risk-innumeracy,1730,weakness,Relative-Risk & Single-Event Probability Confusion,Strong,6,threat /10,2,"Degrades: medical decision-making, informed consent, risk comparison"
strategic-inertia-no-pivot,1731,weakness,Strategic Inertia → Failure to Reposition When the Environment Shifts,Moderate,6,threat /10,2,"weakness: 'Degrades: Strategic, Entrepreneurial, Systemic, Adversarial'"
trait-verbal-aggressiveness,1732,weakness,Trait Verbal Aggressiveness → Relational & Workplace Damage,Moderate,6,threat /10,3,"Degrades: relationship satisfaction, trust, team climate, conflict outcomes"
unit-economics-blindness,1733,weakness,Unit-Economics Blindness → Growth That Loses Money Per Customer,Emerging,6,threat /10,2,"weakness: 'Degrades: Entrepreneurial, Financial, Mathematical, Strategic'"
wason-conditional-reasoning,1734,weakness,Weak Deductive Reasoning (Wason Selection Task),Strong,6,threat /10,2,"Degrades: conditional logic, hypothesis testing, rule checking"
weak-oral-communication-labor-market,1735,weakness,"Weak Oral / Interpersonal Communication Skill → Hiring, Promotion & Earnings Penalty",Moderate,6,threat /10,2,"Degrades: employability, promotion odds, wage growth, team coordination"
weak-pragmatic-language-inference,1736,weakness,"Weak Pragmatic Language / Social-Inference (Sarcasm, Implicature) → Misunderstanding & Exclusion",Moderate,6,threat /10,2,"Degrades: comprehension of implied meaning, conversational fit, social inclusion, employment stability"
belief-bias-syllogisms,1737,weakness,Belief Bias in Syllogistic Reasoning,Strong,5,threat /10,2,"Degrades: deductive logic, argument evaluation, impartial reasoning"
communication-apprehension-avoidance,1738,weakness,Communication Apprehension → Avoidance & Career/Academic Cost,Moderate,5,threat /10,3,"Degrades: willingness to speak, class/meeting participation, promotion odds, network breadth"
bayesian-conservatism,1739,weakness,Conservatism in Belief Updating,Moderate,5,threat /10,2,"Degrades: probabilistic reasoning, diagnosis, forecasting"
deepfake-synthetic-media-vulnerability,1740,weakness,Deepfake & Synthetic-Media Blindness → Fraud & Impersonation,Emerging,5,threat /10,2,"Degrades: Adversarial, Pattern-Recognition, Street-Smarts"
destructive-feedback-delivery,1741,weakness,"Destructive Feedback Delivery → Recipient Anger, Conflict & Lowered Self-Efficacy",Moderate,5,threat /10,2,"Degrades: recipient self-efficacy, goal-setting, collaboration, conflict climate"
foreign-language-anxiety-l2,1742,weakness,Foreign-Language Anxiety → Impaired Second-Language Acquisition,Strong,5,threat /10,3,"Degrades: L2 achievement, speaking/listening performance, classroom participation, willingness to communicate"
founder-market-misfit,1743,weakness,Founder–Market Misfit → Building in the Wrong Arena,Moderate,5,threat /10,2,"weakness: 'Degrades: Entrepreneurial, Strategic, Pattern-Recognition, Street-Smarts'"
idealized-online-self-presentation-appearance-comparison,1744,weakness,Idealized Online Self-Presentation → Appearance Comparison & Body Dissatisfaction,Moderate,5,threat /10,2,"Degrades: Intrapersonal, Emotional, Aesthetic"
low-digital-literacy-misinformation-sharing,1745,weakness,Inattention-to-Accuracy & Low Digital Literacy → Misinformation Spreading,Strong,5,threat /10,2,"Degrades: Meta-Cognitive, Logical, Pattern-Recognition"
incoherent-preferences-intransitivity,1746,weakness,Incoherent Preferences: Reversals & Intransitivity,Mixed,5,threat /10,2,"Degrades: logical consistency, decision coherence, financial choice"
job-interview-communication-anxiety,1747,weakness,Job-Interview Communication Anxiety → Lower Interview Ratings & Offers,Moderate,5,threat /10,3,"Degrades: interview performance ratings, offer rates, perceived competence"
graph-literacy-misreading,1748,weakness,Low Graph Literacy → Misreading Data Displays,Strong,5,threat /10,2,"Degrades: data interpretation, risk comprehension, pattern reading"
imitability-no-moat,1749,weakness,No Competitive Moat / Imitability Blindness → Advantage Competed Away,Moderate,5,threat /10,2,"weakness: 'Degrades: Strategic, Adversarial, Entrepreneurial, Pattern-Recognition'"
percentage-proportion-confusion,1750,weakness,Percentage & Percentage-Point Confusion,Moderate,5,threat /10,2,"Degrades: everyday math, financial comparison, data interpretation"
meta-reasoning-miscalibration,1751,weakness,Poor Meta-Reasoning: Miscalibrated 'Feeling of Rightness',Emerging,5,threat /10,2,"Degrades: knowing when to rethink, self-monitoring, error-catching"
pricing-power-blindness,1752,weakness,Pricing-Power Blindness → Chronic Underpricing,Moderate,5,threat /10,2,"weakness: 'Degrades: Entrepreneurial, Financial, Strategic, Adversarial'"
regulatory-compliance-neglect,1753,weakness,"Regulatory / Compliance-Risk Neglect → Fines, Shutdowns, License Loss",Emerging,5,threat /10,2,"weakness: 'Degrades: Strategic, Entrepreneurial, Street-Smarts, Systemic'"
resource-allocation-rigidity,1754,weakness,Resource-Allocation Rigidity → Starving Tomorrow to Feed Yesterday,Moderate,5,threat /10,2,"weakness: 'Degrades: Strategic, Systemic, Financial, Entrepreneurial'"
scope-creep-requirements-volatility,1755,weakness,Scope Creep / Feature Creep → Project Overrun & Death,Moderate,5,threat /10,2,"weakness: 'Degrades: Entrepreneurial, Systemic, Strategic, Volitional'"
pvalue-ci-misinterpretation,1756,weakness,Statistical Illiteracy: p-Value & Confidence-Interval Misreading,Strong,5,threat /10,3,"Degrades: evidence evaluation, research reading, uncertainty reasoning"
misleading-graphs-susceptibility,1757,weakness,Susceptibility to Misleading Graphs & Statistics,Moderate,5,threat /10,2,"Degrades: fraud/spin detection, data skepticism, evidence evaluation"
weak-argument-quality-reasoning,1758,weakness,Weak Argument Quality / Reasoning-in-Persuasion → Failed Influence,Moderate,5,threat /10,2,"Degrades: persuasion, attitude change, perceived cogency, negotiation & advocacy"
weak-written-mechanics-hiring,1759,weakness,Weak Written-Communication Mechanics (Spelling/Grammar) → Hiring & Credibility Cost,Moderate,5,threat /10,3,"Degrades: hireability, perceived conscientiousness & intelligence, professional credibility"
workplace-telepressure-always-on,1760,weakness,Workplace Telepressure ('Always-On') → Recovery Failure & Burnout,Moderate,5,threat /10,2,"Degrades: Volitional, Interoceptive, Emotional"
founder-delegation-failure,1761,weakness,Founder's Failure to Delegate at Scale → The Owner's-Trap Ceiling,Emerging,4,threat /10,2,"weakness: 'Degrades: Entrepreneurial, Leadership, Systemic, Volitional'"
gps-overreliance-spatial-atrophy,1762,weakness,Habitual GPS Reliance → Spatial-Memory & Navigation Atrophy,Moderate,4,threat /10,2,"Degrades: Spatial, Naturalist"
illusion-of-linearity,1763,weakness,Illusion of Linearity → Over-Applied Proportional Reasoning,Moderate,4,threat /10,2,"Degrades: proportional reasoning, geometry, probability estimation"
computational-algorithmic-thinking,1764,weakness,Low Algorithmic / Computational Thinking,Emerging,4,threat /10,1,"Degrades: procedural problem-solving, decomposition, systematic logic"
low-narrative-storytelling-skill,1765,weakness,Low Narrative / Storytelling Skill → Weaker Persuasion & Memorability,Moderate,4,threat /10,2,"Degrades: persuasive impact, audience transportation, message recall, buy-in"
low-question-asking-liking,1766,weakness,Low Question-Asking → Weaker Liking & Missed Information,Moderate,4,threat /10,2,"Degrades: likability, perceived responsiveness, rapport, information-gathering"
powerless-speech-hedges,1767,weakness,"Powerless Speech (Hedges, Hesitations, Tag Questions) → Weaker Persuasion & Credibility",Mixed,4,threat /10,3,"Degrades: perceived competence, credibility, attitude change, courtroom/negotiation influence"
online-disinhibition-toxic-posting,1768,weakness,"Toxic Online Disinhibition → Flaming, Trolling & Reputational Self-Harm",Moderate,4,threat /10,2,"Degrades: Moral, Interpersonal, Rhetorical"
video-call-zoom-fatigue-nonverbal-overload,1769,weakness,Video-Call ('Zoom') Fatigue → Nonverbal Overload & Exhaustion,Emerging,4,threat /10,2,"Degrades: Interpersonal, Social-Perceptual, Bodily"
number-sense-estimation,1770,weakness,Weak Number Sense & Magnitude Estimation,Mixed,4,threat /10,2,"Degrades: quantity intuition, estimation, math fluency"
weak-scenario-planning,1771,weakness,Weak Scenario Planning → Blindsided by Foreseeable Shocks,Mixed,4,threat /10,2,"weakness: 'Degrades: Strategic, Systemic, Pattern-Recognition, Existential'"
novelty-seeking-variable-reward-dopamine-loop,1772,weakness,Chronic Novelty / Variable-Reward Seeking ('Dopamine Loop') → Compulsive Checking,Emerging,3,threat /10,2,"Degrades: Volitional, Meta-Cognitive, Intrapersonal"
digital-hoarding-accumulation,1773,weakness,"Digital Hoarding → Clutter, Stress & Lost Findability",Emerging,3,threat /10,2,"Degrades: Intrapersonal, Systemic, Volitional"
echo-chamber-selective-exposure-entrenchment,1774,weakness,Echo-Chamber / Selective-Exposure Entrenchment → Attitude Polarization,Mixed,3,threat /10,2,"Degrades: Logical, Meta-Cognitive, Social-Perceptual"
parasocial-overinvestment-influencers,1775,weakness,Excessive Parasocial Investment in Influencers/Streamers → Displaced Real Ties,Mixed,3,threat /10,2,"Degrades: Interpersonal, Community, Intrapersonal"
online-review-rating-overreliance,1776,weakness,Over-Reliance on Online Reviews & Ratings → Herding & Manipulation,Moderate,3,threat /10,2,"Degrades: Financial, Adversarial, Strategic"
poor-vocal-delivery-fry-uptalk,1777,weakness,"Poor Paralinguistic Delivery (Vocal Fry, Uptalk, Low Pitch Control) → Hireability Penalty",Emerging,3,threat /10,2,"Degrades: perceived competence, trustworthiness, hireability, leadership perception"
autocorrect-predictive-text-spelling-atrophy,1778,weakness,Autocorrect / Predictive-Text Over-Reliance → Spelling & Proofreading Atrophy,Emerging,2,threat /10,2,Degrades: Linguistic
calculator-dependence-arithmetic-fear,1779,weakness,Calculator Dependence → Feared Arithmetic Deskilling (Largely Not Supported),Mixed,1,threat /10,2,Degrades: Mathematical
simulation-based-procedural-skill-training,1780,practice,Simulation-Based Training for Procedural Skills,Strong,4,impact magnitude /5,2,"practice: 'Bolsters clusters: Mechanical, Bodily, Spatial, Meta-Cognitive'"
inductive-reasoning-training,1781,practice,Inductive Reasoning Training (ACTIVE Reasoning Arm),Moderate,3,impact magnitude /5,2,"practice: 'Bolsters clusters: Logical, Pattern-Recognition, Strategic'"
print-exposure-reading-volume-vocabulary,1782,practice,Print Exposure / Reading Volume & Vocabulary,Moderate,3,impact magnitude /5,2,"practice: 'Bolsters clusters: Linguistic, Rhetorical, Logical'"
errorless-learning-memory-rehab,1783,practice,Errorless Learning for Memory Rehabilitation,Moderate,3,impact magnitude /5,2,"practice: 'Bolsters clusters: Meta-Cognitive, Bodily, Volitional'"
goal-management-training,1784,practice,Goal Management Training (Levine),Moderate,3,impact magnitude /5,2,"practice: 'Bolsters clusters: Meta-Cognitive, Volitional, Strategic'"
critical-thinking-instruction,1785,practice,Critical-Thinking Instruction,Moderate,3,impact magnitude /5,2,"practice: 'Bolsters clusters: Logical, Meta-Cognitive, Adversarial, Rhetorical'"
mnemonic-strategy-training-older-adults,1786,practice,Mnemonic Strategy Training for Older Adults,Moderate,2,impact magnitude /5,2,"practice: 'Bolsters clusters: Meta-Cognitive, Linguistic, Pattern-Recognition'"
cognitive-rehabilitation-brain-injury,1787,practice,Cognitive Rehabilitation after Acquired Brain Injury,Moderate,3,impact magnitude /5,2,"practice: 'Bolsters clusters: Meta-Cognitive, Linguistic, Volitional'"
cognitive-stimulation-therapy-dementia,1788,practice,Cognitive Stimulation Therapy (CST) for Dementia,Moderate,3,impact magnitude /5,2,"practice: 'Bolsters clusters: Linguistic, Meta-Cognitive, Interpersonal'"
numeracy-number-sense-training,1789,practice,Numeracy / Number-Sense Training,Moderate,2,impact magnitude /5,2,"practice: 'Bolsters clusters: Mathematical, Logical, Financial'"
tdcs-cognitive-enhancement,1790,practice,Transcranial Direct-Current Stimulation (tDCS) for Cognition,Mixed,1,impact magnitude /5,2,"practice: 'Bolsters clusters: Meta-Cognitive, Volitional'"
attention-process-training,1791,practice,Attention Process Training (APT),Mixed,2,impact magnitude /5,2,"practice: 'Bolsters clusters: Meta-Cognitive, Volitional, Social-Perceptual'"
aerobic-exercise-cognition-bdnf,1792,practice,Aerobic Exercise for Cognition & BDNF,Mixed,2,impact magnitude /5,3,"practice: 'Bolsters clusters: Meta-Cognitive, Logical, Volitional'"
chess-instruction-academic-far-transfer,1793,practice,Chess Instruction for Academic Skills,Mixed,1,impact magnitude /5,2,"practice: 'Bolsters clusters: Strategic, Pattern-Recognition, Logical'"
inoculation-two-sided,1794,practice,Inoculation & Two-Sided Messaging,Moderate,3,impact magnitude /5,2,"practice: 'Bolsters clusters: resistance to persuasion, prebunking, debate, critical thinking'"
source-credibility-authority,1795,practice,Source Credibility & Authority Signaling,Moderate,3,impact magnitude /5,2,"practice: 'Bolsters clusters: persuasion, leadership presence, expert influence'"
reciprocity-influence,1796,practice,Reciprocity-Based Influence,Moderate,3,impact magnitude /5,2,"practice: 'Bolsters clusters: rapport, sales, fundraising, relationship-building'"
scarcity-messaging,1797,practice,Scarcity Messaging,Moderate,3,impact magnitude /5,2,"practice: 'Bolsters clusters: persuasion, marketing, perceived-value elevation'"
door-in-the-face,1798,practice,Door-in-the-Face (Ask Big First),Moderate,2,impact magnitude /5,3,"practice: 'Bolsters clusters: negotiation, reciprocal concession, fundraising'"
foot-in-the-door,1799,practice,Foot-in-the-Door (Start Small),Moderate,2,impact magnitude /5,2,"practice: 'Bolsters clusters: sequential persuasion, fundraising, sales, self-consistency leverage'"
low-ball-technique,1800,practice,The Low-Ball Technique,Moderate,2,impact magnitude /5,2,"practice: 'Bolsters clusters: commitment-consistency leverage, sales, negotiation'"
identifiable-victim-vivid,1801,practice,Identifiable-Victim & Concrete Language,Mixed,2,impact magnitude /5,2,"practice: 'Bolsters clusters: fundraising, moral persuasion, storytelling'"
message-framing-gain-loss,1802,practice,Message Framing: Gain vs. Loss,Mixed,2,impact magnitude /5,2,"practice: 'Bolsters clusters: persuasive messaging, health communication, marketing'"
message-tailoring,1803,practice,Message Tailoring / Audience Adaptation,Moderate,2,impact magnitude /5,2,"practice: 'Bolsters clusters: persuasion, health communication, coaching, teaching'"
fear-appeals,1804,practice,Fear Appeals (with Efficacy),Moderate,2,impact magnitude /5,2,"practice: 'Bolsters clusters: health persuasion, risk communication, behavior change'"
because-placebic-justification,1805,practice,The 'Because' Justification (Placebic Information),Emerging,1,impact magnitude /5,2,"practice: 'Bolsters clusters: low-stakes compliance, request framing'"
ben-franklin-effect,1806,practice,The Ben Franklin Effect,Emerging,1,impact magnitude /5,1,"practice: 'Bolsters clusters: rapport-building, disarming adversaries, liking'"
pratfall-effect,1807,practice,The Pratfall Effect (Strategic Vulnerability),Emerging,1,impact magnitude /5,1,"practice: 'Bolsters clusters: likability, rapport, relatability of experts'"
tactical-empathy-labeling,1808,practice,Tactical Empathy & Emotion Labeling (Voss-style),Emerging,2,impact magnitude /5,2,"practice: 'Bolsters clusters: negotiation, de-escalation, rapport, trust-building'"
presuasion-priming,1809,practice,Pre-Suasion / Priming,Mixed,1,impact magnitude /5,2,"practice: 'Bolsters clusters: message receptivity, attention management (contested)'"
positive-opposite-reinforcement-kazdin,1810,practice,Reinforcing the Positive Opposite (Kazdin PMT),Strong,4,impact magnitude /5,2,"practice: 'Bolsters clusters: Parental, Volitional, Emotional'"
time-out-done-right-harm-myth,1811,practice,Time-Out Done Right — and the 'It's Harmful' Myth,Strong,4,impact magnitude /5,3,"practice: 'Bolsters clusters: Parental, Emotional, Volitional'"
co-viewing-joint-media-engagement,1812,practice,Co-Viewing Quality Media & Joint Media Engagement,Moderate,3,impact magnitude /5,2,"practice: 'Bolsters clusters: Linguistic, Parental, Logical'"
math-talk-number-talk,1813,practice,Math Talk / Number Talk at Home,Moderate,3,impact magnitude /5,2,"practice: 'Bolsters clusters: Mathematical, Parental, Logical'"
spatial-talk-and-gesture,1814,practice,Spatial Talk & Gesture with Young Children,Moderate,3,impact magnitude /5,2,"practice: 'Bolsters clusters: Spatial, Parental, Mathematical'"
early-dual-language-exposure,1815,practice,Early Dual-Language Exposure in Childhood,Moderate,3,impact magnitude /5,2,"practice: 'Bolsters clusters: Linguistic, Parental, Social-Perceptual'"
effective-instruction-giving-alpha-commands,1816,practice,"Effective Instruction-Giving (Alpha, Not Beta, Commands)",Moderate,3,impact magnitude /5,3,"practice: 'Bolsters clusters: Parental, Volitional, Leadership'"
natural-logical-consequences,1817,practice,Natural & Logical Consequences,Moderate,3,impact magnitude /5,2,"practice: 'Bolsters clusters: Parental, Moral, Volitional'"
planned-ignoring-differential-attention,1818,practice,Planned Ignoring / Differential Attention,Moderate,3,impact magnitude /5,2,"practice: 'Bolsters clusters: Parental, Emotional, Volitional'"
scaffolding-zone-proximal-development,1819,practice,Scaffolding & the Zone of Proximal Development,Moderate,3,impact magnitude /5,2,"practice: 'Bolsters clusters: Parental, Meta-Cognitive, Linguistic'"
teaching-gratitude-kindness-children,1820,practice,Teaching Gratitude & Kindness to Children,Moderate,2,impact magnitude /5,2,"practice: 'Bolsters clusters: Moral, Emotional, Community'"
token-economy-reward-charts,1821,practice,Token Economies & Sticker/Reward Charts,Moderate,3,impact magnitude /5,2,"practice: 'Bolsters clusters: Parental, Volitional, Financial'"
limiting-overscheduling-honest,1822,practice,Limiting Overscheduling (Honest Verdict),Mixed,2,impact magnitude /5,1,"practice: 'Bolsters clusters: Parental, Community, Bodily'"
parent-failure-mindset-messages,1823,practice,Parents' Failure-Mindset Messages,Emerging,2,impact magnitude /5,2,"practice: 'Bolsters clusters: Volitional, Intrapersonal, Parental'"
executive-function-games-tools-of-mind,1824,practice,Executive-Function Games / Tools of the Mind (Honest Verdict),Mixed,2,impact magnitude /5,3,"practice: 'Bolsters clusters: Volitional, Meta-Cognitive, Emotional'"
cost-cerebral-palsy,1825,cost,Cerebral Palsy — Motor Disability Burden,Strong,4,harm severity /5,2,"Degrades: Bodily, Volitional, Financial, Interpersonal, Linguistic"
cost-developmental-epileptic-encephalopathy,1826,cost,Developmental & Epileptic Encephalopathy,Moderate,5,harm severity /5,2,"Degrades: Logical, Bodily, Linguistic, Volitional, Meta-Cognitive"
cost-down-syndrome,1827,cost,Down Syndrome — Lifespan Care & Health Burden,Strong,4,harm severity /5,2,"Degrades: Logical, Linguistic, Financial, Bodily, Meta-Cognitive"
cost-fetal-alcohol-spectrum,1828,cost,Fetal Alcohol Spectrum Disorder,Strong,4,harm severity /5,2,"Degrades: Logical, Volitional, Emotional, Financial, Social-Perceptual"
cost-intellectual-disability,1829,cost,Intellectual Disability — Health-Disparity Burden,Strong,4,harm severity /5,2,"Degrades: Logical, Meta-Cognitive, Financial, Linguistic, Volitional"
cost-sickle-cell-disease,1830,cost,"Sickle Cell Disease — Pain, Stroke & Shortened Life",Strong,4,harm severity /5,2,"Degrades: Bodily, Financial, Volitional, Logical, Interpersonal"
cost-congenital-heart-disease,1831,cost,Congenital Heart Disease — Lifelong Burden,Strong,4,harm severity /5,3,"Degrades: Bodily, Logical, Volitional, Financial, Interpersonal"
cost-autism-support-needs,1832,cost,Autism Spectrum — Childhood Support Needs & Family Burden,Strong,3,harm severity /5,2,"Degrades: Social-Perceptual, Interpersonal, Linguistic, Volitional, Financial"
cost-interstitial-cystitis-bps,1833,cost,Interstitial Cystitis / Bladder Pain Syndrome,Moderate,4,harm severity /5,2,"Degrades: Bodily, Emotional, Seductive, Interoceptive, Volitional"
cost-childhood-cancer-survivorship,1834,cost,Childhood Cancer Survivorship — Late Effects,Strong,4,harm severity /5,2,"Degrades: Bodily, Financial, Emotional, Logical, Volitional"
cost-preeclampsia-longterm-cvd,1835,cost,Preeclampsia's Cardiovascular Legacy — Decades Later,Strong,4,harm severity /5,1,"Degrades: Bodily, Financial, Existential"
cost-premature-ovarian-insufficiency,1836,cost,Premature Ovarian Insufficiency — Menopause Before 40,Moderate,4,harm severity /5,2,"Degrades: Bodily, Parental, Existential, Emotional, Seductive"
cost-childhood-asthma,1837,cost,Childhood Asthma — The Common Chronic Burden,Strong,3,harm severity /5,2,"Degrades: Bodily, Volitional, Financial, Emotional, Interpersonal"
cost-osteoporosis-in-men,1838,cost,"Osteoporosis in Men — Underscreened, Deadlier Fractures",Moderate,4,harm severity /5,2,"Degrades: Bodily, Financial, Volitional, Existential"
cost-childhood-obesity-adult-outcomes,1839,cost,Childhood Obesity → Adult Cardiometabolic Outcomes,Strong,3,harm severity /5,2,"Degrades: Bodily, Financial, Emotional, Volitional, Interoceptive"
cost-developmental-language-disorder,1840,cost,Developmental Language Disorder,Strong,3,harm severity /5,2,"Degrades: Linguistic, Rhetorical, Financial, Interpersonal, Logical"
cost-gdm-longterm-risk,1841,cost,Gestational Diabetes — The Long Shadow After Delivery,Strong,3,harm severity /5,2,"Degrades: Bodily, Financial, Parental, Interoceptive"
cost-testicular-cancer-survivorship,1842,cost,Testicular Cancer Survivorship (Young Men),Moderate,3,harm severity /5,2,"Degrades: Bodily, Parental, Emotional, Seductive, Existential"
cost-uterine-fibroids,1843,cost,"Uterine Fibroids (Leiomyomata) — Bleeding, Bulk & Fertility Cost",Strong,3,harm severity /5,3,"Degrades: Bodily, Financial, Parental, Interoceptive, Emotional"
cost-juvenile-idiopathic-arthritis,1844,cost,Juvenile Idiopathic Arthritis,Moderate,3,harm severity /5,2,"Degrades: Bodily, Volitional, Emotional, Financial, Interpersonal"
cost-pediatric-chronic-pain,1845,cost,Pediatric Chronic Pain,Moderate,3,harm severity /5,2,"Degrades: Bodily, Volitional, Emotional, Interpersonal, Financial"
cost-vulvodynia,1846,cost,"Vulvodynia — Chronic Vulvar Pain, Rarely Named",Moderate,3,harm severity /5,2,"Degrades: Seductive, Bodily, Emotional, Interpersonal, Intrapersonal"
cost-heavy-menstrual-bleeding-anemia,1847,cost,Heavy Menstrual Bleeding & Iron-Deficiency Anemia,Strong,3,harm severity /5,2,"Degrades: Bodily, Volitional, Emotional, Financial, Interoceptive"
cost-benign-breast-disease-mastalgia,1848,cost,"Benign Breast Disease & Mastalgia — Pain, Fear & a Risk Signal",Strong,2,harm severity /5,3,"Degrades: Bodily, Emotional, Interoceptive, Seductive"
cost-male-hypogonadism,1849,cost,Male Hypogonadism / Testosterone Deficiency,Moderate,3,harm severity /5,2,"Degrades: Bodily, Seductive, Emotional, Volitional, Intrapersonal"
cost-varicocele-male-infertility,1850,cost,Varicocele & Male-Factor Infertility,Moderate,3,harm severity /5,2,"Degrades: Parental, Bodily, Seductive, Emotional"
cost-perimenopausal-depression,1851,cost,Perimenopausal Depression — A Distinct Window of Vulnerability,Moderate,3,harm severity /5,2,"Degrades: Emotional, Intrapersonal, Interpersonal, Volitional, Seductive"
cost-postpartum-thyroiditis,1852,cost,Postpartum Thyroiditis — The Missed Cause of 'Baby Blues',Moderate,2,harm severity /5,2,"Degrades: Bodily, Emotional, Interoceptive, Parental"
cost-recurrent-uti-women,1853,cost,Recurrent Urinary Tract Infection (Women),Moderate,2,harm severity /5,2,"Degrades: Bodily, Seductive, Financial, Emotional"
cost-failure-to-thrive,1854,cost,Failure to Thrive / Faltering Growth,Mixed,2,harm severity /5,2,"Degrades: Bodily, Logical, Linguistic, Financial, Meta-Cognitive"
behavioral-inhibition-temperament-kagan,1855,weakness,Behavioral Inhibition Temperament (Kagan) → Social Anxiety Trajectory,Strong,7,threat /10,2,"Degrades: Emotional, Social-Perceptual, Volitional"
cyclothymic-temperament,1856,weakness,Cyclothymic Temperament → Mood Instability & Bipolar Conversion,Moderate,7,threat /10,2,"Degrades: Emotional, Intrapersonal, Volitional"
emerging-adulthood-floundering,1857,weakness,Emerging-Adulthood Floundering / NEET → Depression & Career Scarring,Moderate,7,threat /10,2,"Degrades: Strategic, Volitional, Financial, Existential"
ageism-internalization,1858,weakness,"Internalized Negative Age Stereotypes (Self-Directed Ageism) → Shorter, Sicker Life",Strong,7,threat /10,2,"Degrades: Intrapersonal, Existential, Bodily"
hopelessness-cognitive-style,1859,weakness,Negative Inferential (Hopelessness) Cognitive Style → Hopelessness Depression & Suicide,Strong,7,threat /10,2,"Degrades: Meta-Cognitive, Intrapersonal, Existential"
trait-disinhibition-externalizing,1860,weakness,Trait Disinhibition / Externalizing Proneness → Substance & Antisocial Outcomes,Strong,7,threat /10,2,"Degrades: Volitional, Moral, Adversarial"
bas-reward-hypersensitivity,1861,weakness,BAS / Reward Hypersensitivity → Impulsive Approach & (Hypo)mania Risk,Moderate,6,threat /10,2,"Degrades: Volitional, Emotional, Strategic"
callous-unemotional-traits-subclinical,1862,weakness,Callous-Unemotional Traits (Subclinical) → Conduct Problems & Blunted Empathy,Strong,6,threat /10,2,"Degrades: Emotional, Moral, Interpersonal"
adolescent-dual-systems-risk,1863,weakness,Dual-Systems Imbalance / 'Hot Cognition' (Adolescence) → Reward-Driven Risk-Taking,Moderate,6,threat /10,2,"Degrades: Volitional, Strategic, Meta-Cognitive"
failure-earn-secure-attachment,1864,weakness,Failure to Revise Insecure Attachment (No Earned Security) → Recurring Relational Rupture,Emerging,6,threat /10,2,"Degrades: Interpersonal, Emotional, Intrapersonal"
gelotophobia-fear-of-being-laughed-at,1865,weakness,Gelotophobia — The Fear of Being Laughed At,Moderate,6,threat /10,3,"weakness: 'Degrades: Humor, Social-Perceptual, Interpersonal, Seductive'"
high-harm-avoidance-cloninger,1866,weakness,High Harm Avoidance (Cloninger) → Anxiety & Depression Proneness,Strong,6,threat /10,2,"Degrades: Emotional, Intrapersonal, Volitional"
hypomanic-personality-overconfidence,1867,weakness,Hypomanic Personality / Overconfident Temperament → Bipolar Risk & Risky Overreach,Moderate,6,threat /10,2,"Degrades: Emotional, Volitional, Strategic"
low-career-adaptability-school-to-work,1868,weakness,Low Career Adaptability → Botched School-to-Work Transition,Moderate,6,threat /10,2,"Degrades: Strategic, Entrepreneurial, Volitional"
low-effortful-control-temperament,1869,weakness,Low Effortful Control (Rothbart Temperament) → Dysregulation & Externalizing,Moderate,6,threat /10,2,"Degrades: Volitional, Meta-Cognitive, Emotional"
poor-grandparent-role-adaptation,1870,weakness,Poor Grandparent-Role Adaptation / Custodial Strain → Depression & Health Decline,Moderate,6,threat /10,2,"Degrades: Parental, Emotional, Interpersonal"
distress-intolerance-trait,1871,weakness,Trait Distress Intolerance → Emotion-Driven Self-Destructive Behavior,Moderate,6,threat /10,2,"Degrades: Emotional, Interoceptive, Volitional"
trait-irritability,1872,weakness,"Trait Irritability → Depression, Anxiety & Suicidality",Strong,6,threat /10,2,"Degrades: Emotional, Interpersonal, Social-Perceptual"
low-grip-strength-mortality-biomarker,1873,weakness,Weak Grip Strength → All-Cause & Cardiovascular Mortality Marker,Strong,6,threat /10,2,Degrades: Bodily
weak-social-group-identification,1874,weakness,Weak Social-Group Identification → Depression Risk (Reverse 'Social Cure'),Moderate,6,threat /10,2,"weakness: 'Degrades: Community, Existential, Intrapersonal, Emotional'"
developmental-coordination-disorder-adult,1875,weakness,Adult Developmental Coordination Disorder → Lifelong Clumsiness & Secondary Distress,Moderate,5,threat /10,3,"Degrades: Bodily, Mechanical, Spatial"
ego-integrity-despair,1876,weakness,Failed Ego-Integrity (Despair) in Late Life → Death Anxiety & Bitter Regret,Moderate,5,threat /10,2,"Degrades: Existential, Intrapersonal, Emotional"
flirtation-cue-misperception,1877,weakness,Flirtation-Cue Misperception → Misread Romantic/Sexual Interest,Moderate,5,threat /10,2,"weakness: 'Degrades: Seductive, Social-Perceptual, Interpersonal, Adversarial'"
high-gait-variability-neural-control,1878,weakness,High Stride-to-Stride Gait Variability → Falls & Neurodegeneration Signal,Moderate,5,threat /10,2,"Degrades: Bodily, Spatial"
interpretation-bias-ambiguity-threat,1879,weakness,Interpretation Bias (Ambiguity → Threat) → Anxiety Maintenance,Mixed,5,threat /10,2,"Degrades: Meta-Cognitive, Emotional, Social-Perceptual"
low-consideration-future-consequences-youth,1880,weakness,Low Consideration of Future Consequences (Youth) → Risk Behavior & Weak Follow-Through,Moderate,5,threat /10,2,"Degrades: Volitional, Strategic, Financial"
low-ego-development-maturity,1881,weakness,"Low Ego Development / Arrested Psychosocial Maturity → Impulsive, Concrete Adjustment",Emerging,5,threat /10,2,"Degrades: Intrapersonal, Meta-Cognitive, Moral"
low-expressive-charisma,1882,weakness,Low Expressive Charisma (Weak Influence & Affability Signaling),Moderate,5,threat /10,2,"weakness: 'Degrades: Rhetorical, Leadership, Interpersonal, Seductive'"
low-humor-production-wit-deficit,1883,weakness,Low Humor-Production Ability (Wit Deficit) → Weaker Rapport & Mate Appeal,Moderate,5,threat /10,2,"weakness: 'Degrades: Humor, Seductive, Creative, Rhetorical'"
low-learning-agility,1884,weakness,Low Learning Agility → Failure to Convert New Experience Into Skill,Moderate,5,threat /10,2,"weakness: 'Degrades: leader potential, adaptation to novel roles, promotability'"
low-nonverbal-immediacy-warmth-encoding,1885,weakness,"Low Nonverbal Immediacy (Weak Warmth Encoding) → Cold-Read, Low Rapport",Moderate,5,threat /10,2,"weakness: 'Degrades: Social-Perceptual, Interpersonal, Seductive, Emotional'"
low-openness-rigidity-aging,1886,weakness,Low Openness / Cognitive Rigidity in Aging → Faster Decline & Shrinking World,Moderate,5,threat /10,2,"Degrades: Creative, Meta-Cognitive, Aesthetic"
adolescent-peer-susceptibility,1887,weakness,Low Resistance to Peer Influence (Adolescence) → Susceptibility & Risky Conformity,Strong,5,threat /10,2,"Degrades: Adversarial, Volitional, Intrapersonal, Moral"
midlife-stagnation,1888,weakness,Midlife Stagnation (Failed Generativity) → Self-Absorption & Later-Life Cost,Moderate,5,threat /10,2,"Degrades: Existential, Parental, Community, Leadership"
mood-congruent-memory-bias,1889,weakness,Mood-Congruent Memory Bias → Depression Maintenance,Moderate,5,threat /10,2,"Degrades: Meta-Cognitive, Emotional, Intrapersonal"
obsessive-compulsive-personality-traits,1890,weakness,"Obsessive-Compulsive Personality Traits (Subclinical) → Rigid, Perfectionistic Impairment",Moderate,5,threat /10,2,"Degrades: Volitional, Interpersonal, Meta-Cognitive"
passive-job-search-low-self-efficacy,1891,weakness,Passive / Low-Self-Efficacy Job Search → Prolonged Unemployment,Moderate,5,threat /10,1,"weakness: 'Degrades: reemployment speed, number of offers, earnings on re-entry'"
passive-career-self-management,1892,weakness,Passive Career Self-Management / Low Proactivity → Drift,Moderate,5,threat /10,2,"weakness: 'Degrades: career success, task performance, voice, advancement'"
poor-dual-task-gait-cost,1893,weakness,Poor Dual-Task Gait (Walking-While-Thinking Cost) → Fall Prediction,Moderate,5,threat /10,2,"Degrades: Bodily, Spatial"
poor-sexual-communication-skill,1894,weakness,Poor Sexual Communication (Skill Deficit) → Sexual & Relationship Dissatisfaction,Moderate,5,threat /10,1,"weakness: 'Degrades: Seductive, Interpersonal, Emotional, Intrapersonal'"
self-presentation-grooming-neglect,1895,weakness,Self-Presentation & Grooming Neglect → The Attractiveness Penalty,Strong,5,threat /10,2,"weakness: 'Degrades: Seductive, Aesthetic, Community, Financial'"
self-promotion-modesty-penalty,1896,weakness,Self-Promotion Deficit / Visibility Neglect → Unseen Contributions,Moderate,5,threat /10,2,"weakness: 'Degrades: promotion odds, pay growth, reputation for competence'"
slow-reaction-time-mortality-crash,1897,weakness,Slow / Erratic Reaction Time → Mortality & Crash Risk,Moderate,5,threat /10,2,"Degrades: Bodily, Spatial"
structural-holes-neglect,1898,weakness,"Structural-Holes Neglect → Closed, Redundant Network Position",Moderate,5,threat /10,2,"weakness: 'Degrades: idea flow, promotion, compensation, strategic vision'"
weak-soc-strategies,1899,weakness,Weak Selection-Optimization-Compensation (Baltes SOC) → Maladaptive Aging,Moderate,5,threat /10,2,"Degrades: Strategic, Volitional, Intrapersonal"
weak-trunk-core-endurance-low-back-pain,1900,weakness,Weak Trunk / Core Endurance → First-Onset Low Back Pain,Moderate,5,threat /10,2,"Degrades: Bodily, Interoceptive"
weak-upward-management-low-lmx,1901,weakness,Weak Upward Management / Low-Quality LMX → Excluded From the In-Group,Moderate,5,threat /10,2,"weakness: 'Degrades: performance ratings, promotions, resources, satisfaction'"
wisdom-deficit-ardelt,1902,weakness,Wisdom Deficit (Ardelt 3D) → Poorer Late-Life Meaning & Higher Death Anxiety,Moderate,5,threat /10,2,"Degrades: Meta-Cognitive, Existential, Intrapersonal"
mentorship-absence-protege,1903,weakness,Absence of a Mentor / Weak Mentor-Seeking → Slower Advancement,Moderate,4,threat /10,1,"weakness: 'Degrades: compensation, promotions, career satisfaction, socialization'"
aging-gain-domain-risk-aversion,1904,weakness,Age-Related Risk Aversion for Gains → Foregone Opportunity,Mixed,4,threat /10,2,"Degrades: Financial, Strategic, Entrepreneurial"
low-motor-competence-inactivity-trajectory,1905,weakness,Low Motor Competence → The Sedentary-Spiral of Disengagement,Moderate,4,threat /10,3,"Degrades: Bodily, Volitional"
low-networking-behavior,1906,weakness,Low Networking Behavior → Flat Salary Growth Trajectory,Moderate,4,threat /10,1,"weakness: 'Degrades: salary growth rate, opportunity access, career satisfaction'"
low-exercise-self-efficacy-avoidance,1907,weakness,Low Physical / Exercise Self-Efficacy → Activity Avoidance & Deconditioning,Moderate,4,threat /10,2,"Degrades: Volitional, Bodily"
low-self-disclosure-emotional-guardedness,1908,weakness,Low Self-Disclosure (Emotional Guardedness) → Stalled Intimacy,Moderate,4,threat /10,2,"weakness: 'Degrades: Seductive, Interpersonal, Emotional, Intrapersonal'"
over-specialization-narrow-human-capital,1909,weakness,"Over-Specialization / Narrow (Firm-Specific) Human Capital → Fragile, Underpaid, Trapped",Mixed,4,threat /10,1,"weakness: 'Degrades: pay premium, mobility, promotability to general management'"
poor-hand-eye-visuomotor-integration,1910,weakness,"Poor Hand-Eye / Visuomotor Integration → Dexterity, Handwriting & Skill Deficits",Moderate,4,threat /10,2,"Degrades: Bodily, Spatial, Mechanical"
poor-teasing-calibration-egocentric-humor,1911,weakness,Poor Teasing Calibration (Egocentric Humor) → Jokes That Land as Insults,Moderate,4,threat /10,2,"weakness: 'Degrades: Humor, Social-Perceptual, Interpersonal, Moral'"
sponsorship-gap,1912,weakness,Sponsorship Gap (No Advocate in the Room) → Frozen Below the Ceiling,Emerging,4,threat /10,2,"weakness: 'Degrades: promotion to senior roles, stretch-opportunity access, pay'"
weak-leader-emergence-executive-presence,1913,weakness,Weak Leader Emergence / 'Executive Presence' Deficit → Overlooked for Lead Roles,Emerging,4,threat /10,1,"weakness: 'Degrades: leadership emergence, perceived readiness, advancement to management'"
weak-mate-value-self-presentation,1914,weakness,Weak Mate-Value Self-Presentation → Under-Marketed in Courtship,Emerging,4,threat /10,2,"weakness: 'Degrades: Seductive, Entrepreneurial, Rhetorical, Aesthetic'"
weak-neighboring-anonymous-living,1915,weakness,Weak Neighboring (Anonymous-Neighborhood Living) → Thinner Local Support,Emerging,4,threat /10,2,"weakness: 'Degrades: Community, Social-Perceptual, Interpersonal, Emotional'"
pelvic-floor-dysfunction-incontinence,1916,weakness,Weak Pelvic-Floor Awareness & Control → Incontinence,Moderate,4,threat /10,2,"Degrades: Interoceptive, Bodily"
weak-respiratory-muscle-strength-sarcopenia,1917,weakness,Weak Respiratory (Breathing) Muscles → Respiratory Sarcopenia & Mortality,Moderate,4,threat /10,2,"Degrades: Bodily, Interoceptive"
weak-tie-dormant-tie-neglect,1918,weakness,Weak-Tie & Dormant-Tie Neglect → Missed Opportunity Flow,Moderate,4,threat /10,2,"weakness: 'Degrades: Community, Strategic, Entrepreneurial, Financial'"
chronic-job-hopping-hobo,1919,weakness,"Chronic Job-Hopping ('Hobo Syndrome') → Compounding Turnover, Capped Depth",Mixed,3,threat /10,2,"weakness: 'Degrades: firm-specific capital, wage ceiling, employer trust'"
relocation-mobility-inflexibility,1920,weakness,Geographic / Relocation Inflexibility → Forgone Promotions,Moderate,3,threat /10,2,"weakness: 'Degrades: promotion frequency and speed, opportunity set, earnings'"
poor-exertion-pacing-rpe,1921,weakness,Poor Effort Perception / Pacing → Overexertion & Overuse Injury,Emerging,3,threat /10,2,"Degrades: Interoceptive, Bodily"
interoceptive-discrepancy-athletes-overtraining,1922,weakness,Poor Interoceptive Read of Fatigue in Athletes → Overtraining & Injury,Emerging,3,threat /10,2,"Degrades: Interoceptive, Bodily"
low-flexibility-injury-honest,1923,weakness,Low Flexibility / Poor Range of Motion → Injury (Honest: Weak Evidence),Mixed,2,threat /10,2,Degrades: Bodily
guided-icbt,1924,practice,Guided Internet-Delivered CBT (iCBT),Strong,4,impact magnitude /5,2,"practice: 'Bolsters clusters: Emotional, Intrapersonal, Meta-Cognitive, Volitional'"
wearable-activity-trackers,1925,practice,Wearable Activity Trackers & Pedometers,Moderate,3,impact magnitude /5,2,"practice: 'Bolsters clusters: Bodily, Volitional, Meta-Cognitive, Interoceptive'"
mobile-smoking-cessation,1926,practice,Mobile Text & App Smoking Cessation,Moderate,3,impact magnitude /5,2,"practice: 'Bolsters clusters: Bodily, Volitional'"
food-logging-apps,1927,practice,Food-Logging & Calorie-Tracking Apps,Moderate,3,impact magnitude /5,2,"practice: 'Bolsters clusters: Bodily, Volitional, Meta-Cognitive, Interoceptive'"
digital-medication-adherence,1928,practice,Digital Medication-Adherence Tech (Reminders & Apps),Moderate,3,impact magnitude /5,2,"practice: 'Bolsters clusters: Volitional, Bodily, Meta-Cognitive'"
sms-health-interventions,1929,practice,Text-Message (SMS) Health Interventions,Moderate,3,impact magnitude /5,2,"practice: 'Bolsters clusters: Bodily, Volitional, Meta-Cognitive'"
digital-diabetes-prevention,1930,practice,Digital / Online Diabetes Prevention Programs,Moderate,3,impact magnitude /5,2,"practice: 'Bolsters clusters: Bodily, Volitional, Community, Meta-Cognitive'"
online-peer-support,1931,practice,Online Peer-Support Communities,Mixed,2,impact magnitude /5,2,"practice: 'Bolsters clusters: Community, Emotional, Interpersonal, Intrapersonal'"
smartwatch-af-screening,1932,practice,Smartwatch AF Screening (Apple Heart Study),Mixed,2,impact magnitude /5,2,"practice: 'Bolsters clusters: Bodily, Interoceptive, Street-Smarts'"
symptom-checker-apps,1933,practice,Symptom-Checker Apps & Online Triage,Mixed,2,impact magnitude /5,2,"practice: 'Bolsters clusters: Meta-Cognitive, Logical, Street-Smarts'"
telemonitoring-chronic-disease,1934,practice,Telehealth & Remote Monitoring for Chronic Disease,Mixed,3,impact magnitude /5,2,"practice: 'Bolsters clusters: Bodily, Systemic, Community'"
cgm-non-diabetic,1935,practice,Continuous Glucose Monitoring for Healthy (Non-Diabetic) People,Emerging,2,impact magnitude /5,2,"practice: 'Bolsters clusters: Interoceptive, Meta-Cognitive, Bodily'"
jitai-adaptive-interventions,1936,practice,Just-in-Time Adaptive Interventions (JITAIs),Emerging,2,impact magnitude /5,2,"practice: 'Bolsters clusters: Volitional, Meta-Cognitive, Bodily'"
smbg-noninsulin-t2d,1937,practice,Blood-Glucose Self-Testing in Non-Insulin Type 2 Diabetes,Mixed,2,impact magnitude /5,2,"practice: 'Bolsters clusters: Bodily, Meta-Cognitive, Volitional'"
levothyroxine-hypothyroidism,1938,practice,Levothyroxine for Hypothyroidism (Strong — but Not for Subclinical),Strong,4,impact magnitude /5,2,"practice: 'Bolsters clusters: Interoceptive, Emotional, Meta-Cognitive'"
combined-oral-contraceptives,1939,practice,Combined Oral Contraceptives (Benefits + VTE Risk),Strong,4,impact magnitude /5,2,"practice: 'Bolsters clusters: Strategic, Volitional, Bodily'"
ppis-gerd-longterm,1940,practice,"Proton Pump Inhibitors (Strong Benefit, Honest Long-Term Story)",Strong,4,impact magnitude /5,2,"practice: 'Bolsters clusters: Bodily, Interoceptive'"
topical-retinoids-acne,1941,practice,Topical Retinoids for Acne (Strong),Strong,4,impact magnitude /5,2,"practice: 'Bolsters clusters: Aesthetic, Interpersonal, Intrapersonal'"
allopurinol-gout,1942,practice,Allopurinol & Urate-Lowering for Gout (Strong),Strong,4,impact magnitude /5,2,"practice: 'Bolsters clusters: Bodily, Volitional'"
inhaled-therapy-asthma-copd,1943,practice,Inhaled Corticosteroids & Bronchodilators (Asthma/COPD),Strong,4,impact magnitude /5,2,"practice: 'Bolsters clusters: Bodily, Interoceptive, Volitional'"
tnf-inhibitors-autoimmune,1944,practice,TNF Inhibitors & Biologics for Autoimmune Disease,Strong,4,impact magnitude /5,2,"practice: 'Bolsters clusters: Bodily, Volitional, Interpersonal'"
triptans-acute-migraine,1945,practice,Triptans for Acute Migraine,Strong,4,impact magnitude /5,2,"practice: 'Bolsters clusters: Bodily, Volitional, Interpersonal'"
laxatives-ibs-secretagogues,1946,practice,Laxatives & IBS-C Secretagogues,Moderate,3,impact magnitude /5,2,"practice: 'Bolsters clusters: Bodily, Interoceptive'"
bisphosphonates-osteoporosis,1947,practice,Bisphosphonates for Osteoporosis (Honest NNT),Strong,3,impact magnitude /5,2,"practice: 'Bolsters clusters: Bodily, Volitional'"
nsaids-pain-inflammation,1948,practice,NSAIDs for Pain & Inflammation (Honest Harms),Strong,3,impact magnitude /5,2,"practice: 'Bolsters clusters: Bodily, Interoceptive, Volitional'"
cgrp-migraine-prevention,1949,practice,CGRP Monoclonal Antibodies for Migraine Prevention,Moderate,3,impact magnitude /5,2,"practice: 'Bolsters clusters: Bodily, Volitional, Interpersonal'"
menopausal-hormone-therapy,1950,practice,Menopausal Hormone Therapy (Honest — the WHI Nuance),Mixed,4,impact magnitude /5,3,"practice: 'Bolsters clusters: Interoceptive, Emotional, Bodily'"
methotrexate-anchor-dmard,1951,practice,Methotrexate — The Anchor DMARD,Strong,3,impact magnitude /5,2,"practice: 'Bolsters clusters: Bodily, Volitional'"
second-gen-antihistamines,1952,practice,Second-Generation Antihistamines (Allergy),Moderate,3,impact magnitude /5,2,"practice: 'Bolsters clusters: Bodily, Interoceptive, Meta-Cognitive'"
acetaminophen-oa-back-pain,1953,practice,Acetaminophen / Paracetamol (Honest — Modest at Best),Mixed,2,impact magnitude /5,2,"practice: 'Bolsters clusters: Bodily, Interoceptive'"
gabapentinoids-neuropathic-pain,1954,practice,"Gabapentinoids — Gabapentin & Pregabalin (Honest, Misuse Risk)",Mixed,2,impact magnitude /5,3,"practice: 'Bolsters clusters: Bodily, Interoceptive, Emotional'"
testosterone-therapy-hypogonadism,1955,practice,Testosterone Therapy (Honest — a Narrow Indication),Moderate,2,impact magnitude /5,2,"practice: 'Bolsters clusters: Seductive, Bodily, Interoceptive'"
faded-worked-examples,1956,practice,Faded Worked Examples & Completion Problems,Moderate,3,impact magnitude /5,2,"practice: 'Bolsters clusters: Logical, Mathematical, Meta-Cognitive'"
spaced-repetition-software,1957,practice,Spaced-Repetition Software (Anki),Moderate,3,impact magnitude /5,2,"practice: 'Bolsters clusters: Linguistic, Logical, Mathematical, Meta-Cognitive'"
performance-safety-checklists,1958,practice,Performance & Safety Checklists (Gawande-style),Mixed,3,impact magnitude /5,2,"practice: 'Bolsters clusters: Mechanical, Systemic, Strategic, Meta-Cognitive'"
cognitive-apprenticeship,1959,practice,Cognitive Apprenticeship (Model-Coach-Scaffold-Fade),Moderate,3,impact magnitude /5,2,"practice: 'Bolsters clusters: Meta-Cognitive, Logical, Strategic, Mechanical'"
crew-resource-management-training,1960,practice,Crew Resource Management (Non-Technical Skills) Training,Moderate,3,impact magnitude /5,2,"practice: 'Bolsters clusters: Leadership, Interpersonal, Social-Perceptual, Strategic'"
reciprocal-peer-teaching,1961,practice,Reciprocal Peer Teaching / Peer Tutoring,Moderate,3,impact magnitude /5,2,"practice: 'Bolsters clusters: Linguistic, Meta-Cognitive, Logical, Interpersonal'"
feedback-timing-immediate-vs-delayed,1962,practice,Feedback Timing (Immediate vs Delayed),Mixed,2,impact magnitude /5,2,"practice: 'Bolsters clusters: Meta-Cognitive, Logical'"
job-rotation-cross-training,1963,practice,Job Rotation & Cross-Training,Moderate,3,impact magnitude /5,2,"practice: 'Bolsters clusters: Systemic, Strategic, Entrepreneurial, Meta-Cognitive'"
professional-executive-coaching,1964,practice,Professional / Executive Coaching,Moderate,3,impact magnitude /5,2,"practice: 'Bolsters clusters: Leadership, Intrapersonal, Strategic, Volitional'"
microlearning,1965,practice,"Microlearning (Short, Focused Bursts)",Emerging,2,impact magnitude /5,2,"practice: 'Bolsters clusters: Meta-Cognitive, Linguistic'"
70-20-10-development-model,1966,practice,The 70-20-10 Development Model,Mixed,2,impact magnitude /5,2,"practice: 'Bolsters clusters: Meta-Cognitive, Strategic'"
learning-in-public,1967,practice,Learning in Public / Build in Public,Emerging,2,impact magnitude /5,2,"practice: 'Bolsters clusters: Rhetorical, Linguistic, Meta-Cognitive, Volitional'"
tabletop-scenario-rehearsal,1968,practice,Tabletop & Scenario Rehearsal Exercises,Emerging,2,impact magnitude /5,2,"practice: 'Bolsters clusters: Strategic, Systemic, Adversarial, Interpersonal'"
communities-of-practice,1969,practice,Communities of Practice,Emerging,2,impact magnitude /5,2,"practice: 'Bolsters clusters: Community, Interpersonal, Meta-Cognitive'"
stress-is-enhancing-mindset,1970,practice,Stress-Is-Enhancing Mindset (Crum),Moderate,3,impact magnitude /5,2,"practice: 'Bolsters clusters: Emotional, Meta-Cognitive, Adversarial, Volitional'"
support-seeking-tend-and-befriend,1971,practice,Social-Support-Seeking & Tend-and-Befriend Coping,Moderate,3,impact magnitude /5,2,"practice: 'Bolsters clusters: Interpersonal, Community, Emotional, Social-Perceptual'"
hardiness-training-maddi,1972,practice,Hardiness Training (Maddi),Moderate,3,impact magnitude /5,2,"practice: 'Bolsters clusters: Adversarial, Volitional, Existential, Intrapersonal'"
proactive-anticipatory-coping,1973,practice,Proactive / Anticipatory Coping (Aspinwall & Taylor),Moderate,3,impact magnitude /5,2,"practice: 'Bolsters clusters: Strategic, Volitional, Meta-Cognitive, Adversarial'"
emg-thermal-biofeedback-tension,1974,practice,Surface-EMG / Thermal Biofeedback for Muscle Tension,Moderate,3,impact magnitude /5,2,"practice: 'Bolsters clusters: Interoceptive, Bodily, Emotional, Volitional'"
emotional-approach-coping-stanton,1975,practice,Emotional Approach Coping (Stanton),Moderate,2,impact magnitude /5,2,"practice: 'Bolsters clusters: Emotional, Interoceptive, Intrapersonal, Linguistic'"
benson-relaxation-response,1976,practice,The Relaxation Response (Benson),Moderate,2,impact magnitude /5,2,"practice: 'Bolsters clusters: Interoceptive, Emotional, Bodily, Volitional'"
eft-tapping,1977,practice,Emotional Freedom Techniques (EFT Tapping),Mixed,2,impact magnitude /5,2,"practice: 'Bolsters clusters: Emotional, Interoceptive'"
tavns-non-invasive-vagus-stimulation,1978,practice,Non-Invasive Vagus Nerve Stimulation (taVNS),Emerging,2,impact magnitude /5,2,"practice: 'Bolsters clusters: Interoceptive, Emotional, Bodily'"
social-sharing-of-emotion-rime,1979,practice,Social Sharing of Emotion (Rimé),Mixed,2,impact magnitude /5,2,"practice: 'Bolsters clusters: Interpersonal, Emotional, Linguistic, Community'"
problem-focused-approach-coping,1980,practice,Problem-Focused (Approach) Coping,Moderate,2,impact magnitude /5,2,"practice: 'Bolsters clusters: Adversarial, Strategic, Volitional, Emotional'"
coping-flexibility-training,1981,practice,Coping Flexibility Training,Emerging,2,impact magnitude /5,2,"practice: 'Bolsters clusters: Adversarial, Meta-Cognitive, Emotional, Volitional'"
exercise-stress-buffer-cross-stressor,1982,practice,Exercise as a Stress Buffer (Cross-Stressor Adaptation),Mixed,2,impact magnitude /5,2,"practice: 'Bolsters clusters: Bodily, Emotional, Interoceptive, Adversarial'"
resilience-training-programs,1983,practice,Resilience-Training Programs (Workplace/General),Moderate,2,impact magnitude /5,2,"practice: 'Bolsters clusters: Adversarial, Emotional, Volitional, Community'"
beta-alanine-ergogenic,1984,practice,Beta-Alanine for High-Intensity Exercise,Strong,3,impact magnitude /5,2,"practice: 'Bolsters clusters: Bodily, Volitional'"
acetyl-l-carnitine-neuropathy-mood,1985,practice,Acetyl-L-Carnitine for Neuropathic Pain & Mood,Moderate,3,impact magnitude /5,2,"practice: 'Bolsters clusters: Bodily, Emotional, Interoceptive'"
boswellia-oa,1986,practice,Boswellia serrata for Osteoarthritis,Moderate,3,impact magnitude /5,2,practice: 'Bolsters clusters: Bodily'
same-depression,1987,practice,SAMe (S-Adenosylmethionine) for Depression,Moderate,3,impact magnitude /5,2,"practice: 'Bolsters clusters: Emotional, Intrapersonal'"
alpha-lipoic-acid-neuropathy,1988,practice,Alpha-Lipoic Acid for Diabetic Neuropathy,Moderate,3,impact magnitude /5,2,"practice: 'Bolsters clusters: Bodily, Interoceptive'"
quercetin-blood-pressure,1989,practice,Quercetin for Blood Pressure,Moderate,2,impact magnitude /5,2,practice: 'Bolsters clusters: Bodily'
citrulline-malate-exercise,1990,practice,Citrulline / Citrulline Malate for Training Volume,Moderate,2,impact magnitude /5,2,"practice: 'Bolsters clusters: Bodily, Volitional'"
glycine-sleep,1991,practice,Glycine Before Bed for Sleep,Emerging,2,impact magnitude /5,2,"practice: 'Bolsters clusters: Sleep quality, Interoceptive, Meta-Cognitive'"
tart-cherry-sleep-recovery,1992,practice,Tart Cherry for Sleep & Exercise Recovery,Emerging,2,impact magnitude /5,2,"practice: 'Bolsters clusters: Sleep quality, Bodily, Interoceptive'"
5-htp-depression,1993,practice,5-HTP for Depression & Mood,Emerging,2,impact magnitude /5,2,practice: 'Bolsters clusters: Emotional'
inositol-pcos,1994,practice,Inositol for PCOS (Metabolic & Ovulatory),Emerging,2,impact magnitude /5,2,"practice: 'Bolsters clusters: Bodily, Interoceptive'"
phosphatidylserine-cognition,1995,practice,Phosphatidylserine for Age-Related Memory,Emerging,2,impact magnitude /5,2,"practice: 'Bolsters clusters: Meta-Cognitive, Pattern-Recognition'"
taurine-aging,1996,practice,Taurine (The Aging Hype vs. the Human Reality),Emerging,1,impact magnitude /5,2,"practice: 'Bolsters clusters: Bodily, Interoceptive, Existential'"
collagen-skin-joint,1997,practice,Collagen Peptides for Skin & Joints,Mixed,1,impact magnitude /5,2,"practice: 'Bolsters clusters: Aesthetic, Bodily'"
glucosamine-chondroitin-oa,1998,practice,Glucosamine & Chondroitin for Osteoarthritis,Mixed,1,impact magnitude /5,2,practice: 'Bolsters clusters: Bodily'
cost-oral-cavity-cancer,1999,cost,"Oral Cavity Cancer — Losing Speech, Swallowing, and Face",Strong,5,harm severity /5,2,"Degrades: Linguistic, Bodily, Interpersonal, Seductive, Emotional"
beta-thalassemia-major,2000,cost,Transfusion-Dependent Thalassemia & Iron Overload,Strong,5,harm severity /5,2,"Degrades: Bodily, Financial, Emotional, Volitional"
class-iii-severe-obesity,2001,cost,Class III (Severe) Obesity — BMI ≥40,Strong,5,harm severity /5,2,"Degrades: Bodily, Financial, Emotional, Volitional"
hemophilia-arthropathy,2002,cost,Hemophilia & Hemophilic Arthropathy,Strong,4,harm severity /5,2,"Degrades: Bodily, Financial, Volitional, Emotional"
graves-hyperthyroidism-chronic-burden,2003,cost,Graves' Disease & Chronic Hyperthyroidism,Strong,4,harm severity /5,2,"Degrades: Bodily, Emotional, Interoceptive, Financial"
cost-pressure-injuries,2004,cost,Pressure Injuries — Bedsores That Kill by Sepsis,Strong,4,harm severity /5,2,"Degrades: Bodily, Interoceptive, Emotional, Financial"
cost-hidradenitis-suppurativa,2005,cost,Hidradenitis Suppurativa — The Painful Disease Diagnosed a Decade Late,Strong,4,harm severity /5,2,"Degrades: Seductive, Interpersonal, Emotional, Intrapersonal, Bodily"
cost-vitiligo-psychosocial,2006,cost,Vitiligo — Depigmentation and the Weight of Stigma,Strong,3,harm severity /5,1,"Degrades: Seductive, Intrapersonal, Interpersonal, Emotional, Aesthetic"
cost-atopic-dermatitis-eczema,2007,cost,Atopic Dermatitis (Eczema) — The Itch That Costs Sleep and Mood,Strong,3,harm severity /5,2,"Degrades: Emotional, Interoceptive, Interpersonal, Intrapersonal, Seductive"
cost-acne-scarring-psychological,2008,cost,"Severe Acne — Scars on the Face, and the Self",Strong,3,harm severity /5,2,"Degrades: Intrapersonal, Seductive, Interpersonal, Emotional, Social-Perceptual"
cost-untreated-dental-caries,2009,cost,Untreated Dental Caries — The Most Common Disease on Earth,Strong,3,harm severity /5,2,"Degrades: Bodily, Emotional, Financial, Interpersonal"
acute-intermittent-porphyria,2010,cost,Acute Hepatic Porphyria (Neurovisceral Attacks),Emerging,4,harm severity /5,2,"Degrades: Bodily, Interoceptive, Emotional, Volitional"
hereditary-hemochromatosis,2011,cost,Hereditary Hemochromatosis (Iron Overload),Moderate,4,harm severity /5,2,"Degrades: Bodily, Emotional, Interoceptive, Financial"
inherited-thrombophilia,2012,cost,Thrombophilia (Factor V Leiden & Antiphospholipid Syndrome),Moderate,3,harm severity /5,2,"Degrades: Bodily, Parental, Financial, Emotional"
wilson-disease,2013,cost,Wilson's Disease (Copper Accumulation),Moderate,4,harm severity /5,2,"Degrades: Bodily, Meta-Cognitive, Emotional, Linguistic"
cost-edentulism-tooth-loss,2014,cost,Edentulism & Tooth Loss — When the Mouth Can No Longer Nourish,Moderate,3,harm severity /5,2,"Degrades: Bodily, Interpersonal, Intrapersonal, Seductive, Financial"
chronic-hypoparathyroidism,2015,cost,Chronic Hypoparathyroidism,Moderate,3,harm severity /5,2,"Degrades: Bodily, Interoceptive, Emotional, Meta-Cognitive"
cost-chronic-spontaneous-urticaria,2016,cost,"Chronic Spontaneous Urticaria — Hives Without a Trigger, Wearing You Down",Moderate,3,harm severity /5,1,"Degrades: Emotional, Interoceptive, Intrapersonal, Interpersonal"
cost-alopecia-hair-loss-psychosocial,2017,cost,Alopecia — Hair Loss and Its Quiet Psychological Bill,Strong,2,harm severity /5,1,"Degrades: Seductive, Intrapersonal, Interpersonal, Emotional"
cost-chronic-otitis-media-cholesteatoma,2018,cost,"Chronic Otitis Media & Cholesteatoma — Draining Ears, Fading Hearing",Moderate,3,harm severity /5,2,"Degrades: Linguistic, Interpersonal, Musical, Community"
cost-chronic-rhinosinusitis,2019,cost,Chronic Rhinosinusitis — A COPD-Level Quality-of-Life Hit,Moderate,3,harm severity /5,2,"Degrades: Emotional, Interoceptive, Intrapersonal, Meta-Cognitive"
primary-hyperparathyroidism,2020,cost,Primary Hyperparathyroidism,Moderate,3,harm severity /5,2,"Degrades: Bodily, Meta-Cognitive, Emotional, Financial"
primary-immunodeficiency-cvid,2021,cost,Primary Immunodeficiency (CVID) & Recurrent Infection,Moderate,3,harm severity /5,2,"Degrades: Bodily, Community, Financial, Volitional"
chronic-hyponatremia,2022,cost,Chronic Hyponatremia (Low Sodium),Moderate,3,harm severity /5,2,"Degrades: Bodily, Spatial, Meta-Cognitive, Interoceptive"
cost-dry-eye-disease,2023,cost,"Dry Eye Disease — Gritty Eyes, Dimmer Days",Strong,2,harm severity /5,2,"Degrades: Emotional, Intrapersonal, Financial, Linguistic"
cost-rosacea-psychosocial,2024,cost,"Rosacea — Flushing, Visibility, and Mood",Strong,2,harm severity /5,1,"Degrades: Seductive, Intrapersonal, Interpersonal, Emotional"
cost-allergic-rhinitis-burden,2025,cost,Allergic Rhinitis — The 'Trivial' Disease That Drains Productivity,Strong,2,harm severity /5,2,"Degrades: Meta-Cognitive, Emotional, Financial, Interoceptive"
cost-voice-disorders-dysphonia,2026,cost,Voice Disorders (Dysphonia) — When the Instrument of Your Trade Fails,Moderate,2,harm severity /5,2,"Degrades: Rhetorical, Linguistic, Interpersonal, Financial, Leadership"
subclinical-hypothyroidism-overtreatment,2027,cost,Subclinical Hypothyroidism — Symptom Burden & the Treatment Null,Mixed,2,harm severity /5,2,"Degrades: Bodily, Emotional, Intrapersonal, Financial"
lipedema,2028,cost,Lipedema (Painful Fat Disorder),Emerging,2,harm severity /5,2,"Degrades: Bodily, Aesthetic, Emotional, Volitional"
prediabetes-progression,2029,cost,"Prediabetes — A Dynamic, Reversible Risk State",Moderate,2,harm severity /5,2,"Degrades: Bodily, Volitional, Financial, Systemic"
complicated-grief-treatment,2030,practice,Complicated Grief Treatment / Prolonged Grief Therapy (Shear),Strong,4,impact magnitude /5,2,"practice: 'Bolsters clusters: Emotional, Existential, Intrapersonal'"
telehealth-videoconferencing-psychotherapy,2031,practice,Telehealth / Videoconferencing Psychotherapy (Non-Inferior),Strong,4,impact magnitude /5,2,"practice: 'Bolsters clusters: Emotional, Meta-Cognitive, Interpersonal'"
erp-ocd,2032,practice,Exposure & Response Prevention for OCD (ERP),Strong,4,impact magnitude /5,2,"practice: 'Bolsters clusters: Emotional, Volitional, Adversarial'"
icbt-guided-andersson,2033,practice,Internet-Delivered CBT (Guided iCBT — Andersson),Strong,4,impact magnitude /5,2,"practice: 'Bolsters clusters: Emotional, Meta-Cognitive, Intrapersonal'"
guided-self-help-licbt,2034,practice,Guided Self-Help / Low-Intensity CBT (Stepped Care),Moderate,3,impact magnitude /5,2,"practice: 'Bolsters clusters: Emotional, Volitional, Meta-Cognitive'"
behavioral-experiments,2035,practice,Behavioral Experiments (Distinct CBT Component),Moderate,3,impact magnitude /5,2,"practice: 'Bolsters clusters: Meta-Cognitive, Emotional, Adversarial'"
single-session-therapy,2036,practice,Single-Session Therapy / Interventions (Talmon),Moderate,2,impact magnitude /5,2,"practice: 'Bolsters clusters: Emotional, Volitional, Intrapersonal'"
rebt-ellis,2037,practice,Rational Emotive Behavior Therapy (REBT — Ellis),Moderate,3,impact magnitude /5,2,"practice: 'Bolsters clusters: Logical, Emotional, Meta-Cognitive'"
well-being-therapy-fava,2038,practice,Well-Being Therapy (Fava),Moderate,3,impact magnitude /5,2,"practice: 'Bolsters clusters: Emotional, Intrapersonal, Existential'"
positive-psychotherapy,2039,practice,Positive Psychotherapy (Seligman/Rashid),Moderate,2,impact magnitude /5,2,"practice: 'Bolsters clusters: Emotional, Existential, Intrapersonal'"
transference-focused-psychotherapy,2040,practice,Transference-Focused Psychotherapy (TFP),Moderate,3,impact magnitude /5,2,"practice: 'Bolsters clusters: Intrapersonal, Emotional, Interpersonal'"
emotion-focused-therapy-individual,2041,practice,Emotion-Focused Therapy for Individuals (Greenberg),Moderate,3,impact magnitude /5,2,"practice: 'Bolsters clusters: Emotional, Intrapersonal, Interoceptive'"
app-based-cbt-honest,2042,practice,Smartphone App-Based CBT (Honest — Small Effects),Mixed,2,impact magnitude /5,2,"practice: 'Bolsters clusters: Emotional, Meta-Cognitive, Volitional'"
functional-analytic-psychotherapy,2043,practice,Functional Analytic Psychotherapy (FAP),Emerging,2,impact magnitude /5,2,"practice: 'Bolsters clusters: Interpersonal, Emotional, Social-Perceptual'"
memory-specificity-training,2044,practice,Memory Specificity Training (MEST),Emerging,2,impact magnitude /5,2,"practice: 'Bolsters clusters: Emotional, Meta-Cognitive, Intrapersonal'"
coherence-therapy-reconsolidation,2045,practice,Coherence Therapy / Memory Reconsolidation (Honest — Unproven),Emerging,1,impact magnitude /5,2,"practice: 'Bolsters clusters: Emotional, Intrapersonal, Meta-Cognitive'"
home-fire-safety-neglect,2046,weakness,Non-Working Smoke Alarm / Home Fire-Safety Neglect → Fire Death,Strong,7,threat /10,2,"Degrades: household safety foresight, hazard prevention"
password-reuse-poor-security-hygiene,2047,weakness,Password Reuse & Poor Digital-Security Hygiene → Cascading Account Takeover,Strong,5,threat /10,2,"Degrades: digital self-protection, financial security, privacy"
phishing-susceptibility,2048,weakness,Phishing Susceptibility → Account & Financial Compromise,Moderate,5,threat /10,2,"Degrades: digital self-protection, threat detection, asset security"
poor-divided-attention-dual-task,2049,weakness,Poor Divided Attention / Dual-Task Cost,Moderate,5,threat /10,2,"Degrades: multitasking safety, visual-field scanning, performance when splitting focus"
poor-speech-in-noise-cocktail-party,2050,weakness,Poor Speech-in-Noise / Cocktail-Party Failure,Moderate,5,threat /10,2,"Degrades: following talk in crowds, auditory stream segregation, social participation"
false-memory-misinformation-susceptibility,2051,weakness,Susceptibility to False Memories,Strong,5,threat /10,3,"Degrades: eyewitness reliability, resistance to suggestion, accurate autobiographical recall"
weak-inhibitory-control-response,2052,weakness,Weak Inhibitory Control (Response Inhibition),Moderate,5,threat /10,2,"Degrades: suppressing prepotent responses, error avoidance, self-override"
central-auditory-processing-deficit,2053,weakness,Central Auditory Processing Deficit,Mixed,4,threat /10,2,"Degrades: understanding speech in noise, following instructions, phonological learning"
diy-overconfidence-injury,2054,weakness,DIY Overconfidence → Home-Improvement Injury & Damage,Emerging,4,threat /10,2,"Degrades: hazard calibration, self-assessment of skill, physical safety"
deferred-home-maintenance,2055,weakness,Deferred-Maintenance Blindness → Escalating Repair & Value Loss,Moderate,4,threat /10,2,"Degrades: household financial foresight, asset preservation, planning"
everyday-cognitive-failures,2056,weakness,"Everyday Cognitive Failures / Absent-Mindedness → Lost Keys, Slips & Accidents",Moderate,4,threat /10,2,"Degrades: everyday reliability, action-slip control, minor-hazard safety"
fine-print-nonreading,2057,weakness,Fine-Print & Terms-of-Service Blindness → Signing Away Rights,Strong,4,threat /10,2,"Degrades: contract literacy, self-protection, financial risk control"
emergency-preparedness-neglect,2058,weakness,Household Emergency-Preparedness Neglect → Avoidable Disaster Harm,Moderate,4,threat /10,2,"Degrades: contingency foresight, resilience to shocks"
poor-selective-attention-distractibility,2059,weakness,Poor Selective Attention / High Distractibility,Moderate,4,threat /10,2,"Degrades: staying on-task, ignoring irrelevant input, accurate work under clutter"
poor-source-reality-monitoring,2060,weakness,Poor Source / Reality Monitoring,Moderate,4,threat /10,2,"Degrades: knowing where a memory came from, self-vs-external attribution, trust in own recall"
poor-time-perception-interval-timing,2061,weakness,Poor Time Perception / Interval Timing,Moderate,4,threat /10,2,"Degrades: pacing, duration estimation, punctuality, rhythm-dependent tasks"
sensory-over-responsivity-overload,2062,weakness,Sensory Over-Responsivity / Poor Filtering,Moderate,4,threat /10,2,"Degrades: tolerating busy environments, staying regulated, participation in daily life"
consumer-persuasion-susceptibility,2063,weakness,Susceptibility to Marketing & Persuasion Cues → Manipulated Purchases,Moderate,4,threat /10,2,"Degrades: consumer self-defense, resistance to influence tactics, budget control"
vigilance-decrement-sustained-attention,2064,weakness,Vigilance Decrement (Sustained-Attention Fade),Strong,4,threat /10,2,"Degrades: monitoring rare signals, safety-critical watchkeeping, long-task reliability"
weak-attentional-executive-control,2065,weakness,Weak Attentional / Executive Control,Moderate,4,threat /10,2,"Degrades: goal-directed focus under pressure, resisting stimulus-driven capture, efficiency"
weak-metamemory-monitoring,2066,weakness,Weak Metamemory / Poor Monitoring Accuracy,Moderate,4,threat /10,2,"Degrades: knowing what you know, study efficiency, calibrated confidence"
choice-overload-paralysis,2067,weakness,"Choice Overload → Paralysis, Deferral & Regret",Mixed,3,threat /10,2,"Degrades: everyday decision-making, consumer follow-through, satisfaction"
clutter-disorganization-proneness,2068,weakness,"Clutter & Disorganization Proneness → Lost Time, Money & Calm",Emerging,3,threat /10,2,"Degrades: environmental order, prospective memory cues, stress recovery"
low-p50-sensory-gating,2069,weakness,Low Sensory Gating (P50 Suppression Deficit),Moderate,3,threat /10,2,"Degrades: automatic filtering of redundant input, protection from flooding, cognition"
poor-comparison-shopping-price-search,2070,weakness,Poor Comparison-Shopping / Price-Search → Chronic Overpaying,Moderate,3,threat /10,2,"Degrades: financial efficiency, market savvy, price discipline"
food-waste-poor-meal-planning,2071,weakness,Poor Meal-Planning & Food Waste → Quiet Household Money Leak,Moderate,3,threat /10,2,"Degrades: household financial efficiency, planning, resourcefulness"
weak-multisensory-cross-modal-integration,2072,weakness,Weak Multisensory / Cross-Modal Integration,Moderate,3,threat /10,2,"Degrades: fusing sight+sound, lip-read speech, coherent perception in noise"
attentional-blink-susceptibility,2073,weakness,Attentional-Blink Susceptibility,Emerging,2,threat /10,2,"Degrades: catching a second rapid signal, dense-stream monitoring, temporal attention"
weak-ignoring-sleepiness-drowsy-driving,2074,weakness,Ignoring Sleepiness Cues → Drowsy Driving,Strong,7,threat /10,2,"Degrades: Interoceptive, Volitional, Bodily"
weak-chronic-hypnotic-reliance,2075,weakness,Chronic Hypnotic (Sleeping-Pill) Reliance,Moderate,6,threat /10,2,"Degrades: Volitional, Interoceptive, Meta-Cognitive"
weak-conditioned-arousal-bed,2076,weakness,Conditioned Arousal to the Bed (Sleep-Incompatible Bed Use),Moderate,6,threat /10,2,"Degrades: Bodily, Volitional, Interoceptive"
confirmation-bias-disconfirmation-neglect,2077,weakness,Confirmation Bias → Neglect of Disconfirming Evidence,Strong,6,threat /10,3,"Degrades: Logical, Meta-Cognitive, Adversarial"
weak-dysfunctional-beliefs-about-sleep,2078,weakness,Dysfunctional Beliefs & Attitudes About Sleep,Strong,6,threat /10,2,"Degrades: Meta-Cognitive, Volitional, Emotional"
food-cue-reactivity-reward-driven,2079,weakness,Food-Cue Reactivity / Reward-Driven Eating → Craving & Weight Gain,Strong,6,threat /10,2,"Degrades: Interoceptive, Volitional, Emotional"
low-satiety-high-food-responsiveness,2080,weakness,Low Satiety Responsiveness / High Food Responsiveness → Adiposity Gain,Strong,6,threat /10,2,"Degrades: Interoceptive, Bodily"
weak-low-sleep-priority,2081,weakness,Low Sleep Priority / Devaluing Sleep,Emerging,6,threat /10,2,"Degrades: Volitional, Meta-Cognitive, Bodily"
weak-presleep-cognitive-arousal,2082,weakness,Pre-Sleep Cognitive Arousal (Racing Mind),Strong,6,threat /10,2,"Degrades: Interoceptive, Volitional, Meta-Cognitive, Emotional"
weak-sleep-effort-trying-too-hard,2083,weakness,Sleep Effort — Trying Too Hard to Sleep,Moderate,6,threat /10,2,"Degrades: Volitional, Meta-Cognitive, Interoceptive"
weak-catastrophizing-sleep-loss,2084,weakness,Catastrophizing About the Consequences of Sleep Loss,Moderate,5,threat /10,1,"Degrades: Meta-Cognitive, Emotional, Existential"
weak-clock-watching-time-monitoring,2085,weakness,Clock-Watching / Nocturnal Time Monitoring,Moderate,5,threat /10,1,"Degrades: Volitional, Meta-Cognitive, Interoceptive"
conspiracy-mentality,2086,weakness,Conspiracy Mentality → Distorted Trust & Bad Bets,Moderate,5,threat /10,3,"Degrades: Meta-Cognitive, Logical, Social-Perceptual"
continued-influence-misinformation,2087,weakness,Continued Influence of Misinformation → Corrections Don't Stick,Strong,5,threat /10,3,"Degrades: Meta-Cognitive, Logical, Pattern-Recognition"
dogmatism-cognitive-rigidity,2088,weakness,Dogmatism / Cognitive Rigidity → Frozen Beliefs,Emerging,5,threat /10,3,"Degrades: Meta-Cognitive, Logical, Interpersonal"
eating-in-absence-of-hunger,2089,weakness,Eating in the Absence of Hunger (EAH) → Adiposity Gains,Moderate,5,threat /10,2,"Degrades: Interoceptive, Volitional"
fast-eating-pace,2090,weakness,Fast Eating Pace → Higher BMI & Metabolic Risk,Strong,5,threat /10,2,"Degrades: Interoceptive, Bodily"
grazing-picking-nibbling,2091,weakness,Grazing / Picking & Nibbling → Unstructured Overintake,Moderate,5,threat /10,2,"Degrades: Volitional, Interoceptive"
hedonic-hunger-power-of-food,2092,weakness,Hedonic Hunger (Power-of-Food) → Preoccupation & Loss-of-Control Eating,Moderate,5,threat /10,2,"Degrades: Interoceptive, Volitional, Emotional"
need-for-cognitive-closure,2093,weakness,High Need for Closure → Premature Seizing & Freezing,Moderate,5,threat /10,3,"Degrades: Meta-Cognitive, Logical, Strategic"
illusory-truth-effect,2094,weakness,Illusory Truth Effect → Repetition Breeds Belief,Strong,5,threat /10,3,"Degrades: Meta-Cognitive, Logical, Pattern-Recognition"
jumping-to-conclusions,2095,weakness,Jumping-to-Conclusions → Deciding on Too Little Data,Moderate,5,threat /10,2,"Degrades: Logical, Meta-Cognitive, Pattern-Recognition"
night-eating-syndrome,2096,weakness,Night-Eating Pattern (NES) → Circadian-Delayed Overconsumption,Moderate,5,threat /10,2,"Degrades: Volitional, Interoceptive, Emotional"
anecdote-over-statistics,2097,weakness,Overweighting Anecdotes over Statistical Evidence,Moderate,5,threat /10,3,"Degrades: Logical, Meta-Cognitive, Financial"
weak-poor-light-hygiene-behavior,2098,weakness,Poor Light-Hygiene Behavior (Circadian),Moderate,5,threat /10,2,"Degrades: Bodily, Interoceptive, Volitional"
portion-size-susceptibility,2099,weakness,Portion-Size Susceptibility → The Portion-Distortion Effect,Strong,5,threat /10,2,"Degrades: Interoceptive, Volitional"
restrained-eating-disinhibition,2100,weakness,Restrained Eating / Chronic Dieting → Disinhibited Overeating,Moderate,5,threat /10,3,"Degrades: Interoceptive, Volitional"
weak-sleep-hypervigilance-monitoring,2101,weakness,Sleep-Related Hypervigilance & Threat Monitoring,Moderate,5,threat /10,2,"Degrades: Interoceptive, Meta-Cognitive, Emotional"
weak-no-winddown-buffer,2102,weakness,Weak Wind-Down / No Pre-Sleep Buffer Zone,Emerging,5,threat /10,2,"Degrades: Volitional, Interoceptive, Meta-Cognitive"
weak-cannabis-sleep-aid-reliance,2103,weakness,Cannabis as a Sleep Aid Reliance,Mixed,4,threat /10,2,"Degrades: Volitional, Interoceptive, Meta-Cognitive"
distracted-inattentive-eating,2104,weakness,Distracted / Inattentive Eating → Impaired Intake Memory,Moderate,4,threat /10,2,"Degrades: Interoceptive, Volitional"
external-eating-cue-driven,2105,weakness,External Eating (Schachter Externality) → Cue-Triggered Intake,Mixed,4,threat /10,2,"Degrades: Interoceptive, Volitional"
magical-thinking-paranormal,2106,weakness,Magical Thinking & Paranormal Ideation → Unreality-Weighted Choices,Moderate,4,threat /10,3,"Degrades: Logical, Meta-Cognitive, Pattern-Recognition"
promiscuous-teleology-intentionality,2107,weakness,Promiscuous Teleology & Intentionality Bias → Purpose Where There Is None,Moderate,4,threat /10,3,"Degrades: Logical, Meta-Cognitive, Existential"
proportionality-bias,2108,weakness,Proportionality Bias → 'Big Events Need Big Causes',Emerging,4,threat /10,3,"Degrades: Logical, Meta-Cognitive, Pattern-Recognition"
pseudo-profound-bullshit-receptivity,2109,weakness,Pseudo-Profound Bullshit Receptivity,Moderate,4,threat /10,3,"Degrades: Meta-Cognitive, Logical, Adversarial"
weak-eating-competence-satter,2110,weakness,Weak Eating Competence (Satter ecSatter) → Poorer Diet & Cardiometabolic Profile,Moderate,4,threat /10,2,"Degrades: Interoceptive, Emotional, Volitional"
weight-cycling-yo-yo,2111,weakness,Weight Cycling / Yo-Yo Dieting → Cardiometabolic & Mortality Risk,Mixed,4,threat /10,3,"Degrades: Bodily, Volitional"
weekend-warrior-pattern,2112,practice,Weekend-Warrior Activity Pattern,Strong,4,impact magnitude /5,2,"practice: Bolsters Bodily, Volitional, Existential"
rt-volume-dose-response-hypertrophy,2113,practice,Training-Volume Dose-Response (Hypertrophy),Strong,4,impact magnitude /5,1,"practice: Bolsters Bodily, Volitional, Strategic"
vilpa-incidental-activity,2114,practice,VILPA (Incidental Vigorous Bursts),Emerging,4,impact magnitude /5,1,"practice: Bolsters Bodily, Interoceptive, Volitional"
minimal-dose-single-set,2115,practice,Single-Set / Minimal-Dose Strength Training,Moderate,3,impact magnitude /5,2,"practice: Bolsters Bodily, Volitional"
circuit-resistance-training,2116,practice,Circuit Resistance Training,Moderate,3,impact magnitude /5,1,"practice: Bolsters Bodily, Interoceptive, Volitional"
rpe-rir-autoregulation,2117,practice,RPE / Reps-in-Reserve Autoregulation,Moderate,3,impact magnitude /5,2,"practice: Bolsters Interoceptive, Meta-Cognitive, Volitional"
periodization-linear-undulating,2118,practice,Periodization (Linear vs Undulating),Moderate,3,impact magnitude /5,2,"practice: Bolsters Bodily, Strategic, Meta-Cognitive"
tapering-peaking,2119,practice,Tapering for Peak Performance,Strong,3,impact magnitude /5,1,"practice: Bolsters Bodily, Strategic, Meta-Cognitive"
velocity-based-training,2120,practice,Velocity-Based Training (VBT),Mixed,3,impact magnitude /5,1,"practice: Bolsters Bodily, Interoceptive, Meta-Cognitive"
drop-sets-rest-pause,2121,practice,Drop Sets & Rest-Pause,Moderate,3,impact magnitude /5,1,"practice: Bolsters Bodily, Volitional"
exercise-timing-morning-evening,2122,practice,Exercise Timing: Morning vs Evening,Emerging,2,impact magnitude /5,1,"practice: Bolsters Bodily, Interoceptive, Strategic"
pnf-stretching,2123,practice,PNF Stretching (Contract-Relax),Moderate,2,impact magnitude /5,2,"practice: Bolsters Bodily, Interoceptive"
cluster-sets,2124,practice,Cluster Sets,Mixed,2,impact magnitude /5,2,"practice: Bolsters Bodily, Interoceptive"
polarized-threshold-distribution,2125,practice,Polarized vs Threshold Endurance Distribution,Mixed,2,impact magnitude /5,2,"practice: Bolsters Bodily, Strategic, Interoceptive"
fasted-cardio-null,2126,practice,Fasted Cardio (Honest Null),Mixed,1,impact magnitude /5,2,practice: Bolsters Bodily
portal-hypertension-variceal-hemorrhage,2127,cost,Portal Hypertension → Variceal Hemorrhage,Strong,5,harm severity /5,2,"Degrades: Existential, Bodily, Interoceptive, Emotional"
dialysis-dependent-esrd,2128,cost,Dialysis-Dependent Kidney Failure (ESRD),Strong,5,harm severity /5,2,"Degrades: Bodily, Volitional, Financial, Existential, Community"
short-bowel-intestinal-failure,2129,cost,Short Bowel Syndrome / Chronic Intestinal Failure,Moderate,5,harm severity /5,2,"Degrades: Bodily, Interoceptive, Volitional, Financial, Existential"
adpkd,2130,cost,Autosomal Dominant Polycystic Kidney Disease (ADPKD),Strong,4,harm severity /5,2,"Degrades: Bodily, Existential, Parental, Financial"
acute-pancreatitis-severe,2131,cost,Acute (Severe / Necrotizing) Pancreatitis,Strong,4,harm severity /5,2,"Degrades: Bodily, Interoceptive, Existential, Financial"
acute-kidney-injury,2132,cost,Acute Kidney Injury (AKI),Strong,4,harm severity /5,2,"Degrades: Bodily, Interoceptive, Existential, Strategic"
bladder-cancer,2133,cost,Bladder Cancer,Strong,4,harm severity /5,2,"Degrades: Bodily, Existential, Financial, Seductive"
kidney-cancer-rcc,2134,cost,Kidney Cancer (Renal Cell Carcinoma),Strong,4,harm severity /5,2,"Degrades: Bodily, Existential, Financial"
fecal-incontinence,2135,cost,Fecal Incontinence,Strong,3,harm severity /5,2,"Degrades: Social-Perceptual, Interpersonal, Community, Intrapersonal, Emotional"
peptic-ulcer-upper-gi-bleed,2136,cost,Peptic Ulcer Disease → Upper GI Bleeding,Strong,3,harm severity /5,2,"Degrades: Bodily, Interoceptive, Financial, Emotional"
nephrotic-syndrome,2137,cost,Nephrotic Syndrome (Adults),Moderate,3,harm severity /5,2,"Degrades: Bodily, Interoceptive, Existential"
gallstone-cholecystitis,2138,cost,Gallstone Disease & Acute Cholecystitis,Strong,3,harm severity /5,2,"Degrades: Bodily, Interoceptive, Financial"
bph-acute-urinary-retention,2139,cost,BPH → Acute Urinary Retention & Complications,Moderate,3,harm severity /5,2,"Degrades: Bodily, Interoceptive, Seductive, Emotional"
overactive-bladder,2140,cost,Overactive Bladder (OAB),Moderate,2,harm severity /5,2,"Degrades: Social-Perceptual, Interpersonal, Emotional, Intrapersonal, Bodily"
betrayal-blindness,2141,weakness,Betrayal Blindness → Staying Loyal to Those Who Exploit You,Emerging,6,threat /10,2,"Degrades: Social-Perceptual, Adversarial"
cynical-distrust-hostility,2142,weakness,"Cynical Distrust → Isolation, Heart Disease & Early Death",Moderate,6,threat /10,3,"Degrades: Interpersonal, Community"
coalition-formation-neglect,2143,weakness,Coalition-Formation Neglect → Initiatives That Die for Lack of Backers,Mixed,5,threat /10,2,"Degrades: Leadership, Strategic"
failed-repair-attempts,2144,weakness,Failed Repair Attempts → Fights That Never De-Escalate,Mixed,5,threat /10,2,"Degrades: Interpersonal, Emotional"
failure-to-apologize,2145,weakness,Failure to Apologize → Conflicts That Never Close,Moderate,5,threat /10,2,"Degrades: Moral, Interpersonal"
loyalty-over-ethics,2146,weakness,In-Group Loyalty Over Ethics → Complicity & Cover-Ups,Moderate,5,threat /10,2,"Degrades: Moral, Community"
malicious-envy-undermining,2147,weakness,Malicious Envy → Undermining & Sabotaging Rivals,Moderate,5,threat /10,3,"Degrades: Moral, Interpersonal"
miscalibrated-overtrust,2148,weakness,Miscalibrated Over-Trust → Exploitation by the Untrustworthy,Mixed,5,threat /10,2,"Degrades: Adversarial, Social-Perceptual"
norm-misperception-pluralistic-ignorance,2149,weakness,Norm Misperception → Conforming to a Norm Nobody Actually Holds,Moderate,5,threat /10,3,"Degrades: Social-Perceptual, Community"
reputation-management-neglect,2150,weakness,Reputation-Management Neglect → The Unattended Digital Footprint,Emerging,5,threat /10,2,"Degrades: Social-Perceptual, Strategic"
unmitigated-communion-overgiving,2151,weakness,"Unmitigated Communion → Over-Giving, Self-Neglect & Burnout",Moderate,5,threat /10,2,"Degrades: Intrapersonal, Interpersonal"
gratitude-deficit,2152,weakness,Gratitude Deficit → Partners Who Feel Unappreciated Drift Away,Moderate,4,threat /10,3,"Degrades: Interpersonal, Emotional"
book-reading-longevity,2153,practice,Leisure-Time Book Reading & Longevity,Moderate,3,impact magnitude /5,1,"practice: 'Bolsters clusters: Linguistic, Meta-Cognitive, Existential'"
general-hobby-engagement,2154,practice,Having a Hobby — General Engagement & Wellbeing,Strong,3,impact magnitude /5,1,"practice: 'Bolsters clusters: Intrapersonal, Emotional, Existential, Community'"
active-leisure-vs-passive-tv,2155,practice,Choosing Active Leisure Over Passive TV Viewing,Moderate,3,impact magnitude /5,2,"practice: 'Bolsters clusters: Volitional, Emotional, Meta-Cognitive, Bodily'"
amateur-astronomy-awe,2156,practice,Amateur Astronomy / Stargazing & Awe,Emerging,2,impact magnitude /5,2,"practice: 'Bolsters clusters: Existential, Aesthetic, Naturalist, Emotional'"
sports-fandom-spectatorship,2157,practice,Sports Fandom / Spectatorship & Belonging,Mixed,2,impact magnitude /5,2,"practice: 'Bolsters clusters: Community, Social-Perceptual, Intrapersonal, Emotional'"
serious-leisure-stebbins,2158,practice,"Serious Leisure (Stebbins) — Depth, Identity & Life Satisfaction",Emerging,3,impact magnitude /5,2,"practice: 'Bolsters clusters: Intrapersonal, Existential, Volitional, Creative'"
jigsaw-puzzling-cognition,2159,practice,Jigsaw Puzzling & Visuospatial Cognition,Emerging,2,impact magnitude /5,2,"practice: 'Bolsters clusters: Spatial, Pattern-Recognition, Intrapersonal, Emotional'"
collecting-hobby-purpose,2160,practice,Collecting as a Hobby — Purpose & Identity,Emerging,2,impact magnitude /5,2,"practice: 'Bolsters clusters: Intrapersonal, Existential, Pattern-Recognition, Community'"
recreational-angling,2161,practice,Recreational Angling / Fishing & Mental Health,Emerging,2,impact magnitude /5,2,"practice: 'Bolsters clusters: Naturalist, Emotional, Interoceptive, Community'"
scrapbooking-memory-keeping,2162,practice,Scrapbooking / Memory-Keeping Crafts & Wellbeing,Emerging,2,impact magnitude /5,2,"practice: 'Bolsters clusters: Creative, Intrapersonal, Emotional, Aesthetic'"
tabletop-rpg,2163,practice,Tabletop Role-Playing Games (D&D) & Wellbeing,Emerging,2,impact magnitude /5,2,"practice: 'Bolsters clusters: Interpersonal, Creative, Emotional, Intrapersonal'"
wild-food-foraging,2164,practice,Wild-Food Foraging & Nature Connection,Emerging,2,impact magnitude /5,2,"practice: 'Bolsters clusters: Naturalist, Bodily, Intrapersonal, Pattern-Recognition'"
cost-chronic-hypoxemia-oxygen-dependence,2165,cost,Chronic Hypoxemia & Long-Term Oxygen Dependence,Strong,4,harm severity /5,3,"Degrades: Bodily, Volitional, Interpersonal, Community, Financial"
cost-cteph,2166,cost,Chronic Thromboembolic Pulmonary Hypertension (CTEPH),Moderate,5,harm severity /5,3,"Degrades: Bodily, Emotional, Financial, Volitional, Interoceptive"
cost-post-mi-survivorship,2167,cost,Post–Heart-Attack Survivorship,Strong,4,harm severity /5,3,"Degrades: Emotional, Bodily, Financial, Intrapersonal, Volitional"
cost-sudden-cardiac-arrest-survivorship,2168,cost,Sudden Cardiac Arrest Survivorship (Anoxic Brain Injury),Moderate,4,harm severity /5,3,"Degrades: Meta-Cognitive, Logical, Emotional, Bodily, Intrapersonal"
cost-lymphedema,2169,cost,Chronic Lymphedema,Strong,3,harm severity /5,3,"Degrades: Bodily, Aesthetic, Emotional, Financial, Interpersonal"
cost-ventricular-arrhythmia-icd-burden,2170,cost,Ventricular Arrhythmias & ICD Shock Burden,Moderate,4,harm severity /5,3,"Degrades: Emotional, Bodily, Volitional, Intrapersonal, Financial"
cost-recurrent-pericarditis,2171,cost,Recurrent & Constrictive Pericarditis,Strong,3,harm severity /5,3,"Degrades: Bodily, Emotional, Financial, Volitional"
cost-cor-pulmonale,2172,cost,Cor Pulmonale (Right-Heart Failure From Lung Disease),Moderate,4,harm severity /5,3,"Degrades: Bodily, Emotional, Financial, Interoceptive, Volitional"
cost-myocarditis-dcm,2173,cost,Myocarditis → Dilated Cardiomyopathy,Moderate,4,harm severity /5,3,"Degrades: Bodily, Emotional, Financial, Interoceptive, Volitional"
cost-carotid-stenosis,2174,cost,Carotid Artery Stenosis (The Silent Stroke Sentinel),Strong,3,harm severity /5,3,"Degrades: Bodily, Linguistic, Spatial, Meta-Cognitive, Emotional"
cost-chronic-stable-angina,2175,cost,Chronic Stable Angina / Chronic Coronary Syndrome,Strong,3,harm severity /5,3,"Degrades: Bodily, Emotional, Financial, Interoceptive, Volitional"
cost-pots-orthostatic-intolerance,2176,cost,POTS & Orthostatic Intolerance,Moderate,3,harm severity /5,3,"Degrades: Bodily, Meta-Cognitive, Emotional, Financial, Volitional"
cost-raynauds-digital-ischemia,2177,cost,Raynaud's Phenomenon & Digital Ischemia,Moderate,3,harm severity /5,3,"Degrades: Bodily, Mechanical, Aesthetic, Emotional, Financial"
cost-statin-intolerance-consequence,2178,cost,Statin Intolerance & Its Downstream Cost,Mixed,3,harm severity /5,3,"Degrades: Bodily, Financial, Meta-Cognitive, Volitional"
trait-anhedonia-blunted-positive-affect,2179,weakness,Trait Anhedonia / Blunted Positive Affect,Moderate,7,threat /10,2,"Degrades: Emotional, Volitional, Existential"
high-affective-reactivity-daily-stressors,2180,weakness,High Affective Reactivity to Daily Stressors,Moderate,5,threat /10,2,"Degrades: Emotional, Interoceptive, Intrapersonal"
low-emotion-differentiation-granularity,2181,weakness,Low Emotion Differentiation / Poor Granularity,Moderate,5,threat /10,2,"Degrades: Emotional, Intrapersonal, Interoceptive, Meta-Cognitive"
low-emotional-clarity,2182,weakness,Low Emotional Clarity,Moderate,5,threat /10,2,"Degrades: Emotional, Intrapersonal, Interoceptive, Meta-Cognitive"
low-regulatory-emotional-self-efficacy-rese,2183,weakness,Low Regulatory Emotional Self-Efficacy (RESE),Moderate,5,threat /10,2,"Degrades: Emotional, Volitional, Intrapersonal"
maladaptive-emotional-overcontrol-rodbt,2184,weakness,Maladaptive Emotional Overcontrol (RO-DBT),Emerging,5,threat /10,2,"Degrades: Emotional, Interpersonal, Volitional"
poor-negative-mood-regulation-expectancies-nmr,2185,weakness,Poor Negative-Mood-Regulation Expectancies (NMR),Moderate,5,threat /10,2,"Degrades: Emotional, Volitional, Intrapersonal"
ambivalence-over-emotional-expression,2186,weakness,Ambivalence Over Emotional Expression,Moderate,4,threat /10,2,"Degrades: Emotional, Interpersonal, Rhetorical"
difficulty-describing-feelings-tas-ddf,2187,weakness,Difficulty Describing Feelings (TAS-20 DDF),Moderate,4,threat /10,2,"Degrades: Emotional, Linguistic, Interpersonal, Interoceptive"
fear-of-positive-emotions-happiness,2188,weakness,Fear of Positive Emotions / Fear of Happiness,Emerging,4,threat /10,2,"Degrades: Emotional, Existential, Intrapersonal"
maladaptive-interpersonal-guilt,2189,weakness,Maladaptive / Interpersonal Guilt,Moderate,4,threat /10,2,"Degrades: Emotional, Moral, Intrapersonal"
savoring-deficit-low-positive-amplification,2190,weakness,Savoring Deficit / Low Positive-Emotion Amplification,Moderate,4,threat /10,2,"Degrades: Emotional, Aesthetic, Intrapersonal"
energy-density-volumetrics,2191,practice,Low Energy Density & Volumetrics (Soup Preload),Moderate,3,impact magnitude /5,2,"practice: 'Bolsters clusters: satiety, weight control, portion regulation'"
resistant-starch,2192,practice,Resistant Starch,Moderate,3,impact magnitude /5,2,"practice: 'Bolsters clusters: glycemic control, gut health, weight control'"
anti-inflammatory-diet-pattern,2193,practice,Anti-Inflammatory Dietary Pattern (DII),Moderate,3,impact magnitude /5,2,"practice: 'Bolsters clusters: cardiometabolic health, mood, longevity'"
plant-for-animal-protein-swap,2194,practice,Swapping Animal Protein for Plant Protein,Moderate,3,impact magnitude /5,2,"practice: 'Bolsters clusters: longevity, cardiovascular health'"
protein-leverage-satiety,2195,practice,Protein Leverage & Satiety-per-Calorie,Moderate,3,impact magnitude /5,3,"practice: 'Bolsters clusters: appetite regulation, weight control, interoceptive satiety'"
prebiotic-fibers-inulin-gos,2196,practice,"Prebiotic Fibers (Inulin, GOS/FOS)",Moderate,2,impact magnitude /5,2,"practice: 'Bolsters clusters: gut health, appetite regulation, glycemic control'"
vinegar-apple-cider,2197,practice,Vinegar / Apple Cider Vinegar,Mixed,2,impact magnitude /5,2,practice: 'Bolsters clusters: post-meal glycemic control (small)'
fermented-dairy-yogurt,2198,practice,Yogurt & Fermented Dairy,Moderate,2,impact magnitude /5,2,"practice: 'Bolsters clusters: glycemic/metabolic health, gut health'"
water-preload-before-meals,2199,practice,Water Preloading Before Meals,Mixed,2,impact magnitude /5,2,"practice: 'Bolsters clusters: weight control, appetite regulation'"
capsaicin-spicy-food,2200,practice,Capsaicin / Spicy Food,Mixed,1,impact magnitude /5,2,"practice: 'Bolsters clusters: energy expenditure (trivial), appetite'"
cinnamon-glycemia,2201,practice,Cinnamon for Blood Sugar,Mixed,1,impact magnitude /5,2,practice: 'Bolsters clusters: glycemic control (weak/uncertain)'
dairy-calcium-weight,2202,practice,Dairy / Calcium for Weight Loss,Mixed,1,impact magnitude /5,2,practice: 'Bolsters clusters: weight control (largely null)'
meal-frequency-grazing,2203,practice,Meal Frequency (Grazing vs Larger Meals),Mixed,1,impact magnitude /5,2,"practice: 'Bolsters clusters: weight control (weakly), glycemic stability'"
front-loading-calories-big-breakfast,2204,practice,Front-Loading Calories (Big Breakfast),Mixed,2,impact magnitude /5,2,"practice: 'Bolsters clusters: appetite regulation, diet adherence, glycemic control'"
brain-metastases,2205,cost,Brain Metastases — Where Systemic Cancer Turns Neurologic,Strong,5,harm severity /5,2,"Degrades: Spatial, Linguistic, Bodily, Meta-Cognitive, Existential"
gallbladder-biliary-cholangiocarcinoma,2206,cost,Gallbladder & Biliary Tract Cancer (Cholangiocarcinoma) — Silent and Lethal,Strong,5,harm severity /5,2,"Degrades: Bodily, Financial, Existential, Interoceptive"
mesothelioma-asbestos,2207,cost,Mesothelioma — Asbestos's Long-Latency Death Sentence,Strong,5,harm severity /5,2,"Degrades: Bodily, Financial, Existential, Interoceptive"
cancer-cachexia,2208,cost,Cancer Cachexia — The Wasting That Kills a Fifth of Cancer Patients,Strong,5,harm severity /5,2,"Degrades: Bodily, Interoceptive, Volitional, Emotional"
sarcoma-soft-tissue-bone,2209,cost,Sarcoma — Rare Cancers of Connective Tissue and Bone,Strong,4,harm severity /5,2,"Degrades: Bodily, Mechanical, Financial, Spatial"
anthracycline-cardiotoxicity,2210,cost,Chemotherapy Cardiotoxicity — The Long Shadow of Anthracyclines,Strong,4,harm severity /5,2,"Degrades: Bodily, Interoceptive, Financial, Existential"
multiple-myeloma,2211,cost,"Multiple Myeloma — Treatable, Chronic, Still Incurable",Strong,4,harm severity /5,2,"Degrades: Bodily, Financial, Interoceptive, Existential"
oropharyngeal-hpv-headneck,2212,cost,Oropharyngeal / Head-and-Neck Cancer — HPV Status Splits the Prognosis in Two,Strong,4,harm severity /5,2,"Degrades: Linguistic, Bodily, Social-Perceptual, Interpersonal"
cancer-pain-undertreatment,2213,cost,"Cancer Pain — Prevalent, Severe, and Still Undertreated",Strong,4,harm severity /5,2,"Degrades: Bodily, Interoceptive, Emotional, Volitional"
anal-cancer-hpv,2214,cost,"Anal Cancer — HPV-Driven and Rising, Especially in Older Women",Strong,3,harm severity /5,2,"Degrades: Bodily, Interpersonal, Financial, Emotional"
endometrial-uterine-cancer,2215,cost,Endometrial / Uterine Cancer — One of the Few Rising in Incidence and Mortality,Strong,3,harm severity /5,2,"Degrades: Bodily, Financial, Existential, Parental"
neuroendocrine-tumors,2216,cost,"Neuroendocrine Tumors (NETs) — Heterogeneous, Rising, Often Missed for Years",Moderate,3,harm severity /5,2,"Degrades: Bodily, Interoceptive, Financial, Emotional"
thyroid-cancer-overdiagnosis,2217,cost,"Thyroid Cancer — Excellent Survival, Epidemic of Overdiagnosis",Strong,2,harm severity /5,2,"Degrades: Bodily, Intrapersonal, Financial, Existential"
restraint-bias-willpower-overconfidence,2218,weakness,The Restraint Bias → Overrating Your Willpower Walks You Into Temptation,Moderate,6,threat /10,1,"Degrades: Volitional, Meta-Cognitive, Strategic"
self-control-conflict-identification-failure,2219,weakness,Not Even Noticing the Temptation → Self-Control Fails Before It Starts,Moderate,5,threat /10,2,"Degrades: Volitional, Meta-Cognitive, Interoceptive"
willpower-reliance-vs-situation-selection,2220,weakness,Relying on Raw Willpower → Skipping the Proactive Moves That Actually Work,Moderate,5,threat /10,2,"Degrades: Volitional, Strategic, Meta-Cognitive"
self-licensing-goal-pursuit,2221,weakness,Self-Licensing → 'I Earned This' Sabotages the Goal You Just Advanced,Mixed,5,threat /10,3,"Degrades: Volitional, Meta-Cognitive, Financial"
deliberative-mindset-lock,2222,weakness,"Stuck in the Deliberative Mindset → Endless Weighing, Never Crossing the Rubicon",Moderate,5,threat /10,2,"Degrades: Volitional, Strategic, Meta-Cognitive"
overjustification-undermined-intrinsic-motivation,2223,weakness,The Overjustification Effect → Paying for a Behavior Kills the Wanting-To,Strong,5,threat /10,1,"Degrades: Volitional, Intrapersonal, Meta-Cognitive"
goal-shielding-failure,2224,weakness,Weak Goal Shielding → Competing Goals Leak In and Dilute the Focal One,Moderate,5,threat /10,1,"Degrades: Volitional, Strategic, Meta-Cognitive"
choking-explicit-monitoring,2225,weakness,Choking Under Pressure → Watching Your Own Hands Wrecks a Skill You Own,Strong,4,threat /10,2,"Degrades: Bodily, Volitional, Meta-Cognitive"
trait-reinvestment-conscious-processing,2226,weakness,High Reinvestment → A Mind That Micromanages Its Own Automatic Movements,Moderate,4,threat /10,2,"Degrades: Bodily, Volitional, Meta-Cognitive"
hyperopia-excessive-self-denial,2227,weakness,Hyperopia → Over-Controlled Self-Denial You Come to Regret,Moderate,4,threat /10,2,"Degrades: Volitional, Intrapersonal, Existential"
low-construal-self-control-failure,2228,weakness,Low-Level Construal → Losing the Big-Picture 'Why' That Powers Restraint,Moderate,4,threat /10,1,"Degrades: Volitional, Meta-Cognitive, Strategic"
miswanting-affective-forecasting-error,2229,weakness,Miswanting → Chasing Goals That Won't Actually Make You Happy,Mixed,4,threat /10,2,"Degrades: Meta-Cognitive, Strategic, Intrapersonal"
directed-masturbation-anorgasmia,2230,practice,Directed Masturbation for Anorgasmia (LoPiccolo),Moderate,4,impact magnitude /5,2,"practice: 'Bolsters clusters: Seductive, Interoceptive, Intrapersonal, Bodily'"
mindfulness-based-sex-therapy,2231,practice,Mindfulness-Based Sex Therapy (Brotto),Strong,3,impact magnitude /5,3,"practice: 'Bolsters clusters: Seductive, Interoceptive, Intrapersonal, Emotional'"
cbt-sexual-dysfunction,2232,practice,CBT for Sexual Dysfunction & Performance Anxiety,Moderate,3,impact magnitude /5,2,"practice: 'Bolsters clusters: Seductive, Emotional, Intrapersonal, Meta-Cognitive'"
pde5-plus-psychosexual-therapy,2233,practice,Combining a PDE5 Inhibitor with Psychosexual Therapy for ED,Moderate,3,impact magnitude /5,2,"practice: 'Bolsters clusters: Seductive, Emotional, Interpersonal'"
vaginal-dilator-exposure-gpppd,2234,practice,Graded Vaginal Dilators / Exposure for Genito-Pelvic Pain (Vaginismus),Moderate,3,impact magnitude /5,2,"practice: 'Bolsters clusters: Seductive, Bodily, Volitional, Emotional'"
sensate-focus,2235,practice,Sensate Focus (Masters & Johnson),Moderate,3,impact magnitude /5,2,"practice: 'Bolsters clusters: Seductive, Interoceptive, Interpersonal, Emotional'"
vaginal-moisturizers-lubricants-gsm,2236,practice,Vaginal Moisturizers & Lubricants for Comfort (GSM/Dyspareunia),Moderate,2,impact magnitude /5,2,"practice: 'Bolsters clusters: Seductive, Bodily, Interoceptive'"
responsive-desire-psychoeducation,2237,practice,Responsive-Desire Psychoeducation (Basson Model),Emerging,2,impact magnitude /5,2,"practice: 'Bolsters clusters: Seductive, Intrapersonal, Emotional, Interpersonal'"
couple-conjoint-sex-therapy-plissit,2238,practice,Couple-Based (Conjoint) Sex Counseling & EX-PLISSIT,Moderate,2,impact magnitude /5,2,"practice: 'Bolsters clusters: Seductive, Interpersonal, Emotional, Intrapersonal'"
pelvic-floor-training-sexual-function,2239,practice,Pelvic-Floor Muscle Training for Sexual Function,Moderate,2,impact magnitude /5,2,"practice: 'Bolsters clusters: Seductive, Bodily, Interoceptive'"
body-image-sexual-wellbeing,2240,practice,Body-Image Work for Sexual Wellbeing,Emerging,2,impact magnitude /5,2,"practice: 'Bolsters clusters: Seductive, Intrapersonal, Aesthetic, Emotional'"
behavioral-premature-ejaculation,2241,practice,Stop-Start & Squeeze Techniques for Premature Ejaculation,Mixed,2,impact magnitude /5,2,"practice: 'Bolsters clusters: Seductive, Volitional, Interoceptive'"
postpartum-psychosis-cost,2242,cost,Postpartum Psychosis — A Psychiatric Emergency With Two Lives at Stake,Strong,5,harm severity /5,2,"Degrades: Emotional, Intrapersonal, Parental, Social-Perceptual, Volitional"
tardive-dyskinesia-cost,2243,cost,Tardive Dyskinesia — The Iatrogenic Movement Disorder We Cause,Strong,4,harm severity /5,2,"Degrades: Bodily, Linguistic, Interpersonal, Aesthetic, Intrapersonal"
catatonia-cost,2244,cost,Catatonia — Immobility That Becomes a Medical Emergency,Moderate,5,harm severity /5,2,"Degrades: Bodily, Volitional, Linguistic, Interoceptive, Social-Perceptual"
clinical-high-risk-psychosis-cost,2245,cost,The Psychosis Prodrome (Clinical High-Risk State) — Living Under a Sword,Moderate,3,harm severity /5,2,"Degrades: Meta-Cognitive, Social-Perceptual, Intrapersonal, Volitional, Existential"
acute-stress-disorder-cost,2246,cost,Acute Stress Disorder — The Early Window That Forecasts PTSD (Imperfectly),Moderate,3,harm severity /5,2,"Degrades: Emotional, Interoceptive, Volitional, Social-Perceptual, Bodily"
adjustment-disorder-cost,2247,cost,Adjustment Disorder — The 'Mild' Diagnosis With Real Suicide Risk,Moderate,3,harm severity /5,2,"Degrades: Emotional, Intrapersonal, Volitional, Financial, Interpersonal"
arfid-cost,2248,cost,ARFID — Restrictive Eating That Isn't About Body Image,Moderate,3,harm severity /5,2,"Degrades: Bodily, Interoceptive, Community, Emotional, Naturalist"
factitious-disorder-cost,2249,cost,Factitious Disorder — Manufacturing Illness for the Patient Role,Emerging,4,harm severity /5,2,"Degrades: Interoceptive, Moral, Financial, Interpersonal, Meta-Cognitive"
intermittent-explosive-disorder-cost,2250,cost,Intermittent Explosive Disorder — Impulsive Rage With a Measured Bill,Moderate,3,harm severity /5,2,"Degrades: Volitional, Interpersonal, Adversarial, Financial, Moral"
schizotypal-personality-disorder-cost,2251,cost,Schizotypal Personality Disorder — On the Schizophrenia Spectrum's Edge,Moderate,3,harm severity /5,2,"Degrades: Social-Perceptual, Interpersonal, Meta-Cognitive, Community, Intrapersonal"
perinatal-anxiety-cost,2252,cost,Perinatal Anxiety — The Under-Screened Twin of Postpartum Depression,Moderate,3,harm severity /5,2,"Degrades: Emotional, Interoceptive, Parental, Volitional, Intrapersonal"
delusional-disorder-cost,2253,cost,Delusional Disorder — A Fixed False Belief in an Otherwise Intact Mind,Emerging,3,harm severity /5,2,"Degrades: Social-Perceptual, Interpersonal, Meta-Cognitive, Adversarial, Financial"
gender-dysphoria-distress-access-cost,2254,cost,Gender Dysphoria — Distress Driven by Minority Stress and Care Barriers,Moderate,3,harm severity /5,2,"Degrades: Emotional, Intrapersonal, Community, Volitional, Existential"
selective-mutism-cost,2255,cost,Selective Mutism — Childhood Silence That Narrows a Life,Moderate,3,harm severity /5,2,"Degrades: Linguistic, Community, Interpersonal, Emotional, Rhetorical"
competitor-response-neglect,2256,weakness,Competitor-Response Neglect → Betting As If Rivals Won't React,Strong,6,threat /10,2,"Degrades: Strategic, Entrepreneurial, Adversarial"
wip-portfolio-overload,2257,weakness,Excessive WIP / Project Multitasking → Throughput Collapse From Spreading Thin,Moderate,6,threat /10,2,"Degrades: Strategic, Systemic, Volitional"
strategic-analysis-paralysis,2258,weakness,Slow Strategic Decisions → Analysis Paralysis in Fast Markets,Strong,6,threat /10,2,"Degrades: Strategic, Volitional, Entrepreneurial"
strategy-execution-gap,2259,weakness,The Strategy-Execution Gap → Good Plans That Never Become Action,Moderate,6,threat /10,1,"Degrades: Strategic, Leadership, Volitional"
priority-dilution,2260,weakness,"Priority Dilution → When Everything Is Priority One, Nothing Is",Emerging,5,threat /10,2,"Degrades: Strategic, Volitional, Meta-Cognitive"
project-risk-management-neglect,2261,weakness,Project Risk-Management Neglect → Blindsided by Foreseeable Failure Modes,Mixed,5,threat /10,1,"Degrades: Strategic, Systemic, Meta-Cognitive"
rigid-nonadaptive-planning,2262,weakness,"Rigid, Non-Adaptive Planning → Executing a Stale Plan in a Moving World",Moderate,5,threat /10,2,"Degrades: Strategic, Systemic, Meta-Cognitive"
stakeholder-alignment-neglect,2263,weakness,Stakeholder-Management Neglect → Projects That Deliver but Nobody Adopts,Moderate,5,threat /10,2,"Degrades: Strategic, Interpersonal, Leadership"
stuck-in-the-middle-strategy,2264,weakness,Stuck in the Middle → No Coherent Strategic Position,Mixed,5,threat /10,2,"Degrades: Strategic, Entrepreneurial"
surrogation-metric-fixation,2265,weakness,Surrogation → Managing the Metric Instead of the Strategy,Moderate,5,threat /10,2,"Degrades: Systemic, Strategic, Meta-Cognitive"
decision-rights-ambiguity,2266,weakness,Unclear Decision Rights → 'Who Actually Owns This?' Paralysis,Emerging,5,threat /10,1,"Degrades: Strategic, Leadership, Systemic"
dependency-blindness-sequencing,2267,weakness,Dependency-Blindness → Failing to Sequence From the Finish Line,Emerging,4,threat /10,1,"Degrades: Strategic, Systemic, Meta-Cognitive"
diabetic-foot-care-self-neglect,2268,weakness,Diabetes Foot-Care Self-Neglect → Preventable Ulcers & Amputation,Moderate,7,threat /10,2,"Degrades: foot-inspection habit, ulcer prevention, limb preservation"
low-patient-activation,2269,weakness,Low Patient Activation → Passive in Your Own Care,Moderate,6,threat /10,2,"Degrades: self-management, care navigation, adherence, avoidable-utilization control"
medical-statistical-illiteracy-risk-comprehension,2270,weakness,Misreading Medical Risk Statistics → Manipulable Health Choices,Strong,6,threat /10,1,"Degrades: informed consent, screening decisions, benefit-harm comparison"
mental-health-help-seeking-stigma,2271,weakness,"Stigma-Driven Avoidance of Mental-Health Help → Untreated, Longer",Moderate,6,threat /10,2,"Degrades: help-seeking, early treatment, disclosure, recovery timeline"
triangulation-detouring-conflict,2272,weakness,Triangulation → Detouring Conflict Through a Third Party,Moderate,6,threat /10,2,"Degrades: Interpersonal, Community, Moral"
turning-away-from-bids,2273,weakness,Turning Away From Bids for Connection → Slow Erosion of Intimacy,Moderate,6,threat /10,2,"Degrades: Interpersonal, Emotional, Community"
unrepaired-working-alliance-ruptures,2274,weakness,Unrepaired Working-Alliance Ruptures → Dropout & Stalled Outcomes,Moderate,6,threat /10,2,"Degrades: Interpersonal, Leadership, Emotional"
weak-differentiation-of-self,2275,weakness,Weak Differentiation of Self → Emotional Fusion & Reactivity,Moderate,6,threat /10,2,"Degrades: Interpersonal, Intrapersonal, Emotional"
avoidant-attachment-deactivation-at-work,2276,weakness,Avoidant Attachment Deactivation in Teams → Under-Collaboration,Moderate,5,threat /10,2,"Degrades: Interpersonal, Leadership, Community"
boom-bust-activity-cycling-chronic-illness,2277,weakness,Boom-Bust Activity Cycling → The Shrinking Energy Envelope,Emerging,5,threat /10,2,"Degrades: symptom stability, functional baseline, pacing, recovery"
comparative-optimism-personal-health-risk,2278,weakness,Comparative Optimism About Your Own Health Risk → Under-Prevention,Moderate,5,threat /10,2,"Degrades: accurate self-risk appraisal, preventive uptake, screening follow-through"
dental-anxiety-avoidance-cycle,2279,weakness,Dental Anxiety & Avoidance → The Vicious Cycle of the Chair,Moderate,5,threat /10,2,"Degrades: preventive dental attendance, oral health, symptom-driven emergency care"
introspection-illusion,2280,weakness,Introspection Illusion → Over-Trusting the Story You Tell About Yourself,Strong,5,threat /10,3,"Degrades: accurate self-knowledge, causal insight into one's own behavior, receptivity to correction"
low-cultural-intelligence,2281,weakness,Low Cultural Intelligence (CQ) → Cross-Cultural Interpersonal Failure,Moderate,5,threat /10,2,"Degrades: Social-Perceptual, Interpersonal, Leadership"
low-intellectual-humility,2282,weakness,Low Intellectual Humility → Blind to the Limits of What You Know,Moderate,5,threat /10,3,"Degrades: learning, belief-updating, depolarization, quality of reasoning"
passive-destructive-capitalization,2283,weakness,Passive / Destructive Responding to a Partner's Good News → Killed Capitalization,Moderate,5,threat /10,2,"Degrades: Interpersonal, Social-Perceptual, Emotional"
personal-distress-over-empathic-concern,2284,weakness,Personal Distress Over Empathic Concern → Withdrawal From Others' Suffering,Moderate,5,threat /10,2,"Degrades: Emotional, Interpersonal, Moral"
present-bias-preventive-care,2285,weakness,"Present Bias in Preventive Care → Costs Now, Payoff Never Felt",Moderate,5,threat /10,2,"Degrades: screening, vaccination, checkup adherence, long-horizon self-investment"
rehab-home-exercise-nonadherence,2286,weakness,Rehab & Home-Exercise Nonadherence → Recovery That Stalls,Moderate,5,threat /10,2,"Degrades: rehabilitation outcomes, function recovery, re-injury prevention"
self-other-knowledge-asymmetry,2287,weakness,Self-Other Knowledge Asymmetry → Others Read You Better Than You Read Yourself,Strong,5,threat /10,3,"Degrades: accurate self-assessment, low self-other agreement, use of outside feedback"
bias-blind-spot,2288,weakness,The Bias Blind Spot → Seeing Bias Everywhere but in Yourself,Strong,5,threat /10,3,"Degrades: self-correction, openness to feedback, fair judgment, learning from error"
vaccine-hesitancy-complacency-5c,2289,weakness,Vaccine Complacency & Low Confidence → Delayed or Skipped Immunization,Moderate,5,threat /10,2,"Degrades: immunization uptake, herd protection contribution, evidence-weighting"
asymmetric-self-belief-updating,2290,weakness,"Asymmetric Self-Belief Updating → Good News Sticks, Bad News Slides Off",Mixed,4,threat /10,3,"Degrades: feedback integration into self-view, calibrated self-estimates, course-correction"
choice-blindness-confabulation,2291,weakness,Choice Blindness → Confabulating Reasons for Choices You Didn't Make,Strong,4,threat /10,3,"Degrades: reliable self-knowledge of preferences, stable values, resistance to manipulation"
interpersonal-complementarity-miscalibration,2292,weakness,Dominance-Submission Miscalibration → Broken Interpersonal Complementarity,Emerging,4,threat /10,2,"Degrades: Social-Perceptual, Interpersonal"
low-need-to-belong-affiliative-motivation,2293,weakness,"Low Affiliative Motivation / Weak Need to Belong → Thin, Undertended Ties",Mixed,4,threat /10,2,"Degrades: Interpersonal, Community, Intrapersonal"
low-relationship-mindfulness,2294,weakness,"Low Relationship Mindfulness → Reactive, Less-Attuned Interactions",Emerging,4,threat /10,2,"Degrades: Interpersonal, Emotional, Meta-Cognitive"
self-absorption-paradox,2295,weakness,"Reflection Without Insight → Self-Focus That Feeds Distress, Not Understanding",Moderate,4,threat /10,2,"Degrades: genuine self-insight, emotion regulation, benefit of introspection"
end-of-history-illusion,2296,weakness,The End-of-History Illusion → 'I'm Done Changing' (You Aren't),Moderate,4,threat /10,2,"Degrades: long-range self-prediction, future-self planning, durable commitments"
weak-identity-based-motivation,2297,weakness,Weak Identity-Based Motivation → When 'That's Not Me' Kills the Goal,Moderate,4,threat /10,3,"Degrades: goal pursuit, effort mobilization, follow-through on possible selves"
weak-error-awareness,2298,weakness,Error Blindness → Not Noticing the Mistake You Just Made,Emerging,3,threat /10,3,"Degrades: real-time self-correction, performance monitoring, learning from slips"
impact-durability-bias,2299,weakness,Impact & Durability Bias → Misforecasting How You'll Actually Feel,Mixed,3,threat /10,3,"Degrades: affective forecasting, value-based choice, resource allocation to future happiness"
low-self-complexity,2300,weakness,Low Self-Complexity → When One Bad Domain Floods the Whole Self,Mixed,3,threat /10,2,"Degrades: emotional buffering, self-concept differentiation, resilience to setbacks"
vestibular-rehab-epley-canalith,2301,practice,Vestibular Rehabilitation & Canalith Repositioning (Epley),Strong,4,impact magnitude /5,2,"practice: 'Bolsters Bodily, Spatial, Interoceptive'"
cognitive-functional-therapy-lbp,2302,practice,Cognitive Functional Therapy for Low Back Pain,Strong,4,impact magnitude /5,2,"practice: 'Bolsters Bodily, Emotional, Meta-Cognitive, Volitional'"
cardiac-rehabilitation,2303,practice,Exercise-Based Cardiac Rehabilitation,Strong,4,impact magnitude /5,1,"practice: 'Bolsters Bodily, Emotional, Existential'"
constraint-induced-movement-therapy-stroke,2304,practice,Constraint-Induced Movement Therapy After Stroke,Strong,4,impact magnitude /5,2,"practice: 'Bolsters Bodily, Volitional'"
pulmonary-rehabilitation-copd,2305,practice,Pulmonary Rehabilitation for COPD,Strong,4,impact magnitude /5,2,"practice: 'Bolsters Bodily, Emotional, Existential'"
neuromuscular-injury-prevention-training,2306,practice,Neuromuscular Injury-Prevention Training (ACL / Ankle),Strong,4,impact magnitude /5,2,"practice: 'Bolsters Bodily, Spatial, Interoceptive'"
act-chronic-pain,2307,practice,Acceptance & Commitment Therapy for Chronic Pain,Moderate,3,impact magnitude /5,2,"practice: 'Bolsters Emotional, Intrapersonal, Volitional, Existential'"
graded-exposure-pain-related-fear,2308,practice,Graded Exposure In Vivo for Pain-Related Fear,Moderate,3,impact magnitude /5,2,"practice: 'Bolsters Bodily, Emotional, Volitional, Interoceptive'"
prehabilitation-before-surgery,2309,practice,Prehabilitation Before Surgery,Moderate,3,impact magnitude /5,2,"practice: 'Bolsters Bodily, Volitional, Emotional'"
mirror-therapy,2310,practice,"Mirror Therapy (Stroke, Phantom Limb, CRPS)",Mixed,3,impact magnitude /5,2,"practice: 'Bolsters Bodily, Spatial, Interoceptive'"
repetitive-task-training-stroke,2311,practice,Task-Specific Repetitive Training After Stroke,Moderate,3,impact magnitude /5,1,"practice: 'Bolsters Bodily, Volitional'"
spinal-manipulation-manual-therapy,2312,practice,Spinal Manipulation & Manual Therapy,Mixed,2,impact magnitude /5,1,practice: 'Bolsters Bodily'
tens-chronic-pain,2313,practice,TENS (Transcutaneous Electrical Nerve Stimulation) for Chronic Pain,Mixed,2,impact magnitude /5,2,practice: 'Bolsters Bodily'
pain-neuroscience-education,2314,practice,Pain Neuroscience Education (Explain Pain),Moderate,2,impact magnitude /5,2,"practice: 'Bolsters Meta-Cognitive, Emotional, Interoceptive, Bodily'"
mckenzie-method-mdt,2315,practice,McKenzie Method (Mechanical Diagnosis & Therapy),Mixed,2,impact magnitude /5,1,"practice: 'Bolsters Bodily, Volitional'"
graded-activity-pacing,2316,practice,Graded Activity & Activity Pacing,Mixed,2,impact magnitude /5,2,"practice: 'Bolsters Bodily, Volitional, Interoceptive'"
motor-control-core-stability-lbp,2317,practice,Motor Control / Core-Stability Exercise for Low Back Pain,Mixed,2,impact magnitude /5,1,"practice: 'Bolsters Bodily, Interoceptive'"
cost-giant-cell-arteritis,2318,cost,"Giant Cell Arteritis — Sudden, Often Irreversible Blindness in Older Adults",Strong,4,harm severity /5,2,"Degrades: Spatial, Bodily, Aesthetic, Volitional, Intrapersonal"
cost-guillain-barre-cidp,2319,cost,Guillain-Barré Syndrome & CIDP — Acute Paralysis and Residual Disability,Strong,4,harm severity /5,2,"Degrades: Bodily, Volitional, Interoceptive, Financial"
cost-anca-associated-vasculitis,2320,cost,ANCA-Associated Vasculitis (GPA/MPA) — Organ-Threatening Small-Vessel Inflammation,Strong,4,harm severity /5,2,"Degrades: Bodily, Interoceptive, Volitional, Financial, Intrapersonal"
cost-autoimmune-encephalitis-nmdar,2321,cost,"Anti-NMDA Receptor Encephalitis — Psychosis, Seizures and Lasting Cognitive Scars",Moderate,4,harm severity /5,2,"Degrades: Meta-Cognitive, Linguistic, Intrapersonal, Emotional, Volitional, Social-Perceptual"
cost-inflammatory-myopathy-dm-pm,2322,cost,"Dermatomyositis & Polymyositis — Muscle Failure, Lung Disease and Occult Cancer",Moderate,4,harm severity /5,2,"Degrades: Bodily, Volitional, Interoceptive, Aesthetic, Financial"
cost-myasthenia-gravis,2323,cost,Myasthenia Gravis — Fatigable Weakness and Respiratory Crisis,Strong,3,harm severity /5,2,"Degrades: Bodily, Volitional, Interoceptive, Linguistic, Emotional"
cost-autoimmune-hepatitis,2324,cost,Autoimmune Hepatitis — Silent Liver Inflammation Toward Cirrhosis,Strong,3,harm severity /5,2,"Degrades: Bodily, Interoceptive, Volitional, Financial"
cost-primary-biliary-cholangitis,2325,cost,Primary Biliary Cholangitis — Progressive Bile-Duct Destruction and Fatigue,Strong,3,harm severity /5,2,"Degrades: Bodily, Interoceptive, Emotional, Volitional"
cost-behcets-disease,2326,cost,"Behçet's Disease — Recurrent Ulcers, Blindness and Vascular Catastrophe in the Young",Moderate,3,harm severity /5,2,"Degrades: Bodily, Spatial, Seductive, Emotional, Interpersonal"
cost-sarcoidosis,2327,cost,"Sarcoidosis — Granulomas That Can Scar Lung, Heart and Brain",Moderate,3,harm severity /5,2,"Degrades: Bodily, Interoceptive, Emotional, Volitional, Meta-Cognitive"
cost-mixed-connective-tissue-disease,2328,cost,Mixed Connective Tissue Disease — Where Pulmonary Hypertension Ends It,Moderate,3,harm severity /5,2,"Degrades: Bodily, Interoceptive, Volitional, Emotional"
cost-polymyalgia-rheumatica,2329,cost,Polymyalgia Rheumatica — Years of Steroid Dependence and Relapse,Strong,2,harm severity /5,2,"Degrades: Bodily, Volitional, Interoceptive, Emotional"
cost-thyroid-eye-disease,2330,cost,"Thyroid Eye Disease (Graves' Ophthalmopathy) — Diplopia, Disfigurement and Optic-Nerve Risk",Moderate,2,harm severity /5,2,"Degrades: Spatial, Aesthetic, Bodily, Intrapersonal, Emotional"
conspicuous-status-consumption-crowds-out-saving,2331,weakness,Conspicuous / Status Consumption → Crowded-Out Saving,Moderate,5,threat /10,2,"Degrades: saving rate, wealth accumulation, financial goal progress"
overconfident-income-expectations-overborrowing,2332,weakness,Overconfident Income Expectations → Overborrowing,Emerging,5,threat /10,2,"Degrades: borrowing discipline, saving, default risk"
partitioned-drip-pricing-blindness,2333,weakness,Partitioned / Drip-Pricing Blindness (Shipping & Hidden Fees),Moderate,4,threat /10,2,"Degrades: true-cost accounting, comparison shopping, fee vigilance"
payment-decoupling-cashless-overspending,2334,weakness,Payment Decoupling → Cashless Overspending,Strong,4,threat /10,2,"Degrades: budget adherence, spending self-control, wealth accumulation"
salary-reference-dependence-peer-pay,2335,weakness,Salary Reference-Dependence / Peer-Pay Comparison,Moderate,4,threat /10,1,"Degrades: job satisfaction, retention, contentment with adequate pay"
seller-loss-aversion-housing,2336,weakness,Seller Loss Aversion in Housing (Won't Sell Below Purchase Price),Moderate,4,threat /10,1,"Degrades: property liquidation, timely sale, realized returns"
tightwad-spendthrift-pain-of-paying-miscalibration,2337,weakness,Tightwad–Spendthrift Pain-of-Paying Miscalibration,Moderate,4,threat /10,1,"Degrades: spending calibration, debt avoidance (spendthrift) or life enjoyment (tightwad)"
pennies-a-day-temporal-reframing-susceptibility,2338,weakness,'Pennies-a-Day' Temporal-Reframing Susceptibility,Moderate,3,threat /10,1,"Degrades: recurring-cost accounting, subscription discipline, aggregate spending awareness"
external-reference-price-msrp-anchoring,2339,weakness,Fake Reference-Price / 'Was-Now' & MSRP Anchoring,Moderate,3,threat /10,2,"Degrades: value perception, search intention, discount skepticism"
left-digit-charm-pricing-susceptibility,2340,weakness,Left-Digit / Charm-Pricing Susceptibility ($9.99),Moderate,3,threat /10,2,"Degrades: price judgment, comparison shopping, purchase discipline"
zero-price-free-effect,2341,weakness,Zero-Price / 'FREE' Effect,Moderate,3,threat /10,1,"Degrades: cost-benefit reasoning, purchase relevance, unneeded acquisition"
decoy-asymmetric-dominance-susceptibility,2342,weakness,Decoy-Effect / Asymmetric-Dominance Susceptibility,Mixed,2,threat /10,2,"Degrades: choice rationality, price-tier selection, menu resistance"
approach-vs-avoidance-goal-framing,2343,practice,Approach vs Avoidance Goal Framing,Moderate,3,impact magnitude /5,2,"practice: 'Bolsters Volitional, Emotional, Intrapersonal'"
learning-vs-performance-goals,2344,practice,Learning Goals vs Performance Goals,Moderate,3,impact magnitude /5,2,"practice: 'Bolsters Meta-Cognitive, Strategic, Volitional, Creative'"
proximal-process-goals,2345,practice,Proximal / Process Goals vs Distant Outcome Goals,Moderate,3,impact magnitude /5,2,"practice: 'Bolsters Volitional, Strategic, Meta-Cognitive'"
self-concordant-goals,2346,practice,Self-Concordant (Autonomy-Supportive) Goal-Setting,Moderate,3,impact magnitude /5,2,"practice: 'Bolsters Volitional, Intrapersonal, Existential, Emotional'"
cognitive-behavioral-coaching,2347,practice,Cognitive-Behavioural Coaching,Moderate,3,impact magnitude /5,2,"practice: 'Bolsters Volitional, Meta-Cognitive, Emotional, Strategic'"
solution-focused-coaching,2348,practice,Solution-Focused Coaching,Moderate,3,impact magnitude /5,3,"practice: 'Bolsters Volitional, Intrapersonal, Strategic, Emotional'"
health-coaching,2349,practice,Health & Wellness Coaching,Moderate,3,impact magnitude /5,2,"practice: 'Bolsters Volitional, Interoceptive, Bodily, Intrapersonal'"
process-simulation,2350,practice,Process Simulation (Mentally Rehearsing the Steps),Moderate,2,impact magnitude /5,2,"practice: 'Bolsters Volitional, Strategic, Emotional, Meta-Cognitive'"
regulatory-fit-promotion-prevention,2351,practice,Regulatory Fit (Promotion vs Prevention),Mixed,2,impact magnitude /5,2,"practice: 'Bolsters Volitional, Rhetorical, Strategic'"
grow-model-coaching,2352,practice,"The GROW Model (Goal, Reality, Options, Will)",Mixed,2,impact magnitude /5,2,"practice: 'Bolsters Volitional, Strategic, Meta-Cognitive'"
self-reward-self-reinforcement,2353,practice,Self-Reward / Self-Reinforcement,Mixed,2,impact magnitude /5,2,practice: 'Bolsters Volitional'
transtheoretical-stages-of-change,2354,practice,Stages-of-Change (Transtheoretical Model),Mixed,2,impact magnitude /5,3,"practice: 'Bolsters Meta-Cognitive, Volitional'"
invasive-fungal-infections,2355,cost,Invasive Fungal Infections — The Neglected 3.8 Million Deaths,Moderate,5,harm severity /5,2,"Degrades: Bodily, Financial, Existential"
malaria-global-burden,2356,cost,Malaria — The Global Fever That Still Kills a Child a Minute,Strong,5,harm severity /5,2,"Degrades: Bodily, Financial, Meta-Cognitive, Linguistic"
neonatal-sepsis,2357,cost,Neonatal Sepsis — Bloodstream Infection in the First Month,Strong,5,harm severity /5,2,"Degrades: Bodily, Meta-Cognitive, Linguistic"
congenital-cmv,2358,cost,Congenital CMV — The Leading Non-Genetic Cause of Childhood Deafness,Strong,4,harm severity /5,2,"Degrades: Linguistic, Bodily, Meta-Cognitive, Musical"
prosthetic-joint-infection,2359,cost,Prosthetic Joint Infection — When a Life-Improving Implant Turns Catastrophic,Strong,4,harm severity /5,2,"Degrades: Bodily, Financial, Existential"
h-pylori-sequelae,2360,cost,H. pylori Sequelae — The Bacterium Behind Ulcers and Gastric Cancer,Strong,4,harm severity /5,2,"Degrades: Bodily, Financial, Interoceptive"
dengue-global-burden,2361,cost,Dengue — The Expanding Arbovirus Doubling Every Decade,Strong,4,harm severity /5,2,"Degrades: Bodily, Financial, Interoceptive"
recurrent-cellulitis-ssti,2362,cost,Recurrent Cellulitis — Skin Infection That Feeds on Itself,Strong,3,harm severity /5,2,"Degrades: Bodily, Financial, Interpersonal"
postherpetic-neuralgia,2363,cost,"Shingles & Postherpetic Neuralgia — Reactivated Virus, Persistent Pain",Strong,3,harm severity /5,2,"Degrades: Bodily, Emotional, Interoceptive, Intrapersonal"
leprosy-hansens,2364,cost,Leprosy (Hansen's Disease) — Curable Yet Still Disabling and Stigmatizing,Moderate,3,harm severity /5,2,"Degrades: Bodily, Interpersonal, Community, Financial"
schistosomiasis,2365,cost,Schistosomiasis — The Silent Chronic Fluke of 250 Million,Moderate,3,harm severity /5,2,"Degrades: Bodily, Financial, Meta-Cognitive"
soil-transmitted-helminths,2366,cost,"Soil-Transmitted Helminths — 1.5 Billion Worms, Contested Benefit of Deworming",Mixed,2,harm severity /5,2,"Degrades: Bodily, Meta-Cognitive, Financial"
low-spatial-visualization-assembly,2367,weakness,"Low Spatial-Visualization → Assembly, Packing & STEM Attainment Gap",Strong,5,threat /10,3,"weakness: 'Degrades: flat-pack assembly, packing/loading, technical drawing, STEM pathways'"
color-vision-deficiency-functional-cost,2368,weakness,Congenital Color-Vision Deficiency → Occupational Bars & Everyday Color Errors,Strong,4,threat /10,3,"weakness: 'Degrades: color-coded task performance, occupational eligibility, safety-signal reading'"
plant-fungi-misidentification-foraging,2369,weakness,Plant/Fungi Recognition Deficit → Foraging Poisoning & Safety Risk,Strong,4,threat /10,3,"weakness: 'Degrades: species identification, foraging safety, natural-hazard avoidance'"
weak-weather-terrain-hazard-reading,2370,weakness,Weak Weather/Terrain Reading → Preventable Wilderness Accidents,Moderate,4,threat /10,3,"weakness: 'Degrades: outdoor risk anticipation, route/turnaround decisions, natural-hazard avoidance'"
low-ecological-literacy-environmental-judgment,2371,weakness,Low Ecological Literacy → Weaker Environmental Judgment (Honest: Knowledge Alone Isn't Enough),Mixed,3,threat /10,2,"weakness: 'Degrades: environmental decision-making, conservation behavior, systems understanding of nature'"
low-visual-aesthetic-design-judgment,2372,weakness,Low Visual-Aesthetic Judgment → Credibility & Conversion Cost,Strong,3,threat /10,3,"weakness: 'Degrades: design/presentation quality, first-impression credibility, perceived trust'"
poor-map-reading-cartographic-literacy,2373,weakness,Poor Map-Reading / Cartographic Literacy → Map-to-Terrain Errors,Moderate,3,threat /10,3,"weakness: 'Degrades: map comprehension, map-to-terrain translation, route planning'"
poor-tactile-haptic-discrimination,2374,weakness,Poor Tactile/Haptic Discrimination → Fine-Handling Errors & Fall Risk,Moderate,3,threat /10,3,"weakness: 'Degrades: fine manipulation, tool/object handling, grip control, balance feedback'"
weak-environmental-sound-recognition,2375,weakness,Weak Environmental-Sound Recognition → Missed Auditory Hazards & Situational Awareness,Emerging,3,threat /10,3,"weakness: 'Degrades: warning/hazard-sound recognition, auditory situational awareness, nature-sound ID'"
poor-pitch-singing-production-deficit,2376,weakness,Poor-Pitch Singing → Vocal Pitch-Production Deficit (Distinct From Tone-Deafness),Moderate,2,threat /10,3,"weakness: 'Degrades: singing accuracy, choral/social music participation, vocal imitation'"
kitchen-ventilation-gas-stove,2377,practice,Kitchen Ventilation & Gas-Stove Emissions,Moderate,3,impact magnitude /5,2,"practice: 'Bolsters clusters: Bodily, Parental'"
acoustic-design-open-plan-noise,2378,practice,Acoustic Design & Open-Plan Noise Mitigation,Moderate,3,impact magnitude /5,2,"practice: 'Bolsters clusters: Logical, Linguistic, Meta-Cognitive, Volitional'"
office-temperature-cognition,2379,practice,Ambient Work Temperature & Cognitive Performance,Mixed,2,impact magnitude /5,2,"practice: 'Bolsters clusters: Logical, Mathematical, Linguistic'"
daytime-blue-enriched-workplace-light,2380,practice,Daytime Blue-Enriched / Bright Workplace Light — Alertness,Emerging,2,impact magnitude /5,1,"practice: 'Bolsters clusters: Volitional, Emotional, Logical'"
evening-dim-warm-home-lighting,2381,practice,"Dim, Warm Home Lighting at Night — Melatonin & Sleep",Emerging,2,impact magnitude /5,1,"practice: 'Bolsters clusters: Bodily, Interoceptive, Emotional'"
kitchen-food-environment-design,2382,practice,Kitchen & Home Food-Environment Design,Mixed,2,impact magnitude /5,2,"practice: 'Bolsters clusters: Bodily, Volitional, Interoceptive'"
hepa-air-purification-home,2383,practice,HEPA Air Purification at Home — Cardiovascular,Moderate,2,impact magnitude /5,2,"practice: 'Bolsters clusters: Bodily, Interoceptive'"
ventilation-co2-cognition,2384,practice,Ventilation & Indoor CO₂ — Cognitive Performance,Mixed,3,impact magnitude /5,2,"practice: 'Bolsters clusters: Logical, Mathematical, Meta-Cognitive, Strategic'"
plants-in-office-productivity,2385,practice,Plants in the Office — Productivity Claims (Contested),Mixed,2,impact magnitude /5,1,"practice: 'Bolsters clusters: Volitional, Logical, Aesthetic'"
ambient-scent-environmental-fragrance,2386,practice,Ambient Scent / Environmental Fragrance (Honest — Weak),Mixed,1,impact magnitude /5,2,"practice: 'Bolsters clusters: Emotional, Aesthetic'"
wall-interior-color-performance,2387,practice,Wall & Interior Color for Mood/Performance (Honest — Weak),Mixed,1,impact magnitude /5,2,"practice: 'Bolsters clusters: Aesthetic, Emotional'"
ergonomic-workstation-setup,2388,practice,Ergonomic Workstation Setup — Musculoskeletal Comfort,Mixed,2,impact magnitude /5,2,practice: 'Bolsters clusters: Bodily'
post-traumatic-oa-acl-meniscus,2389,cost,Post-Traumatic Knee Osteoarthritis After ACL / Meniscus Injury,Strong,4,harm severity /5,3,"Degrades: Bodily, Interoceptive, Emotional, Financial"
failed-back-surgery-syndrome,2390,cost,Failed Back Surgery Syndrome (Persistent Spinal Pain Syndrome) — Operated and Still in Pain,Moderate,4,harm severity /5,3,"Degrades: Bodily, Emotional, Financial, Volitional"
avascular-necrosis-femoral-head,2391,cost,Osteonecrosis (Avascular Necrosis) of the Femoral Head — A Young Joint Dies,Moderate,4,harm severity /5,2,"Degrades: Bodily, Financial, Emotional"
adult-degenerative-scoliosis,2392,cost,Adult Degenerative (De Novo) Scoliosis — Curving Into Disability,Moderate,4,harm severity /5,3,"Degrades: Bodily, Aesthetic, Interoceptive, Emotional"
achilles-tendon-rupture,2393,cost,Achilles Tendon Rupture — 'Healed' but Permanently Weaker,Moderate,3,harm severity /5,2,"Degrades: Bodily, Mechanical, Financial"
hypermobile-eds-hsd,2394,cost,"Hypermobile Ehlers-Danlos / Hypermobility Spectrum Disorder — Loose Joints, Wide Costs",Emerging,4,harm severity /5,2,"Degrades: Bodily, Interoceptive, Emotional, Financial"
adhesive-capsulitis-frozen-shoulder,2395,cost,Adhesive Capsulitis (Frozen Shoulder) — Often Not the Self-Limiting Story,Moderate,3,harm severity /5,3,"Degrades: Bodily, Mechanical, Emotional, Financial"
chronic-ankle-instability,2396,cost,Chronic Ankle Instability — When a 'Simple Sprain' Never Ends,Moderate,3,harm severity /5,3,"Degrades: Bodily, Naturalist"
hallux-valgus-bunion,2397,cost,"Hallux Valgus (Bunion) — Common, Progressive, Underrated",Strong,2,harm severity /5,3,"Degrades: Bodily, Aesthetic, Naturalist"
age-related-hyperkyphosis,2398,cost,Age-Related Hyperkyphosis — The Stooped Posture That Predicts Falls and Death,Moderate,3,harm severity /5,3,"Degrades: Bodily, Aesthetic, Interoceptive"
fai-hip-labral-tear,2399,cost,Femoroacetabular Impingement & Hip Labral Tear — The Pre-Arthritic Trap,Moderate,3,harm severity /5,3,"Degrades: Bodily, Interoceptive, Emotional"
adult-osteomalacia,2400,cost,"Osteomalacia (Adult Bone Softening) — Reversible, but Often Missed",Moderate,3,harm severity /5,2,"Degrades: Bodily, Interoceptive"
plantar-fasciitis-heel-pain,2401,cost,Plantar Fasciitis / Plantar Heel Pain — The Slow Burn Under Every Step,Moderate,2,harm severity /5,3,"Degrades: Bodily, Naturalist, Emotional"
bone-stress-injury-stress-fracture,2402,cost,Bone Stress Injuries / Stress Fractures — Overload That Sidelines You,Moderate,2,harm severity /5,2,"Degrades: Bodily, Financial"
dupuytrens-contracture,2403,cost,Dupuytren's Contracture — The Hand That Slowly Curls Shut,Moderate,2,harm severity /5,2,"Degrades: Mechanical, Bodily"
trigger-finger-stenosing-tenosynovitis,2404,cost,"Trigger Finger (Stenosing Tenosynovitis) — Catching, Locking, and Diabetes",Moderate,2,harm severity /5,2,"Degrades: Mechanical, Bodily"
normalization-of-deviance,2405,weakness,Normalization of Deviance → Drift Into Catastrophe,Moderate,8,threat /10,2,"Degrades: Systemic risk perception, Social-Perceptual anomaly-reading, Moral vigilance"
production-pressure-over-safety,2406,weakness,Production Pressure Overriding Safety → The Drift to the Boundary,Moderate,8,threat /10,2,"Degrades: Systemic safety margins, Strategic prudence, Moral duty-of-care"
competency-trap-success-trap,2407,weakness,Competency Trap → Exploitation Crowds Out Exploration,Moderate,7,threat /10,2,"Degrades: Strategic renewal, Systemic learning, Creative exploration"
metric-fixation-goodhart-gaming,2408,weakness,"Metric Fixation & Gaming (Goodhart / Campbell) → The Number Improves, Reality Doesn't",Moderate,7,threat /10,2,"Degrades: Systemic honesty of signals, Strategic judgment, Mathematical integrity"
defensive-decision-making-cya,2409,weakness,Defensive Decision-Making (CYA) → Choosing the Self-Protective Second-Best,Moderate,6,threat /10,2,"Degrades: Leadership integrity, Strategic optimality, Volitional courage, Moral accountability"
failure-to-learn-from-failure,2410,weakness,Failure to Learn From Failure → Organizational Amnesia,Moderate,6,threat /10,2,"Degrades: Systemic learning, Meta-Cognitive reflection, Strategic improvement"
goal-displacement-means-ends,2411,weakness,"Goal Displacement / Means-Ends Inversion → Serving the Rule, Not the Mission",Moderate,6,threat /10,2,"Degrades: Systemic mission-alignment, Strategic adaptability, Meta-Cognitive purpose-tracking"
group-polarization-risky-shift,2412,weakness,Group Polarization → Discussion Pushes Groups to the Extreme,Strong,6,threat /10,2,"Degrades: Systemic calibration, Social-Perceptual balance, Strategic risk-judgment"
icarus-paradox-active-inertia,2413,weakness,Icarus Paradox / Active Inertia → Success Breeds the Seeds of Failure,Emerging,6,threat /10,2,"Degrades: Strategic adaptability, Leadership humility, Systemic renewal"
steep-authority-gradient,2414,weakness,"Steep Authority Gradient → Suppressed Dissent, Preventable Error",Moderate,6,threat /10,2,"Degrades: Social-Perceptual voice, Leadership challenge-tolerance, Interpersonal assertion, Systemic error-catching"
threat-rigidity-effect,2415,weakness,Threat-Rigidity Effect → Crises Trigger Rigidity When You Need Flexibility,Mixed,6,threat /10,2,"Degrades: Strategic adaptability, Systemic information-processing, Leadership openness, Creative response"
cost-prolonged-mechanical-ventilation-cci,2416,cost,Prolonged Mechanical Ventilation & Chronic Critical Illness,Strong,5,harm severity /5,2,"Degrades: Bodily vitality, Cognitive function, Volitional independence, Financial"
cost-alpha1-antitrypsin-deficiency,2417,cost,Alpha-1 Antitrypsin Deficiency (Early-Onset Emphysema),Moderate,4,harm severity /5,2,"Degrades: Bodily vitality, Financial security, Existential/legacy planning"
cost-chronic-hypersensitivity-pneumonitis,2418,cost,Chronic (Fibrotic) Hypersensitivity Pneumonitis,Moderate,4,harm severity /5,2,"Degrades: Bodily vitality, Naturalist/occupational function, Existential stability"
cost-central-sleep-apnea-hf,2419,cost,Central Sleep Apnea & Cheyne-Stokes Respiration in Heart Failure,Moderate,4,harm severity /5,2,"Degrades: Bodily vitality, Sleep architecture, Interoceptive stability, Emotional regulation"
cost-aspiration-pneumonia-dysphagia,2420,cost,Chronic Aspiration & Aspiration Pneumonia (Dysphagia),Moderate,4,harm severity /5,2,"Degrades: Bodily vitality, Interoceptive (swallow) function, Community participation, Financial"
cost-malignant-pleural-effusion-empyema,2421,cost,Pleural Effusion & Empyema (Malignant and Infective),Moderate,4,harm severity /5,2,"Degrades: Bodily vitality, Existential stability, Financial security"
cost-obesity-hypoventilation-syndrome,2422,cost,Obesity Hypoventilation Syndrome (Pickwickian Syndrome),Moderate,4,harm severity /5,2,"Degrades: Bodily vitality, Cognitive focus, Sleep quality, Financial (care costs)"
cost-recurrent-spontaneous-pneumothorax,2423,cost,Recurrent Spontaneous Pneumothorax,Strong,3,harm severity /5,2,"Degrades: Bodily vitality, Volitional freedom (activity restriction), Financial"
cost-idiopathic-subglottic-stenosis,2424,cost,Idiopathic Subglottic / Laryngotracheal Stenosis,Moderate,3,harm severity /5,2,"Degrades: Bodily vitality, Rhetorical/voice function, Volitional freedom"
cost-hht-chronic-epistaxis,2425,cost,Chronic Recurrent Epistaxis & Hereditary Hemorrhagic Telangiectasia,Moderate,3,harm severity /5,2,"Degrades: Bodily vitality, Emotional regulation, Community participation, Financial"
cost-exercise-induced-bronchoconstriction,2426,cost,Exercise-Induced Bronchoconstriction,Moderate,2,harm severity /5,2,"Degrades: Bodily vitality, Volitional freedom (activity), Emotional regulation"
cost-vocal-cord-dysfunction-ilo,2427,cost,Vocal Cord Dysfunction / Inducible Laryngeal Obstruction,Moderate,2,harm severity /5,2,"Degrades: Bodily vitality, Emotional regulation, Rhetorical/voice function"
cost-chronic-nasal-obstruction,2428,cost,Chronic Nasal Obstruction (Turbinate Hypertrophy & Septal Deviation),Moderate,2,harm severity /5,2,"Degrades: Sleep quality, Cognitive focus, Bodily comfort, Aesthetic (olfaction)"
cost-laryngopharyngeal-reflux-laryngitis,2429,cost,Laryngopharyngeal Reflux & Chronic Reflux Laryngitis,Mixed,2,harm severity /5,2,"Degrades: Rhetorical/voice function, Bodily comfort, Emotional regulation"
authority-uniform-compliance-impostor-scam,2430,weakness,Authority & Uniform Compliance → Impostor-Scam Victimization,Strong,6,threat /10,3,"Degrades: Street-Smarts, Social-Perceptual, Adversarial"
deadline-reliant-no-interim-milestones,2431,weakness,"Deadline-Reliant Work Style → No Interim Milestones, Eleventh-Hour Crunch",Moderate,6,threat /10,1,"Degrades: pacing, quality, resilience to disruption"
romance-scam-susceptibility,2432,weakness,Romance-Scam Susceptibility (Catfishing & Advance-Fee 'Love'),Moderate,6,threat /10,3,"Degrades: Street-Smarts, Emotional, Financial, Adversarial"
mere-urgency-effect,2433,weakness,The Mere-Urgency Effect → Chasing the Trivial-But-Timed,Moderate,6,threat /10,1,"Degrades: prioritization, strategic focus, goal payoff"
weak-social-engineering-resistance-pretexting-vishing,2434,weakness,Weak Social-Engineering Resistance (Pretexting & Vishing),Moderate,6,threat /10,2,"Degrades: Adversarial, Street-Smarts, Systemic"
adult-conformity-normative-pressure,2435,weakness,Adult Conformity to Normative Social Pressure,Strong,5,threat /10,2,"Degrades: Street-Smarts, Social-Perceptual, Volitional, Adversarial"
affinity-fraud-ingroup-trust,2436,weakness,Affinity-Fraud Vulnerability (Trusting Your Own Group),Emerging,5,threat /10,2,"Degrades: Street-Smarts, Financial, Community, Adversarial"
busyness-as-status-productivity-theater,2437,weakness,Busyness-as-Status → Productivity Theater Over Real Output,Moderate,5,threat /10,1,"Degrades: strategic prioritization, self-awareness, real throughput"
chronic-time-famine-perception,2438,weakness,Chronic Time-Famine → Feeling Perpetually Time-Poor,Moderate,5,threat /10,2,"Degrades: judgment under pressure, wellbeing, long-term investment"
commitment-consistency-fitd-lowball,2439,weakness,"Commitment-&-Consistency Exploitation (Foot-in-the-Door, Low-Ball)",Strong,5,threat /10,3,"Degrades: Adversarial, Volitional, Street-Smarts"
confidence-heuristic-overtrust-confident-source,2440,weakness,Confidence Heuristic → Over-Trusting the Confident (Not the Competent),Moderate,5,threat /10,2,"Degrades: Social-Perceptual, Adversarial, Meta-Cognitive, Financial"
greed-desire-too-good-to-be-true,2441,weakness,Desire-Driven Fraud Susceptibility (the 'Too Good to Be True' Blind Spot),Moderate,5,threat /10,3,"Degrades: Street-Smarts, Financial, Adversarial, Volitional"
overconfident-lie-detection-invalid-cues,2442,weakness,Overconfidence in Lie-Detection & Belief in Invalid 'Tells',Strong,5,threat /10,3,"Degrades: Adversarial, Social-Perceptual, Meta-Cognitive"
parkinsons-law-task-time-inflation,2443,weakness,Parkinson's Law → Task-Time Inflation With No Time-Boxing,Moderate,5,threat /10,2,"Degrades: throughput, self-regulation, schedule realism"
poor-source-credibility-lateral-reading,2444,weakness,Poor Source-Credibility Evaluation (No Lateral Reading),Moderate,5,threat /10,2,"Degrades: Street-Smarts, Meta-Cognitive, Adversarial"
social-proof-bandwagon-astroturf,2445,weakness,Social-Proof / Bandwagon Susceptibility → Herding & Astroturfing,Moderate,5,threat /10,2,"Degrades: Street-Smarts, Social-Perceptual, Adversarial"
weak-time-management-planning-habit,2446,weakness,Weak Time-Management Habit → Lower Performance and Wellbeing,Moderate,5,threat /10,1,"Degrades: goal attainment, life satisfaction, distress tolerance"
chronotype-task-synchrony-neglect,2447,weakness,Chronotype–Task Mismatch → Doing Hard Work at Your Worst Hours,Moderate,4,threat /10,2,"Degrades: energy-time matching, executive function, output quality"
gold-plating-perfectionistic-over-polishing,2448,weakness,Gold-Plating → Perfectionistic Over-Polishing as a Time Sink,Moderate,4,threat /10,1,"Degrades: throughput, prioritization, timely completion"
flattery-ingratiation-susceptibility,2449,weakness,Susceptibility to Flattery & Ingratiation,Moderate,4,threat /10,3,"Degrades: Social-Perceptual, Interpersonal, Adversarial"
myelodysplastic-syndromes-mds,2450,cost,Myelodysplastic Syndromes — Pre-Leukemic Marrow Failure,Strong,5,harm severity /5,2,"Degrades: Bodily vitality, Cognitive stamina, Volitional drive, Financial security"
primary-myelofibrosis,2451,cost,"Primary Myelofibrosis — Scarred Marrow, Shortest MPN Survival",Strong,5,harm severity /5,2,"Degrades: Bodily vitality, Interoceptive stamina, Volitional drive, Existential security"
disseminated-intravascular-coagulation-dic,2452,cost,Disseminated Intravascular Coagulation — Clotting and Bleeding at Once,Strong,5,harm severity /5,2,"Degrades: Systemic circulation, Bodily organ function, Existential survival"
aplastic-anemia-marrow-failure,2453,cost,"Aplastic Anemia — Empty Marrow, Pancytopenia",Strong,5,harm severity /5,3,"Degrades: Bodily vitality, Interoceptive stamina, Volitional drive, Financial security"
systemic-al-amyloidosis,2454,cost,Systemic AL Amyloidosis — Light Chains Poison the Heart,Strong,5,harm severity /5,2,"Degrades: Bodily organ function, Systemic circulation, Interoceptive stamina, Existential survival"
heparin-induced-thrombocytopenia-hit,2455,cost,Heparin-Induced Thrombocytopenia — The Paradoxical Clot,Strong,4,harm severity /5,2,"Degrades: Systemic circulation, Bodily limb integrity, Existential survival"
paroxysmal-nocturnal-hemoglobinuria-pnh,2456,cost,Paroxysmal Nocturnal Hemoglobinuria — Complement Attacks Its Own Blood,Strong,4,harm severity /5,2,"Degrades: Bodily vitality, Systemic circulation, Interoceptive stamina, Existential survival"
pernicious-anemia-b12-neuro,2457,cost,Pernicious Anemia & B12 Deficiency — Irreversible Nerve Damage,Strong,4,harm severity /5,2,"Degrades: Bodily coordination, Cognitive function, Interoceptive proprioception, Spatial navigation"
febrile-neutropenia,2458,cost,Febrile Neutropenia — The Oncology Emergency,Strong,4,harm severity /5,2,"Degrades: Bodily defense, Existential survival, Financial burden, Volitional continuity of treatment"
polycythemia-vera-thrombosis,2459,cost,"Polycythemia Vera — Thick Blood, Clots & Transformation",Strong,3,harm severity /5,2,"Degrades: Bodily vitality, Systemic circulation, Cognitive clarity, Existential security"
autoimmune-hemolytic-anemia,2460,cost,Autoimmune Hemolytic Anemia — Self-Destroying Red Cells,Moderate,3,harm severity /5,2,"Degrades: Bodily vitality, Interoceptive stamina, Systemic circulation, Emotional regulation"
g6pd-deficiency-hemolysis,2461,cost,G6PD Deficiency — Oxidative Hemolysis on Trigger,Strong,2,harm severity /5,2,"Degrades: Bodily vitality, Interoceptive stability, Naturalist/dietary safety"
von-willebrand-disease,2462,cost,Von Willebrand Disease — The Common Inherited Bleed,Strong,2,harm severity /5,2,"Degrades: Bodily vitality, Interoceptive stamina, Emotional wellbeing, Financial burden"
availability-cascade-susceptibility,2463,weakness,Availability Cascade → Believing What Everyone Keeps Repeating,Moderate,6,threat /10,1,"Degrades: Meta-Cognitive, Logical, Social-Perceptual"
psychic-numbing-compassion-fade,2464,weakness,"Psychic Numbing → The More Who Die, the Less We Care",Strong,6,threat /10,3,"Degrades: Moral, Logical, Financial"
correlation-neglect-risk,2465,weakness,Correlation Neglect → Treating Linked Risks as Independent,Moderate,5,threat /10,1,"Degrades: Financial, Mathematical, Strategic"
dread-unknown-risk-psychometric,2466,weakness,Dread & Unknown Risk → Systematically Misjudged Hazards,Strong,5,threat /10,2,"Degrades: Logical, Strategic, Financial"
probability-neglect-vivid-outcomes,2467,weakness,Probability Neglect → Emotion Swamps the Odds,Moderate,5,threat /10,2,"Degrades: Logical, Mathematical, Financial"
social-amplification-of-risk,2468,weakness,Social Amplification of Risk → Signals Blown Up or Silenced,Moderate,5,threat /10,1,"Degrades: Systemic, Strategic, Social-Perceptual"
warm-glow-impact-neglect-giving,2469,weakness,Warm-Glow Giving → Feeling Good Over Doing Good,Moderate,5,threat /10,3,"Degrades: Moral, Financial, Logical"
finite-pool-of-worry,2470,weakness,Finite Pool of Worry → New Fears Crowd Out Old,Moderate,4,threat /10,2,"Degrades: Strategic, Systemic, Meta-Cognitive"
over-insurance-modest-risks,2471,weakness,"Over-Insuring Modest Risks → Paying to Avoid Small, Affordable Losses",Strong,4,threat /10,1,"Degrades: Financial, Mathematical, Logical"
single-action-bias-risk,2472,weakness,Single-Action Bias → One Fix and You Stop,Moderate,4,threat /10,2,"Degrades: Strategic, Systemic, Volitional"
identifiable-victim-effect,2473,weakness,Identifiable-Victim Effect → One Named Face Outweighs Thousands,Mixed,3,threat /10,3,"Degrades: Moral, Logical, Financial"
structured-hiring-work-samples,2474,practice,Structured Hiring: Structured Interviews & Work Samples,Strong,4,impact magnitude /5,2,"practice: 'Bolsters Strategic, Systemic, Leadership, Pattern-Recognition'"
recognition-appreciation-work,2475,practice,Recognition & Appreciation at Work,Moderate,3,impact magnitude /5,2,"practice: 'Bolsters Leadership, Interpersonal, Emotional, Volitional'"
autonomy-supportive-management,2476,practice,Autonomy-Supportive Management (SDT),Moderate,3,impact magnitude /5,2,"practice: 'Bolsters Leadership, Interpersonal, Intrapersonal, Volitional'"
building-psychological-safety-leader,2477,practice,Building Psychological Safety (Leader Practice),Moderate,3,impact magnitude /5,3,"practice: 'Bolsters Leadership, Interpersonal, Systemic, Social-Perceptual'"
job-demands-resources-balancing,2478,practice,Managing Job Demands & Resources (JD-R),Moderate,3,impact magnitude /5,2,"practice: 'Bolsters Systemic, Leadership, Interoceptive, Volitional'"
team-charters-norms-role-clarity,2479,practice,"Team Charters, Norms & Role Clarity",Moderate,3,impact magnitude /5,2,"practice: 'Bolsters Systemic, Interpersonal, Strategic, Leadership'"
workplace-civility-crew,2480,practice,Workplace Civility Interventions (CREW),Moderate,3,impact magnitude /5,2,"practice: 'Bolsters Interpersonal, Moral, Community, Emotional'"
effective-one-on-ones-checkins,2481,practice,Effective One-on-Ones & Regular Check-Ins,Emerging,2,impact magnitude /5,2,"practice: 'Bolsters Leadership, Interpersonal, Emotional, Volitional'"
reducing-meeting-load,2482,practice,Reducing Meeting Load & Meeting Hygiene,Emerging,2,impact magnitude /5,2,"practice: 'Bolsters Systemic, Leadership, Volitional, Strategic'"
servant-leadership-honest,2483,practice,Servant Leadership (Honest),Moderate,3,impact magnitude /5,2,"practice: 'Bolsters Leadership, Moral, Interpersonal, Community'"
strengths-based-management,2484,practice,Strengths-Based Management (Honest — COI),Emerging,2,impact magnitude /5,2,"practice: 'Bolsters Leadership, Intrapersonal, Volitional, Interpersonal'"
transformational-leadership-behaviors,2485,practice,Transformational Leadership Behaviors,Moderate,3,impact magnitude /5,2,"practice: 'Bolsters Leadership, Rhetorical, Interpersonal, Strategic'"
participative-decision-making,2486,practice,Participative Decision-Making & Employee Voice,Mixed,2,impact magnitude /5,2,"practice: 'Bolsters Leadership, Interpersonal, Systemic, Volitional'"
cost-acromegaly-gh-excess,2487,cost,Acromegaly — Chronic Growth-Hormone Excess,Strong,4,harm severity /5,3,"Degrades: cardiovascular reserve, metabolic control, facial/skeletal integrity, sleep, longevity"
cost-congenital-adrenal-hyperplasia,2488,cost,Congenital Adrenal Hyperplasia (21-Hydroxylase Deficiency),Moderate,4,harm severity /5,2,"Degrades: salt/glucocorticoid homeostasis, crisis survival, growth & fertility, metabolic health"
cost-familial-hypercholesterolemia,2489,cost,Familial Hypercholesterolemia — Lifelong LDL Overload,Strong,4,harm severity /5,2,"Degrades: coronary integrity, vascular reserve, longevity — from birth onward"
cost-hypopituitarism,2490,cost,Hypopituitarism / Panhypopituitarism,Strong,4,harm severity /5,2,"Degrades: cardiovascular/cerebrovascular reserve, energy, longevity, sexual & metabolic function"
cost-primary-aldosteronism,2491,cost,Primary Aldosteronism (Conn's) — The Underdiagnosed Hypertension,Strong,4,harm severity /5,3,"Degrades: cardiovascular reserve, kidney function, stroke-free survival, blood-pressure control"
cost-multiple-endocrine-neoplasia,2492,cost,Multiple Endocrine Neoplasia (MEN1 / MEN2),Moderate,4,harm severity /5,3,"Degrades: survival, multiple endocrine organs, quality of life across the lifespan"
cost-pheochromocytoma-paraganglioma,2493,cost,Pheochromocytoma & Paraganglioma — Catecholamine Crisis,Moderate,4,harm severity /5,3,"Degrades: blood-pressure control, cardiac integrity, autonomic stability, survival"
cost-prolactinoma-hyperprolactinemia,2494,cost,Prolactinoma & Hyperprolactinemia,Moderate,3,harm severity /5,2,"Degrades: fertility, sex-hormone status, bone density, libido, vision (macroadenoma)"
cost-central-diabetes-insipidus,2495,cost,Central Diabetes Insipidus (AVP Deficiency),Moderate,3,harm severity /5,2,"Degrades: fluid/electrolyte balance, sleep, cognition under hypernatremia, safety when access to water is lost"
cost-siadh-hyponatremia,2496,cost,SIADH & Chronic Hyponatremia,Moderate,3,harm severity /5,3,"Degrades: gait stability, cognition, bone density, fall/fracture safety"
cost-mild-autonomous-cortisol-secretion,2497,cost,Mild Autonomous Cortisol Secretion (Adrenal Incidentaloma),Moderate,3,harm severity /5,3,"Degrades: bone density, glucose/BP control, cardiovascular reserve — subtly, over years"
cost-insulinoma,2498,cost,Insulinoma — Endogenous Hyperinsulinemic Hypoglycemia,Moderate,3,harm severity /5,2,"Degrades: cognition, consciousness, neurological safety, diagnostic delay burden"
steep-delay-discounting-transdiagnostic,2499,weakness,Steep Delay Discounting as a Transdiagnostic Trait,Strong,7,threat /10,2,"Degrades: long-horizon goal pursuit, Strategic planning, financial follow-through"
egocentric-credit-allocation,2500,weakness,Egocentric Credit Allocation (Over-Claiming Responsibility),Strong,6,threat /10,2,"Degrades: teamwork, marriage, fair credit-sharing, collaboration at scale"
pluralistic-ignorance,2501,weakness,Pluralistic Ignorance,Moderate,6,threat /10,2,"Degrades: acting on private judgment, whistleblowing, correcting bad norms, authentic group culture"
procrastination-mood-repair,2502,weakness,Procrastination as Short-Term Mood Repair,Moderate,6,threat /10,2,"Degrades: task initiation, Emotional self-regulation, future-self outcomes"
bystander-diffusion-responsibility,2503,weakness,Bystander Effect / Diffusion of Responsibility,Moderate,5,threat /10,2,"Degrades: taking initiative, moral action, ownership on teams, intervening when it counts"
cognitive-effort-discounting,2504,weakness,Cognitive-Effort Discounting / Demand Avoidance,Moderate,5,threat /10,2,"Degrades: hard-task engagement, Meta-Cognitive effort mobilization, Strategic follow-through"
illusion-of-asymmetric-insight,2505,weakness,Illusion of Asymmetric Insight,Moderate,5,threat /10,1,"Degrades: humility about being read, listening, de-escalation, self-disclosure calibration"
naive-cynicism,2506,weakness,Naive Cynicism,Moderate,5,threat /10,2,"Degrades: trust, negotiation, accepting genuine offers, seeing one's own bias"
outgroup-homogeneity-effect,2507,weakness,Outgroup Homogeneity Effect,Moderate,5,threat /10,2,"Degrades: seeing individuals within other groups, negotiation, coalition-building, fair judgment across lines"
motivational-intensity-effort-withdrawal,2508,weakness,Effort Withdrawal When Difficulty Is Unclear or Too High,Moderate,4,threat /10,2,"Degrades: effort mobilization, Volitional persistence, Strategic engagement"
group-attribution-error,2509,weakness,Group Attribution Error,Moderate,4,threat /10,2,"Degrades: reading electorates/committees/markets, targeting persuasion, avoiding collective blame"
linguistic-intergroup-bias,2510,weakness,Linguistic Intergroup Bias,Moderate,4,threat /10,2,"Degrades: fair communication, stereotype resistance, precise feedback, unbiased reporting"
reactive-over-proactive-control,2511,weakness,Over-Reliance on Reactive (vs Proactive) Control,Emerging,4,threat /10,1,"Degrades: anticipatory goal maintenance, Meta-Cognitive control, error-free follow-through"
stress-shift-habit-over-goal-directed,2512,weakness,Stress Shifts Control From Goal-Directed to Habitual,Mixed,4,threat /10,3,"Degrades: goal-directed action under pressure, Strategic flexibility, Interoceptive self-regulation"
defensive-pessimism-costs,2513,weakness,Defensive Pessimism vs Strategic Optimism — The Real Costs,Mixed,3,threat /10,2,"Degrades: Emotional ease, Intrapersonal wellbeing, Volitional future-orientation (context-dependent)"
false-uniqueness-effect,2514,weakness,False Uniqueness Effect,Emerging,3,threat /10,2,"Degrades: realistic self-assessment, learning from peers, help-seeking, humility"
trait-ascription-bias,2515,weakness,Trait Ascription Bias,Emerging,3,threat /10,2,"Degrades: modeling others as flexible, giving second chances, self-consistency, coaching others"
limited-willpower-lay-theory,2516,weakness,Believing Willpower Is a Limited Resource,Mixed,2,threat /10,2,Degrades: post-effort self-control (claimed) — but the effect is contested
cost-spinal-muscular-atrophy,2517,cost,Spinal Muscular Atrophy — Infantile Motor-Neuron Loss,Strong,5,harm severity /5,2,"Degrades: Bodily, Mechanical, Volitional"
cost-cerebral-palsy,2518,cost,Cerebral Palsy — Lifelong Motor Disability From Early Brain Injury,Strong,4,harm severity /5,2,"Degrades: Bodily, Mechanical, Linguistic, Spatial"
cost-cerebral-small-vessel-disease,2519,cost,Cerebral Small-Vessel Disease — Silent Driver of Stroke & Dementia,Strong,4,harm severity /5,3,"Degrades: Meta-Cognitive, Bodily, Volitional, Emotional"
cost-multiple-system-atrophy,2520,cost,Multiple System Atrophy — Autonomic Collapse With Parkinsonism,Moderate,5,harm severity /5,2,"Degrades: Bodily, Interoceptive, Volitional, Intrapersonal"
cost-progressive-supranuclear-palsy,2521,cost,"Progressive Supranuclear Palsy — Falls, Frozen Gaze",Moderate,5,harm severity /5,2,"Degrades: Bodily, Spatial, Volitional, Meta-Cognitive"
cost-status-epilepticus,2522,cost,Status Epilepticus — The Seizure That Won't Stop,Moderate,5,harm severity /5,2,"Degrades: Meta-Cognitive, Bodily, Interoceptive, Linguistic"
cost-charcot-marie-tooth,2523,cost,Charcot-Marie-Tooth Disease — The Most Common Inherited Neuropathy,Strong,3,harm severity /5,2,"Degrades: Bodily, Mechanical, Interoceptive, Aesthetic"
cost-nmosd,2524,cost,Neuromyelitis Optica Spectrum Disorder — Attacks That Blind and Paralyze,Moderate,4,harm severity /5,2,"Degrades: Spatial, Bodily, Mechanical, Interoceptive"
cost-cluster-headache,2525,cost,Cluster Headache — The 'Suicide Headache',Moderate,4,harm severity /5,2,"Degrades: Emotional, Volitional, Interpersonal, Intrapersonal"
cost-dystonia-isolated,2526,cost,"Isolated Dystonia — Twisting, Involuntary Postures",Moderate,3,harm severity /5,2,"Degrades: Bodily, Mechanical, Aesthetic, Intrapersonal"
cost-normal-pressure-hydrocephalus,2527,cost,Normal-Pressure Hydrocephalus — The Treatable Dementia Mimic,Moderate,3,harm severity /5,2,"Degrades: Bodily, Meta-Cognitive, Intrapersonal, Spatial"
illusion-of-validity,2528,weakness,Illusion of Validity → High Confidence in Low-Validity Predictions,Strong,7,threat /10,2,"Degrades: Meta-Cognitive, Logical, Strategic"
self-serving-fairness-impasse,2529,weakness,"Self-Serving Fairness Bias → Bargaining Impasse, Strikes & Costly Litigation",Strong,7,threat /10,2,"Degrades: settlement rates, dispute-resolution efficiency, realistic case valuation"
dollar-auction-entrapment,2530,weakness,Dollar-Auction Entrapment → Competitive Bidding Where Both Sides Overpay to Lose,Moderate,6,threat /10,3,"Degrades: bidding discipline, walk-away resolve, joint outcomes"
negotiator-overconfidence-frame,2531,weakness,"Negotiator Overconfidence → Overestimating Your Position, Fewer Concessions, Impasse",Moderate,6,threat /10,1,"Degrades: concession behavior, settlement success, realistic position appraisal"
overplacement-better-than-average,2532,weakness,Overplacement / Better-Than-Average → Thinking You Beat Most Others,Strong,6,threat /10,2,"Degrades: Meta-Cognitive, Intrapersonal, Strategic"
perspective-taking-failure,2533,weakness,Perspective-Taking Failure → Missed Integrative Value & Weaker Claiming,Moderate,6,threat /10,1,"Degrades: discovery of joint gains, resource claiming, deal-finding"
threats-mutual-escalation,2534,weakness,Reliance on Threats → Mutual Escalation & Worse Joint Outcomes,Moderate,6,threat /10,1,"Degrades: joint payoffs, de-escalation, cooperative settlement"
source-monitoring-errors,2535,weakness,Source-Monitoring Errors → Misattributing Where a Memory Came From,Strong,6,threat /10,2,"Degrades: Meta-Cognitive, Intrapersonal, Pattern-Recognition"
betrayal-aversion-undertrust,2536,weakness,Betrayal Aversion → Under-Trusting & Forgoing Profitable Cooperation,Moderate,5,threat /10,2,"Degrades: willingness to extend trust, cooperative gains, deal formation"
flashbulb-memory-overconfidence,2537,weakness,Flashbulb-Memory Overconfidence → Vivid but No More Accurate,Strong,5,threat /10,2,"Degrades: Meta-Cognitive, Intrapersonal"
imagination-inflation,2538,weakness,Imagination Inflation → Picturing an Event Makes You Sure It Happened,Moderate,5,threat /10,2,"Degrades: Meta-Cognitive, Intrapersonal"
overclaiming-knowledge,2539,weakness,Overclaiming → Claiming to Know Things That Don't Exist,Moderate,5,threat /10,2,"Degrades: Meta-Cognitive, Logical, Intrapersonal"
time-pressure-closes-mind,2540,weakness,Time Pressure → 'Closing of the Mind' & Less Integrative Deals,Moderate,5,threat /10,1,"Degrades: information processing, fixed-pie correction, deal quality"
ultimatum-spite-rejection,2541,weakness,Ultimatum-Game Spite → Rejecting Unfair-but-Positive Offers to Punish the Other Side,Strong,5,threat /10,1,"Degrades: acceptance of positive-EV deals, emotional self-regulation, payoff maximization"
cryptomnesia-inadvertent-plagiarism,2542,weakness,Cryptomnesia → Presenting Someone Else's Idea as Your Own Original,Moderate,4,threat /10,2,"Degrades: Meta-Cognitive, Creative, Intrapersonal"
hard-easy-effect,2543,weakness,Hard-Easy Effect → Most Overconfident Exactly When Questions Are Hardest,Mixed,4,threat /10,2,"Degrades: Meta-Cognitive, Logical"
perceptual-fluency-truth,2544,weakness,Perceptual Fluency → Truth: Easy-to-Read Feels True,Moderate,4,threat /10,2,"Degrades: Meta-Cognitive, Logical, Pattern-Recognition"
thats-not-all-nibble,2545,weakness,The 'That's-Not-All' / Nibble → Bleeding Concessions After the Anchor Is Set,Moderate,4,threat /10,1,"Degrades: resistance to sweetened offers, price discipline, post-agreement holdout"
suicide-global-epidemiology-yll,2546,cost,Suicide — Global Epidemiology & Years of Life Lost,Strong,5,harm severity /5,2,"Degrades: physical survival, family wellbeing, community, every capacity"
opioid-use-disorder-overdose-mortality,2547,cost,Opioid Use Disorder — Overdose Mortality & Economic Toll,Strong,5,harm severity /5,3,"Degrades: Volitional, physical survival, Financial, Interpersonal, occupational function"
amphetamine-use-disorder-burden,2548,cost,Amphetamine / Methamphetamine Use Disorder — Burden,Strong,4,harm severity /5,2,"Degrades: Volitional, physical health, Financial, cognition, Interpersonal"
cocaine-use-disorder-burden,2549,cost,Cocaine Use Disorder — Burden,Moderate,4,harm severity /5,2,"Degrades: Volitional, cardiovascular health, Financial, Interpersonal, occupational function"
gambling-disorder-burden,2550,cost,Gambling Disorder — Burden & Financial Harm,Moderate,4,harm severity /5,2,"Degrades: Financial, Volitional, Interpersonal, mental health, family stability"
mdd-global-burden-economic-cost,2551,cost,Major Depressive Disorder — Global Burden & Economic Cost,Strong,4,harm severity /5,3,"Degrades: Volitional, Emotional, Interpersonal, occupational function, Intrapersonal"
ptsd-cross-national-prevalence-undertreatment,2552,cost,"PTSD — Cross-National Prevalence, Chronicity & Undertreatment",Strong,4,harm severity /5,2,"Degrades: Emotional, Interoceptive, Interpersonal, Volitional, occupational function"
anxiety-disorders-prevalence-disability-burden,2553,cost,Anxiety Disorders — Prevalence & Disability Burden,Strong,3,harm severity /5,3,"Degrades: Emotional, Social-Perceptual, Volitional, Interoceptive, quality of life"
conduct-disorder-childhood-onset-burden,2554,cost,Conduct Disorder — Childhood-Onset Burden,Moderate,3,harm severity /5,2,"Degrades: Moral, Social-Perceptual, Volitional, education, adult life outcomes"
cannabis-use-disorder-burden,2555,cost,Cannabis Use Disorder — Burden,Moderate,3,harm severity /5,2,"Degrades: Volitional, cognition, Meta-Cognitive, occupational function, mental health"
experiential-avoidance,2556,weakness,"Experiential Avoidance → Running From Feeling, Losing the Goal",Strong,7,threat /10,2,"Degrades: values-based action, exposure/approach behavior, distress recovery"
distress-intolerance,2557,weakness,Distress Intolerance → Bailing the Moment It Gets Uncomfortable,Moderate,6,threat /10,1,"Degrades: persistence, impulse control, exposure tolerance"
boredom-proneness,2558,weakness,Boredom Proneness → Chronic Understimulation That Abandons the Path,Emerging,5,threat /10,2,"Degrades: sustained attention, goal maintenance, impulse control"
dampening-positive-affect,2559,weakness,Dampening Positive Affect → Killing the Reward Before It Fuels You,Moderate,5,threat /10,1,"Degrades: motivation, savoring, positive reinforcement of effort"
emotional-inertia,2560,weakness,Emotional Inertia → Feelings That Won't Update to Reality,Moderate,5,threat /10,2,"Degrades: emotional flexibility, context-sensitivity, recovery speed"
immune-neglect,2561,weakness,Immune Neglect → Blindness to Your Own Psychological Recovery,Strong,5,threat /10,2,"Degrades: bold risk-taking, recovery forecasting, resilient goal pursuit"
low-emotional-granularity,2562,weakness,Low Emotional Granularity → 'I Just Feel Bad' and Can't Steer,Moderate,5,threat /10,2,"Degrades: emotion regulation, adaptive coping, impulse control"
low-prevalence-effect-visual-search,2563,weakness,Low-Prevalence Effect (Rare-Target Misses),Strong,5,threat /10,2,"Degrades: screening for rare signals, baggage/tumor/weapon detection"
satisfaction-of-search-subsequent-miss,2564,weakness,Satisfaction of Search / Subsequent Search Miss,Strong,5,threat /10,3,"Degrades: multi-target search, radiographic reading, second-fault detection"
affect-as-information-misattribution,2565,weakness,Affect-as-Information Misattribution → Today's Mood Rewrites Your Big Judgments,Mixed,4,threat /10,2,"Degrades: life-satisfaction judgment, decision quality, self-appraisal accuracy"
own-race-bias-face-recognition,2566,weakness,Cross-Race (Own-Race Bias) Face Deficit,Strong,4,threat /10,2,"Degrades: other-race face recognition, cross-race eyewitness ID"
fear-of-happiness,2567,weakness,Fear of Happiness → Believing Joy Invites Disaster,Emerging,4,threat /10,1,"Degrades: goal ambition, savoring, approach motivation"
motion-induced-blindness,2568,weakness,Motion-Induced Blindness,Strong,4,threat /10,2,"Degrades: detecting a static object amid motion, hazard-spotting while scanning"
region-beta-paradox,2569,weakness,Region-Beta Paradox → Mild Miseries That Never Trigger Repair,Moderate,4,threat /10,1,"Degrades: problem-solving activation, corrective action, sustained motivation"
somatic-marker-misfires,2570,weakness,Somatic-Marker Misfires → Trusting a Miscalibrated Gut,Mixed,4,threat /10,2,"Degrades: value-based choice, risk calibration, decision under uncertainty"
weapon-focus-effect,2571,weakness,Weapon-Focus Effect,Moderate,4,threat /10,2,"Degrades: face/feature encoding during threat, eyewitness perpetrator descriptions"
banner-blindness,2572,weakness,Banner Blindness,Moderate,3,threat /10,2,"Degrades: noticing info in ad-like positions/styling, on-screen search"
boundary-extension,2573,weakness,Boundary Extension,Strong,3,threat /10,2,"Degrades: spatial layout memory, scene-extent judgments, imagery-based navigation"
cocktail-party-attentional-capture,2574,weakness,Cocktail-Party Attentional Capture,Moderate,3,threat /10,2,"Degrades: sustained focus, distractor inhibition when a salient cue intrudes"
low-perceptual-load-leaky-attention,2575,weakness,Low-Load Leaky Attention (Load Theory),Moderate,3,threat /10,2,"Degrades: focus on easy tasks, resistance to salient distractors"
frequency-illusion-baader-meinhof,2576,weakness,Frequency Illusion (Baader-Meinhof),Emerging,2,threat /10,2,"Degrades: base-rate estimation, false 'sudden pattern' perception"
sudden-cardiac-death-epi,2577,cost,Sudden Cardiac Death — Epidemiology,Strong,5,harm severity /5,2,"Degrades: survival, and the reserve behind every other capacity"
abdominal-aortic-aneurysm,2578,cost,"Abdominal Aortic Aneurysm — Silent Growth, Catastrophic Rupture",Strong,5,harm severity /5,2,"Degrades: survival, physical function, longevity"
rheumatic-heart-disease,2579,cost,Rheumatic Heart Disease,Strong,4,harm severity /5,2,"Degrades: valve function, cardiovascular reserve, survival, healthy years"
cardiorenal-syndrome,2580,cost,Cardiorenal Syndrome — Heart and Kidney Failing Together,Strong,4,harm severity /5,2,"Degrades: cardiovascular reserve, kidney function, survival"
diabetic-kidney-disease,2581,cost,Diabetic Kidney Disease (Diabetic Nephropathy),Strong,4,harm severity /5,2,"Degrades: kidney function, cardiovascular reserve, energy, survival"
hfpef-preserved-ef,2582,cost,Heart Failure with Preserved Ejection Fraction (HFpEF),Strong,4,harm severity /5,2,"Degrades: exertional capacity, cardiovascular reserve, longevity, independence"
iga-nephropathy,2583,cost,IgA Nephropathy (Berger Disease),Strong,4,harm severity /5,2,"Degrades: kidney function, energy, longevity"
mitral-regurgitation,2584,cost,Mitral Regurgitation — The Leaking Valve,Strong,4,harm severity /5,2,"Degrades: cardiac output, exertional capacity, survival"
elevated-lipoprotein-a,2585,cost,Elevated Lipoprotein(a),Strong,3,harm severity /5,2,"Degrades: coronary integrity, aortic valve, stroke-free survival"
left-ventricular-hypertrophy,2586,cost,Left Ventricular Hypertrophy,Strong,3,harm severity /5,2,"Degrades: cardiovascular reserve, stroke-free survival, longevity"
employer-stock-overweighting,2587,weakness,Employer-Stock Overweighting in 401(k)s,Strong,7,threat /10,1,"Degrades: Financial, Strategic, Intrapersonal"
overtrading-turnover-cost,2588,weakness,Overtrading → Turnover Bleeds Return,Strong,7,threat /10,1,"Degrades: Financial, Strategic, Intrapersonal"
return-extrapolation-bubbles,2589,weakness,Return Extrapolation → Buying Tops,Strong,7,threat /10,1,"Degrades: Financial, Strategic, Pattern-Recognition"
attention-driven-buying,2590,weakness,Attention-Driven Buying (All That Glitters),Strong,6,threat /10,1,"Degrades: Financial, Strategic, Social-Perceptual"
intention-behavior-gap-physical-activity,2591,weakness,Intention–Behavior Gap in Physical Activity,Moderate,6,threat /10,2,"weakness: 'Degrades: exercise follow-through, fitness goals, activity adherence, planned self-change'"
lottery-skewness-stocks,2592,weakness,Lottery-Stock / Skewness Preference,Strong,6,threat /10,1,"Degrades: Financial, Strategic, Adversarial"
overconfidence-gender-trading,2593,weakness,Overconfidence Trading (Boys Will Be Boys),Strong,6,threat /10,1,"Degrades: Financial, Intrapersonal, Meta-Cognitive"
revenge-bedtime-procrastination,2594,weakness,Revenge Bedtime Procrastination,Emerging,6,threat /10,3,"weakness: 'Degrades: sleep duration, next-day self-regulation, mood stability, goal follow-through'"
under-diversification,2595,weakness,Under-Diversification (Too Few Stocks),Strong,6,threat /10,1,"Degrades: Financial, Mathematical, Strategic"
self-report-bias-intake-activity,2596,weakness,Underreporting Intake / Overestimating Activity,Strong,6,threat /10,2,"weakness: 'Degrades: self-monitoring accuracy, energy-balance judgment, diagnosis of stalled goals'"
debt-account-aversion,2597,weakness,Debt-Account Aversion → Wrong Payoff Order,Moderate,5,threat /10,1,"Degrades: Financial, Mathematical, Volitional"
exercise-energy-compensation-eating,2598,weakness,Exercise Energy Compensation & Compensatory Eating,Mixed,5,threat /10,3,"weakness: 'Degrades: exercise-driven weight loss, energy balance, diet adherence, calorie estimation'"
false-hope-syndrome-restart-cycling,2599,weakness,False-Hope Syndrome & Restart Cycling,Emerging,5,threat /10,2,"weakness: 'Degrades: sustainable change, self-efficacy, realistic goal-setting, long-term adherence'"
habit-disruption-relapse-life-transitions,2600,weakness,Habit-Disruption Relapse in Life Transitions,Moderate,5,threat /10,2,"weakness: 'Degrades: maintained exercise habits, routine adherence, healthy-behavior continuity'"
local-equity-bias,2601,weakness,Local Equity Bias (Home Bias at Home),Strong,5,threat /10,1,"Degrades: Financial, Spatial, Strategic"
naive-1-over-n-diversification,2602,weakness,Naive 1/N Diversification,Strong,5,threat /10,1,"Degrades: Financial, Mathematical, Strategic"
screen-media-bedtime-sleep-displacement,2603,weakness,Screen-Media Bedtime Displacement of Sleep,Moderate,5,threat /10,2,"weakness: 'Degrades: sleep duration, sleep onset, sleep quality, daytime functioning'"
self-exempting-beliefs-smokers,2604,weakness,Self-Exempting Beliefs in Smokers,Moderate,5,threat /10,2,"weakness: 'Degrades: quit attempts, quit intentions, risk acceptance, cessation success'"
unrealistic-optimism-health-risk,2605,weakness,Unrealistic Optimism About Personal Health Risk,Moderate,5,threat /10,3,"weakness: 'Degrades: screening uptake, risk appraisal, prevention behavior, adherence'"
what-the-hell-counterregulatory-eating,2606,weakness,What-the-Hell Effect (Counterregulatory Eating),Mixed,5,threat /10,3,"weakness: 'Degrades: diet adherence, restraint recovery, self-efficacy, weight goals'"
compensatory-health-beliefs,2607,weakness,Compensatory Health Beliefs,Mixed,4,threat /10,2,"weakness: 'Degrades: diet adherence, goal consistency, honest self-regulation, weight goals'"
payment-depreciation,2608,weakness,Payment Depreciation → Sunk Money Forgotten,Moderate,4,threat /10,1,"Degrades: Financial, Interoceptive, Intrapersonal"
cost-cancer-esophageal-squamous,2609,cost,Esophageal Squamous Cell Carcinoma — The Alcohol-and-Tobacco Cancer,Strong,5,harm severity /5,1,"Degrades: Bodily, Interoceptive, Financial, Existential, Emotional"
cost-cancer-inflammatory-breast,2610,cost,"Inflammatory Breast Cancer (IBC) — Rare, Fast, Often Missed",Strong,5,harm severity /5,2,"Degrades: Bodily, Interoceptive, Emotional, Financial, Existential"
cost-cancer-cervical-invasive,2611,cost,"Invasive Cervical Cancer — Nearly Preventable, Still Killing",Strong,5,harm severity /5,2,"Degrades: Bodily, Interoceptive, Financial, Existential, Community"
cost-cancer-small-cell-lung,2612,cost,Small Cell Lung Cancer (SCLC) — The Aggressive Lung Subtype,Strong,5,harm severity /5,2,"Degrades: Bodily, Interoceptive, Financial, Existential, Emotional"
cost-cancer-gastric-signet-ring,2613,cost,Diffuse / Signet-Ring Gastric Cancer — The Scattering Stomach Tumor,Moderate,5,harm severity /5,2,"Degrades: Bodily, Interoceptive, Financial, Existential, Emotional"
cost-cancer-metastatic-melanoma-stage4,2614,cost,Metastatic (Stage IV) Melanoma — The Immunotherapy Turnaround,Strong,4,harm severity /5,2,"Degrades: Bodily, Interoceptive, Existential, Emotional, Financial"
cost-cancer-multiple-myeloma,2615,cost,"Multiple Myeloma — Treatable, Not Yet Curable",Strong,4,harm severity /5,2,"Degrades: Bodily, Interoceptive, Financial, Existential, Emotional"
cost-cancer-all-leukemia,2616,cost,"Acute Lymphoblastic Leukemia (ALL) — A Pediatric Success, an Adult Struggle",Strong,4,harm severity /5,2,"Degrades: Bodily, Interoceptive, Financial, Existential, Parental"
cost-cancer-dlbcl,2617,cost,Diffuse Large B-Cell Lymphoma (DLBCL) — Aggressive but Often Curable,Strong,4,harm severity /5,2,"Degrades: Bodily, Interoceptive, Emotional, Financial, Existential"
cost-cancer-merkel-cell,2618,cost,"Merkel Cell Carcinoma — Rare, Fast, UV- and Virus-Driven",Moderate,4,harm severity /5,2,"Degrades: Bodily, Interoceptive, Existential, Emotional, Financial"
cost-cancer-triple-negative-breast,2619,cost,Triple-Negative Breast Cancer (TNBC) — The Subtype Without a Target,Strong,4,harm severity /5,2,"Degrades: Bodily, Interoceptive, Financial, Emotional, Existential"
cost-cancer-cll,2620,cost,Chronic Lymphocytic Leukemia (CLL) — The Slow Leukemia,Strong,3,harm severity /5,2,"Degrades: Bodily, Interoceptive, Emotional, Financial, Existential"
cost-cancer-cutaneous-scc,2621,cost,"Cutaneous Squamous Cell Carcinoma (cSCC) — Common, Usually Curable, Not Harmless",Moderate,3,harm severity /5,2,"Degrades: Bodily, Aesthetic, Financial, Interoceptive, Emotional"
cost-cancer-basal-cell,2622,cost,"Basal Cell Carcinoma (BCC) — The Most Common Cancer, Rarely Deadly",Strong,2,harm severity /5,1,"Degrades: Aesthetic, Bodily, Financial, Interoceptive"
unity-shared-identity-exploitation,2623,weakness,The Unity Principle → 'One of Us' Framing That Overrides Your Judgment,Moderate,5,threat /10,2,"weakness: 'Degrades: Adversarial, Social-Perceptual, Moral, Financial'"
transactive-memory-breakdown,2624,weakness,Transactive-Memory Breakdown → Nobody Knows Who Knows What,Moderate,5,threat /10,2,"Degrades: distributed-knowledge retrieval, coordination, team decision quality"
byaf-but-you-are-free-reactance-bypass,2625,weakness,'But You Are Free' → A Freedom Reminder That Quietly Doubles Compliance,Moderate,4,threat /10,1,"weakness: 'Degrades: Adversarial, Rhetorical, Financial, Volitional'"
legitimizing-paltry-contributions-even-a-penny,2626,weakness,'Even a Penny Helps' → Legitimized Minimal Asks You Can't Justify Refusing,Moderate,4,threat /10,2,"weakness: 'Degrades: Adversarial, Financial, Street-Smarts, Moral'"
condorcet-arrow-intransitive-preferences,2627,weakness,Condorcet Cycle → A Group of Rational People With No Rational Preference,Strong,4,threat /10,2,"Degrades: stable collective choice, agenda fairness, coherent group ranking"
discursive-dilemma-judgment-aggregation,2628,weakness,Discursive Dilemma → Majority Voting Produces an Incoherent Group Verdict,Strong,4,threat /10,2,"Degrades: logically consistent collective decisions, rule-based governance, panel/jury coherence"
disrupt-then-reframe-confusion-compliance,2629,weakness,Disrupt-then-Reframe → Momentary Confusion That Is Instantly Sold To,Moderate,4,threat /10,2,"weakness: 'Degrades: Adversarial, Rhetorical, Financial, Volitional'"
fear-then-relief-compliance,2630,weakness,Fear-then-Relief → Sudden Relief That Leaves You Defenselessly Agreeable,Emerging,4,threat /10,1,"weakness: 'Degrades: Adversarial, Emotional, Volitional, Financial'"
illusion-of-group-productivity,2631,weakness,Illusion of Group Productivity → Loving a Method That Loses,Moderate,4,threat /10,2,"Degrades: idea generation, meta-cognitive accuracy, choosing effective process"
incidental-similarity-manufactured-rapport,2632,weakness,Incidental Similarity → Manufactured 'What a Coincidence' Rapport,Moderate,4,threat /10,1,"weakness: 'Degrades: Social-Perceptual, Adversarial, Interpersonal, Financial'"
information-cascade-rational-herding,2633,weakness,Information Cascade → A Sequence of 'Rational' Choices Locks In the Wrong One,Mixed,4,threat /10,2,"Degrades: aggregation of private information, market/board decisions, error-correction"
not-invented-here-syndrome,2634,weakness,Not-Invented-Here Syndrome → Rejecting Knowledge From Outside,Moderate,4,threat /10,2,"Degrades: external-knowledge absorption, innovation, cross-unit learning"
serial-reproduction-rumor-distortion,2635,weakness,Serial Reproduction → The Message Mutates Down the Chain,Mixed,4,threat /10,2,"Degrades: information fidelity across handoffs, shared situational awareness"
the-lure-sunk-decision-compliance,2636,weakness,"The Lure → Committing to a Great Deal, Then Redirected to a Worse One",Moderate,4,threat /10,2,"weakness: 'Degrades: Adversarial, Volitional, Financial, Strategic'"
participation-inequality-collective-intelligence,2637,weakness,Turn-Taking Inequality → Weaker 'Collective Intelligence' (Honest: c-Factor Contested),Mixed,4,threat /10,3,"Degrades: group problem-solving, idea aggregation, use of members' knowledge"
deindividuation-mob,2638,weakness,Deindividuation → Anonymity 'Dissolves' Restraint (Honest: Weak Meta Support),Mixed,3,threat /10,1,"Degrades: moral self-regulation in crowds, norm adherence, accountable conduct"
foot-in-the-mouth-greeting-commitment,2639,weakness,Foot-in-the-Mouth → 'How Are You?' as a Trap for Consistency,Mixed,3,threat /10,1,"weakness: 'Degrades: Adversarial, Interpersonal, Volitional, Financial'"
group-attribution-error,2640,weakness,Group Attribution Error → Reading a Vote as Everyone's Belief,Moderate,3,threat /10,1,"Degrades: accurate read of groups, negotiation, stereotype resistance"
incidental-touch-midas-touch-compliance,2641,weakness,The Midas Touch → A Fleeting Touch That Buys Your Compliance,Mixed,3,threat /10,1,"weakness: 'Degrades: Adversarial, Interoceptive, Social-Perceptual, Financial'"
pique-technique-script-disruption,2642,weakness,The Pique Technique → Odd Requests That Bypass Your Refusal Script,Mixed,3,threat /10,2,"weakness: 'Degrades: Adversarial, Street-Smarts, Financial, Volitional'"
cost-congenital-syphilis,2643,cost,Congenital Syphilis,Strong,5,harm severity /5,3,"Degrades: infant survival, healthy development, bone and neuro integrity"
cost-fulminant-cdiff-toxic-megacolon,2644,cost,Fulminant C. difficile Colitis / Toxic Megacolon,Strong,5,harm severity /5,3,"Degrades: survival, gut integrity, physiological stability"
cost-herpes-simplex-encephalitis,2645,cost,Herpes Simplex Encephalitis,Strong,5,harm severity /5,3,"Degrades: memory, personality, language, executive function"
cost-meningococcal-septicemia,2646,cost,Meningococcal Septicemia (Purpura Fulminans),Strong,5,harm severity /5,3,"Degrades: survival, limb integrity, hearing, skin"
cost-necrotizing-fasciitis,2647,cost,Necrotizing Fasciitis,Strong,5,harm severity /5,3,"Degrades: survival, limb integrity, physical function"
cost-cryptococcal-meningitis-hiv,2648,cost,Cryptococcal Meningitis (HIV-Associated),Strong,5,harm severity /5,3,"Degrades: survival, cognition, vision"
cost-cerebral-malaria,2649,cost,Cerebral Malaria,Strong,5,harm severity /5,3,"Degrades: survival, cognition, motor and language function"
cost-invasive-nontyphoidal-salmonella,2650,cost,Invasive Non-typhoidal Salmonella (iNTS),Strong,4,harm severity /5,3,"Degrades: survival, years of healthy life, child development"
cost-streptococcal-toxic-shock,2651,cost,Streptococcal Toxic Shock Syndrome,Moderate,5,harm severity /5,3,"Degrades: survival, organ function, limb integrity"
cost-diabetic-foot-osteomyelitis,2652,cost,Diabetic Foot Osteomyelitis,Strong,4,harm severity /5,3,"Degrades: mobility, independence, endurance, survival"
cost-mdr-xdr-tuberculosis,2653,cost,Multidrug-Resistant Tuberculosis (MDR/RR-TB),Strong,4,harm severity /5,3,"Degrades: survival, lung function, years of productive life"
cost-ventilator-associated-pneumonia,2654,cost,Ventilator-Associated Pneumonia,Strong,3,harm severity /5,3,"Degrades: survival, recovery time, healthcare cost"
garden-of-forking-paths-multiple-comparisons,2655,weakness,Garden of Forking Paths → Silent Multiple Comparisons Manufacture Significance,Strong,7,threat /10,2,"Degrades: hypothesis testing, evidence trust, research/analytics discipline"
ludic-fallacy,2656,weakness,Ludic Fallacy → Treating Real-World Uncertainty Like a Game with Known Odds,Emerging,7,threat /10,1,"Degrades: tail-risk assessment, financial judgment, strategy under uncertainty"
overfitting-to-noise,2657,weakness,Overfitting to Noise → Models That Fit the Past and Fail the Future,Strong,7,threat /10,1,"Degrades: prediction, model selection, financial/strategic forecasting"
simpsons-paradox-misreading,2658,weakness,Simpson's Paradox Misreading → Aggregates That Reverse Within Groups,Strong,7,threat /10,2,"Degrades: causal inference, subgroup reasoning, policy/strategy decisions"
collider-berkson-bias,2659,weakness,Berkson's Paradox / Collider Bias → Conditioning on a Common Effect Fabricates Correlations,Strong,6,threat /10,2,"Degrades: causal inference, sample-based generalization, epidemiological reasoning"
ecological-fallacy,2660,weakness,Ecological Fallacy → Inferring Individuals from Group-Level Correlations,Strong,6,threat /10,1,"Degrades: individual-level inference, social/data reasoning, generalization"
identity-fusion-extreme-progroup-sacrifice,2661,weakness,Identity Fusion → When 'We' Swallows 'I' and You'll Die for It,Moderate,6,threat /10,2,"Degrades: self-preservation, moral independence from the group, exit capacity, proportional judgment"
prosecutors-fallacy-transposed-conditional,2662,weakness,Prosecutor's Fallacy → Confusing P(evidence | innocent) with P(innocent | evidence),Strong,6,threat /10,1,"Degrades: probabilistic reasoning, evidence weighting, just decisions"
texas-sharpshooter-fallacy,2663,weakness,Texas Sharpshooter Fallacy → Drawing the Target Around the Cluster You Found,Strong,6,threat /10,2,"Degrades: hypothesis discipline, causal attribution, threat/opportunity assessment"
threatened-egotism-defensive-aggression,2664,weakness,Threatened Egotism → Attacking Whoever Dents Your Self-Image,Moderate,6,threat /10,2,"Degrades: relationships, feedback intake, conflict de-escalation, collaboration, reputation"
clustering-illusion,2665,weakness,Clustering Illusion → Seeing Signal in the Streaks Randomness Naturally Produces,Mixed,5,threat /10,2,"Degrades: randomness intuition, pattern discipline, streak-based forecasting"
identity-protective-cognition-motivated-numeracy,2666,weakness,Identity-Protective Cognition → Your Best Reasoning Serving Your Tribe,Mixed,5,threat /10,2,"Degrades: quantitative objectivity, updating on evidence, cross-group truth-seeking, science comprehension"
system-justification-defending-harmful-status-quo,2667,weakness,System Justification → Defending the System That's Sinking You,Moderate,5,threat /10,2,"Degrades: self-advocacy, collective action, grievance recognition, entitlement, structural clarity"
will-rogers-stage-migration,2668,weakness,Will Rogers Phenomenon → Reclassification That Improves Every Group's Average,Strong,5,threat /10,1,"Degrades: outcome comparison, trend interpretation, benchmarking"
effort-justification-severe-initiation,2669,weakness,Effort Justification → Loving What Cost You Most,Moderate,4,threat /10,2,"Degrades: sunk-cost detachment, honest value appraisal, exit decisions, mentee/hazing judgment"
induced-compliance-insufficient-justification,2670,weakness,Insufficient-Justification Trap → Believing Your Own Small Lie,Moderate,4,threat /10,2,"Degrades: attitude integrity, resistance to manipulation, honest self-report, value stability"
post-decision-dissonance-spreading-alternatives,2671,weakness,Post-Decision Dissonance → Auto-Justifying the Path You Took,Mixed,4,threat /10,2,"Degrades: honest option review, reversibility, calibrated confidence, learning from choices"
choice-supportive-memory-bias,2672,weakness,Choice-Supportive Memory → Rewriting the Past to Flatter Your Decision,Mixed,3,threat /10,2,"Degrades: accurate hindsight, decision post-mortems, learning from mistakes, calibration"
mortality-salience-worldview-defense,2673,weakness,Mortality-Salience Worldview Defense → A Classic That Failed to Replicate,Mixed,3,threat /10,2,Degrades: open-minded worldview appraisal under death reminders (claimed) — replication now doubtful
stereotype-threat-fragile-effect,2674,weakness,Stereotype Threat → A Real-Sounding Effect That Barely Holds Up,Mixed,2,threat /10,3,"Degrades: test performance under identity cue (claimed) — but honestly, negligibly in most samples"
self-reference-effect-encoding,2675,practice,Self-Reference Effect (Encode to Yourself),Strong,3,impact magnitude /5,2,"practice: 'Bolsters clusters: Elaborative Interrogation, Self-Explanation, Dual Coding'"
enactment-effect-spt,2676,practice,Enactment / Learning by Doing Actions (Subject-Performed Tasks),Strong,3,impact magnitude /5,1,"practice: 'Bolsters clusters: The Drawing Effect, Deliberate Practice & Skill Acquisition, Mental Practice / Motor Imagery'"
forward-testing-effect,2677,practice,Forward Testing Effect (Quizzing Boosts Learning of the NEXT Thing),Moderate,3,impact magnitude /5,2,"practice: 'Bolsters clusters: Retrieval Practice With Feedback, Pretesting / Errorful Generation, Spaced / Distributed Practice'"
drawing-effect-recall,2678,practice,The Drawing Effect (Draw It to Remember It),Moderate,3,impact magnitude /5,2,"practice: 'Bolsters clusters: Dual Coding, Concept Mapping, Memory Palace / Method of Loci'"
production-effect-study-aloud,2679,practice,Production Effect (Read Key Items Aloud),Moderate,2,impact magnitude /5,2,"practice: 'Bolsters clusters: The Generation Effect, Self-Explanation, Dual Coding'"
survival-processing-effect,2680,practice,Survival Processing (Encode for 'Would This Help Me Survive?'),Moderate,2,impact magnitude /5,2,"practice: 'Bolsters clusters: Self-Reference Effect, Elaborative Interrogation, Dual Coding'"
imagery-for-text,2681,practice,"Imagery for Text (Picture-It-While-Reading) — Honest, Low Utility",Mixed,2,impact magnitude /5,1,"practice: 'Bolsters clusters: Dual Coding, Summarization, Self-Explanation'"
pegword-mnemonic,2682,practice,"Pegword Mnemonic (One-Is-a-Bun, Two-Is-a-Shoe)",Moderate,2,impact magnitude /5,2,"practice: 'Bolsters clusters: The Keyword Mnemonic, Memory Palace / Method of Loci, Dual Coding'"
cornell-note-taking,2683,practice,Cornell Note-Taking System,Mixed,2,impact magnitude /5,2,"practice: 'Bolsters clusters: Handwriting & Longhand Notes, Self-Explanation, Retrieval Practice With Feedback'"
expanding-vs-equal-retrieval,2684,practice,Expanding vs Equal-Interval Retrieval Schedule,Mixed,2,impact magnitude /5,2,"practice: 'Bolsters clusters: Spaced / Distributed Practice, Retrieval Practice With Feedback, Successive Relearning'"
mind-mapping-buzan,2685,practice,Mind Mapping (Buzan Radial Maps),Emerging,2,impact magnitude /5,2,"practice: 'Bolsters clusters: Concept Mapping (Node-Link Diagrams), Dual Coding, Handwriting & Longhand Notes'"
summarization-study-technique,2686,practice,Summarization as a Study Technique (Honest — Low Utility),Mixed,2,impact magnitude /5,1,"practice: 'Bolsters clusters: Self-Explanation, Concept Mapping, Highlighting / Underlining'"
cost-systemic-sclerosis-scleroderma,2687,cost,Systemic Sclerosis (Scleroderma),Strong,5,harm severity /5,2,"Degrades: Bodily, Interoceptive, Financial, Aesthetic"
cost-giant-cell-arteritis,2688,cost,Giant Cell Arteritis,Moderate,4,harm severity /5,2,"Degrades: Spatial, Aesthetic, Naturalist, Bodily"
cost-osteonecrosis-femoral-head,2689,cost,Osteonecrosis of the Femoral Head,Moderate,4,harm severity /5,2,"Degrades: Bodily, Volitional, Financial"
cost-carpal-tunnel-syndrome,2690,cost,Carpal Tunnel Syndrome,Strong,3,harm severity /5,2,"Degrades: Bodily, Mechanical, Financial, Interoceptive"
cost-degenerative-cervical-myelopathy,2691,cost,Degenerative Cervical Myelopathy,Moderate,4,harm severity /5,2,"Degrades: Bodily, Spatial, Interoceptive, Volitional"
cost-lumbar-disc-herniation-radiculopathy,2692,cost,Lumbar Disc Herniation & Radiculopathy (Sciatica),Strong,3,harm severity /5,2,"Degrades: Bodily, Interoceptive, Financial, Volitional"
cost-polymyalgia-rheumatica,2693,cost,Polymyalgia Rheumatica,Moderate,3,harm severity /5,2,"Degrades: Bodily, Volitional, Interoceptive"
cost-chronic-neck-pain-gbd,2694,cost,Chronic Neck Pain (Global Disability Burden),Strong,2,harm severity /5,1,"Degrades: Bodily, Interoceptive, Financial, Meta-Cognitive"
cost-primary-sjogren-syndrome,2695,cost,Primary Sjögren's Syndrome,Moderate,3,harm severity /5,2,"Degrades: Bodily, Interoceptive, Meta-Cognitive, Emotional"
cost-adhesive-capsulitis-frozen-shoulder,2696,cost,Adhesive Capsulitis (Frozen Shoulder),Moderate,2,harm severity /5,2,"Degrades: Bodily, Volitional, Financial"
cost-temporomandibular-disorders,2697,cost,Temporomandibular Disorders (TMD),Moderate,2,harm severity /5,2,"Degrades: Bodily, Interoceptive, Emotional, Financial"
cost-achilles-tendinopathy,2698,cost,Achilles Tendinopathy,Strong,2,harm severity /5,2,"Degrades: Bodily, Volitional, Aesthetic"
cost-plantar-fasciitis,2699,cost,Plantar Fasciitis / Plantar Heel Pain,Strong,2,harm severity /5,2,"Degrades: Bodily, Volitional, Financial"
cost-cppd-pseudogout,2700,cost,CPPD Disease / Pseudogout,Moderate,2,harm severity /5,2,"Degrades: Bodily, Volitional, Interoceptive"
cost-lateral-epicondylitis,2701,cost,Lateral Epicondylitis (Tennis Elbow),Moderate,2,harm severity /5,2,"Degrades: Bodily, Financial, Mechanical"
leading-question-wording-distortion,2702,weakness,Leading-Question Wording → Memory Reshaped by How You're Asked,Strong,6,threat /10,2,"Degrades: eyewitness accuracy, neutral interviewing, testimony reliability"
closeness-communication-bias,2703,weakness,Closeness-Communication Bias → Assuming the Familiar 'Just Get It',Moderate,5,threat /10,1,"Degrades: perspective-taking, message clarity, relational repair"
cross-cultural-pragmatic-failure,2704,weakness,"Cross-Cultural Pragmatic Failure → Grammatically Right, Socially Wrong",Moderate,5,threat /10,1,"Degrades: intercultural rapport, register control, intended-meaning delivery"
email-negativity-effect,2705,weakness,Negativity Effect in Text → Neutral Messages Read as Cold or Hostile,Moderate,5,threat /10,2,"Degrades: tone decoding, trust in remote channels, conflict de-escalation"
demeanor-deception-detection,2706,weakness,"Reading 'Nonverbal Leakage' → Near-Chance Lie Detection, High Confidence",Strong,5,threat /10,2,"Degrades: honesty judgment, source vetting, adversarial screening"
speaker-egocentrism-referential,2707,weakness,Speaker Egocentrism → Referring to What Only You Can See,Moderate,5,threat /10,2,"Degrades: audience modeling, instruction clarity, coordination"
barnum-forer-effect,2708,weakness,Barnum / Forer Effect → Accepting Vague Feedback as Uniquely 'Me',Strong,4,threat /10,2,"Degrades: source scrutiny, self-assessment accuracy, manipulation resistance"
linguistic-intergroup-bias,2709,weakness,Linguistic Intergroup Bias → Word Abstraction That Quietly Perpetuates Stereotypes,Moderate,4,threat /10,1,"Degrades: fair description, moral communication, stereotype-resistance"
moses-illusion-semantic,2710,weakness,Moses Illusion → Answering the Question You Weren't Actually Asked,Moderate,4,threat /10,1,"Degrades: critical reading, error-catching, careful listening"
verbal-overshadowing,2711,weakness,Verbal Overshadowing → Describing a Face Corrodes the Memory of It,Mixed,3,threat /10,2,"Degrades: visual recognition, eyewitness ID, intuitive expertise"
semantic-satiation,2712,weakness,Semantic Satiation → A Repeated Word Momentarily Goes Meaningless,Moderate,2,threat /10,2,"Degrades: word retrieval, comprehension, editing focus"
cost-high-risk-massive-pulmonary-embolism,2713,cost,Acute High-Risk (Massive) Pulmonary Embolism,Strong,5,harm severity /5,2,"Degrades: Survival, Cardiovascular function, Respiratory capacity"
cost-ards-acute-respiratory-distress,2714,cost,Acute Respiratory Distress Syndrome (ARDS),Strong,5,harm severity /5,2,"Degrades: Respiratory capacity, Survival, Physical vitality, Cognitive function"
cost-chronic-pulmonary-aspergillosis,2715,cost,Chronic Pulmonary Aspergillosis (CPA),Strong,4,harm severity /5,2,"Degrades: Survival, Respiratory capacity, Physical vitality"
cost-coal-workers-pneumoconiosis-pmf,2716,cost,Coal Workers' Pneumoconiosis & Progressive Massive Fibrosis,Strong,4,harm severity /5,2,"Degrades: Respiratory capacity, Physical stamina, Survival, Earning capacity"
cost-bronchopulmonary-dysplasia,2717,cost,Bronchopulmonary Dysplasia (Chronic Lung Disease of Prematurity),Moderate,3,harm severity /5,2,"Degrades: Respiratory capacity, Neurodevelopment, Growth"
cost-ntm-lung-disease,2718,cost,Nontuberculous Mycobacterial (NTM) Lung Disease,Moderate,4,harm severity /5,2,"Degrades: Respiratory capacity, Survival, Physical vitality, Nutritional status"
cost-chronic-beryllium-disease,2719,cost,Chronic Beryllium Disease (Berylliosis),Moderate,3,harm severity /5,2,"Degrades: Respiratory capacity, Physical stamina, Survival"
cost-lymphangioleiomyomatosis-lam,2720,cost,Lymphangioleiomyomatosis (LAM),Moderate,3,harm severity /5,2,"Degrades: Respiratory capacity, Exercise tolerance, Survival"
cost-abpa-allergic-bronchopulmonary-aspergillosis,2721,cost,Allergic Bronchopulmonary Aspergillosis (ABPA),Moderate,3,harm severity /5,2,"Degrades: Respiratory capacity, Asthma control, Lung function"
cost-pulmonary-alveolar-proteinosis,2722,cost,Pulmonary Alveolar Proteinosis (PAP),Moderate,3,harm severity /5,2,"Degrades: Respiratory capacity, Gas exchange, Physical vitality"
cost-spontaneous-pneumothorax,2723,cost,Spontaneous Pneumothorax,Strong,2,harm severity /5,2,"Degrades: Respiratory capacity, Physical activity, Lung reserve"
cost-byssinosis-cotton-dust,2724,cost,Byssinosis (Cotton Dust / Brown Lung),Emerging,3,harm severity /5,2,"Degrades: Respiratory capacity, Lung function, Work capacity"
cost-osa-cardiovascular-sequelae,2725,cost,Obstructive Sleep Apnea — Cardiovascular Sequelae,Mixed,3,harm severity /5,2,"Degrades: Cardiovascular function, Vascular health, Survival"
cost-eosinophilic-pneumonia,2726,cost,Eosinophilic Pneumonia (Acute & Chronic),Moderate,2,harm severity /5,2,"Degrades: Respiratory capacity, Lung function, Steroid-free health"
moral-slippery-slope,2727,weakness,Gradual Moral Erosion → The Slippery Slope of Small Transgressions,Moderate,6,threat /10,2,"Degrades: Moral, Volitional, Meta-Cognitive"
post-hoc-moral-rationalization,2728,weakness,"Post-Hoc Moral Rationalization → Intuition First, Reasons as Alibi",Moderate,6,threat /10,2,"Degrades: Moral, Logical, Meta-Cognitive"
holier-than-thou,2729,weakness,Holier-Than-Thou → Overestimating Your Own Virtue,Strong,5,threat /10,2,"Degrades: Moral, Meta-Cognitive, Social-Perceptual"
moral-grandstanding,2730,weakness,Moral Grandstanding → Using Moral Talk for Status,Moderate,5,threat /10,2,"Degrades: Moral, Rhetorical, Social-Perceptual"
moral-typecasting,2731,weakness,Moral Typecasting → The Agent/Patient Blind Spot,Moderate,5,threat /10,2,"Degrades: Moral, Social-Perceptual, Interpersonal"
name-based-hiring-bias,2732,weakness,Name-Based Bias → Judging a Person by the Name on the Résumé,Strong,5,threat /10,2,"Degrades: fair selection, talent access, moral judgment"
parochial-altruism,2733,weakness,Parochial Altruism → Fairness That Stops at the Group Line,Moderate,5,threat /10,2,"Degrades: Moral, Community, Social-Perceptual"
sacred-values-taboo-tradeoffs,2734,weakness,Sacred Values & Taboo Trade-offs → Reasoning That Refuses to Reason,Moderate,5,threat /10,2,"Degrades: Moral, Strategic, Logical"
self-serving-altruism-cheating,2735,weakness,Self-Serving Altruism → Cheating More When Others Also Benefit,Moderate,5,threat /10,2,"Degrades: Moral, Financial, Community"
interviewers-illusion-unstructured,2736,weakness,The Interviewer's Illusion → Believing an Unstructured Chat Reveals Character,Strong,5,threat /10,1,"Degrades: hiring validity, selection, self-insight about judgment"
beauty-is-good-halo,2737,weakness,'What Is Beautiful Is Good' → Reading Competence Off Attractiveness,Moderate,4,threat /10,2,"Degrades: fair evaluation, hiring, credibility judgments"
do-gooder-derogation,2738,weakness,Do-Gooder Derogation → Putting Down the Morally Motivated,Moderate,4,threat /10,2,"Degrades: Moral, Social-Perceptual, Interpersonal"
physiognomy-face-criminality-inference,2739,weakness,Physiognomy / 'Reading Character From Faces' → A Pseudoscience People Still Act On,Mixed,4,threat /10,2,"Degrades: fair judgment, adversarial accuracy, moral evaluation"
self-concept-maintenance-fudge,2740,weakness,Self-Concept Maintenance → The 'Fudge Factor' of Little Lies,Mixed,4,threat /10,2,"Degrades: Moral, Financial, Intrapersonal"
similar-to-me-affinity-bias,2741,weakness,Similar-to-Me / Affinity Bias → Mistaking 'Like Me' for 'Good',Moderate,4,threat /10,1,"Degrades: fair selection, team diversity, evaluation validity"
thin-slice-overgeneralization,2742,weakness,Thin-Slice Overconfidence → Trusting a 30-Second Read of a Person,Mixed,4,threat /10,1,"Degrades: accurate person-reads, hiring/selection, calibrated trust"
facial-trustworthiness-snap-judgment,2743,weakness,Trustworthiness-From-Face → A Snap Verdict With Near-Zero Validity,Moderate,4,threat /10,2,"Degrades: trust calibration, adversarial reads, strategic decisions"
warmth-competence-misjudgment,2744,weakness,Warmth × Competence Snap-Sorting → Ambivalent Reads That Miss the Person,Moderate,4,threat /10,1,"Degrades: accurate group/person reads, negotiation, stereotype resistance"
accent-credibility-bias,2745,weakness,Accent Bias → Hearing a Foreign Accent as Less Truthful,Mixed,3,threat /10,2,"Degrades: credibility judgments, fair evaluation, adversarial reads"
first-impression-primacy-stickiness,2746,weakness,First-Impression Primacy → The Opening Trait Colors Everything After,Mixed,3,threat /10,2,"Degrades: updating on people, fair evaluation, belief revision"
sequential-contrast-effect,2747,weakness,Sequential Contrast Effect → The Last Person Warps Your Read of the Next,Moderate,3,threat /10,1,"Degrades: consistent evaluation, high-stakes judgment, fairness"
unethical-amnesia,2748,weakness,Unethical Amnesia → Forgetting Your Own Bad Acts,Mixed,3,threat /10,2,"Degrades: Moral, Meta-Cognitive, Intrapersonal"
cost-acute-mesenteric-ischemia,2749,cost,Acute Mesenteric Ischemia,Strong,5,harm severity /5,2,"Degrades: bowel viability, survival, nutritional capacity"
cost-acute-liver-failure,2750,cost,Acute Liver Failure (Fulminant Hepatic Failure),Strong,5,harm severity /5,2,"Degrades: liver synthetic function, cognition, survival, independence"
cost-esophageal-variceal-hemorrhage,2751,cost,Esophageal Variceal Hemorrhage,Strong,5,harm severity /5,2,"Degrades: survival, hemodynamic stability, liver reserve"
cost-hepatorenal-syndrome,2752,cost,Hepatorenal Syndrome (HRS-AKI),Strong,5,harm severity /5,2,"Degrades: kidney function, circulatory stability, survival"
cost-severe-alcohol-hepatitis,2753,cost,Severe Alcohol-Associated Hepatitis,Strong,5,harm severity /5,2,"Degrades: liver function, short-term survival, cognition, employability"
cost-primary-sclerosing-cholangitis,2754,cost,Primary Sclerosing Cholangitis,Strong,4,harm severity /5,2,"Degrades: biliary function, liver reserve, cancer-free survival"
cost-acute-severe-ulcerative-colitis,2755,cost,Acute Severe Ulcerative Colitis,Strong,4,harm severity /5,2,"Degrades: colon preservation, survival, bowel function"
cost-spontaneous-bacterial-peritonitis,2756,cost,Spontaneous Bacterial Peritonitis,Strong,4,harm severity /5,2,"Degrades: survival, kidney function, ascites control"
cost-acute-cholangitis,2757,cost,Acute (Ascending) Cholangitis,Strong,4,harm severity /5,2,"Degrades: survival, hemodynamic stability, organ function"
cost-budd-chiari-syndrome,2758,cost,Budd-Chiari Syndrome (Hepatic Venous Outflow Obstruction),Moderate,4,harm severity /5,2,"Degrades: liver perfusion, liver reserve, survival"
cost-wilson-disease,2759,cost,Wilson Disease (Hepatolenticular Degeneration),Moderate,4,harm severity /5,2,"Degrades: liver function, motor control, cognition, survival"
cost-hereditary-hemochromatosis,2760,cost,Hereditary Hemochromatosis (HFE Iron Overload),Strong,3,harm severity /5,2,"Degrades: liver reserve, joint/endocrine health, cancer-free survival"
cost-exocrine-pancreatic-insufficiency,2761,cost,Exocrine Pancreatic Insufficiency,Moderate,3,harm severity /5,2,"Degrades: nutrient absorption, bone/muscle mass, longevity"
cost-perianal-fistulizing-crohns,2762,cost,Perianal Fistulizing Crohn's Disease,Moderate,3,harm severity /5,2,"Degrades: continence, quality of life, work capacity, sexual function"
cost-eosinophilic-esophagitis,2763,cost,Eosinophilic Esophagitis,Strong,2,harm severity /5,2,"Degrades: swallowing function, esophageal caliber, quality of life"
certainty-effect-allais,2764,weakness,Certainty Effect → Overpaying to Eliminate Residual Risk,Strong,6,threat /10,2,"Degrades: Financial, Logical, Mathematical, Strategic"
comparative-ignorance,2765,weakness,Comparative Ignorance → Freezing on the Ambiguous Option,Strong,6,threat /10,2,"Degrades: Strategic, Financial, Logical, Intrapersonal"
competence-hypothesis-betting,2766,weakness,Competence Hypothesis → Overbetting Your Own Expertise,Strong,6,threat /10,2,"Degrades: Financial, Strategic, Adversarial, Intrapersonal"
possibility-effect-tiny-probs,2767,weakness,Possibility Effect → Overweighting Tiny-Probability Events,Strong,6,threat /10,2,"Degrades: Financial, Mathematical, Strategic"
probability-neglect-emotion,2768,weakness,Probability Neglect → Emotion Erases the Odds,Moderate,6,threat /10,2,"Degrades: Logical, Mathematical, Strategic, Emotional"
inverse-s-underweighting-moderate,2769,weakness,Underweighting Moderate-to-High Probabilities (Inverse-S / Prelec),Strong,6,threat /10,2,"Degrades: Mathematical, Strategic, Financial, Logical"
interruption-recovery-speed-stress,2770,weakness,Interruption Recovery Cost — Faster But More Stressed,Moderate,5,threat /10,1,"Degrades: sustained focus, stress regulation, work quality under load"
ambiguity-insurance-known-odds,2771,weakness,Preference for Known Odds in Insurance → Mispriced Protection,Moderate,5,threat /10,2,"Degrades: Financial, Strategic, Systemic"
pseudocertainty-effect,2772,weakness,Pseudocertainty Effect → Buying Illusory 'Full' Protection,Strong,5,threat /10,2,"Degrades: Logical, Strategic, Financial, Mathematical"
source-dependence-uncertainty,2773,weakness,"Source Dependence → Same Odds, Different Nerve",Strong,5,threat /10,2,"Degrades: Mathematical, Strategic, Financial, Logical"
momentary-interruption-sequence-errors,2774,weakness,Sub-3-Second Interruptions Derail Sequenced Tasks,Strong,5,threat /10,1,"Degrades: procedural accuracy, place-keeping, error avoidance"
habitual-checking-automaticity,2775,weakness,Automatic Checking Habits — Cue-Triggered Phone Reflexes,Emerging,4,threat /10,1,"Degrades: attentional autonomy, presence, self-interruption control"
cyberloafing-workplace-nonwork-browsing,2776,weakness,Cyberloafing — Non-Work Browsing on the Clock,Moderate,4,threat /10,1,"Degrades: self-control, task engagement, goal follow-through"
in-class-media-multitasking-gpa,2777,weakness,In-Class / Study Media Multitasking → Lower Grades,Moderate,4,threat /10,2,"Degrades: encoding during study, comprehension, academic attainment"
nomophobia-phone-separation-anxiety,2778,weakness,Nomophobia — Distress at Phone Separation,Emerging,4,threat /10,1,"Degrades: impulse control, deep-work tolerance, self-directed attention"
distracted-screen-eating-satiety,2779,weakness,Screen-Distracted Eating → Blunted Satiety Signals,Moderate,4,threat /10,1,"Degrades: interoceptive satiety awareness, appetite regulation"
idleness-intolerance-disengaged-mind,2780,weakness,Intolerance of Unstimulated Idleness,Moderate,3,threat /10,1,"Degrades: capacity to sit with one's own mind, reflective depth, boredom tolerance"
phone-mere-presence-brain-drain,2781,weakness,Phone Mere-Presence 'Brain Drain',Mixed,3,threat /10,3,"Degrades: working memory, sustained attention, cognitive control"
uncertainty-effect-gneezy,2782,weakness,Uncertainty Effect → Valuing a Gamble Below Its Worst Outcome,Mixed,3,threat /10,2,"Degrades: Financial, Mathematical, Logical"
screen-time-wellbeing-tiny-effect,2783,weakness,Screen-Time → Teen Wellbeing: The 0.4% Reality,Mixed,2,threat /10,1,Degrades: mood/wellbeing — but far less than headlines claim
defer-judgment-divergent-convergent,2784,practice,Separate Divergent from Convergent (Defer Judgment),Moderate,3,impact magnitude /5,2,"practice: 'Bolsters clusters: Creative, Strategic, Meta-Cognitive'"
combinatorial-conceptual-combination,2785,practice,Combinatorial Play & Conceptual Combination,Moderate,3,impact magnitude /5,2,"practice: 'Bolsters clusters: Creative, Pattern-Recognition, Systemic'"
nominal-group-technique,2786,practice,Nominal Group Technique (NGT),Moderate,3,impact magnitude /5,2,"practice: 'Bolsters clusters: Creative, Strategic, Pattern-Recognition, Entrepreneurial'"
morphological-analysis-zwicky,2787,practice,Morphological Analysis (Zwicky Box),Moderate,3,impact magnitude /5,2,"practice: 'Bolsters clusters: Creative, Systemic, Pattern-Recognition, Strategic'"
random-word-forced-connections,2788,practice,Random-Word / Forced-Connection Stimulation,Emerging,2,impact magnitude /5,2,"practice: 'Bolsters clusters: Creative, Pattern-Recognition, Entrepreneurial'"
scamper-checklist,2789,practice,SCAMPER Idea-Generation Checklist,Mixed,2,impact magnitude /5,2,"practice: 'Bolsters clusters: Creative, Pattern-Recognition, Entrepreneurial'"
six-thinking-hats,2790,practice,Six Thinking Hats (de Bono),Mixed,2,impact magnitude /5,2,"practice: 'Bolsters clusters: Creative, Strategic, Interpersonal'"
design-by-analogy-bioinspired,2791,practice,Design-by-Analogy & Bio-Inspired Ideation,Mixed,3,impact magnitude /5,2,"practice: 'Bolsters clusters: Creative, Pattern-Recognition, Systemic, Strategic'"
design-thinking-ideation,2792,practice,Design-Thinking Ideation Sprints,Mixed,2,impact magnitude /5,2,"practice: 'Bolsters clusters: Creative, Entrepreneurial, Strategic, Interpersonal'"
triz-inventive-problem-solving,2793,practice,TRIZ (Theory of Inventive Problem Solving),Emerging,2,impact magnitude /5,2,"practice: 'Bolsters clusters: Creative, Systemic, Strategic, Pattern-Recognition'"
epidermolysis-bullosa,2794,cost,Epidermolysis Bullosa — Skin as Fragile as a Butterfly's Wing,Strong,5,harm severity /5,2,"Degrades: Bodily, Interoceptive, Financial, Emotional, Volitional"
sjs-ten-acute,2795,cost,Stevens-Johnson Syndrome / Toxic Epidermal Necrolysis — Skin That Peels Like a Burn,Strong,5,harm severity /5,2,"Degrades: Bodily, Interoceptive, Volitional, Emotional, Financial"
onchocerciasis-river-blindness,2796,cost,Onchocerciasis — River Blindness From a Blackfly Bite,Strong,4,harm severity /5,2,"Degrades: Spatial, Naturalist, Bodily, Financial, Interoceptive"
retinitis-pigmentosa,2797,cost,Retinitis Pigmentosa — Vision That Narrows to Darkness,Strong,4,harm severity /5,2,"Degrades: Spatial, Naturalist, Social-Perceptual, Financial, Existential"
trachoma,2798,cost,Trachoma — The Leading Infectious Cause of Blindness,Strong,4,harm severity /5,2,"Degrades: Spatial, Naturalist, Financial, Social-Perceptual, Bodily"
chronic-tinnitus,2799,cost,Chronic Tinnitus — The Sound No One Else Can Hear,Strong,3,harm severity /5,2,"Degrades: Emotional, Intrapersonal, Interpersonal, Volitional, Meta-Cognitive"
rhegmatogenous-retinal-detachment,2800,cost,Retinal Detachment — An Eye Emergency Where Hours Decide Sight,Moderate,4,harm severity /5,2,"Degrades: Spatial, Social-Perceptual, Financial, Aesthetic, Volitional"
amblyopia,2801,cost,Amblyopia (Lazy Eye) — Vision Lost Before It Ever Develops,Strong,3,harm severity /5,2,"Degrades: Spatial, Social-Perceptual, Bodily, Financial"
pemphigus-vulgaris,2802,cost,Pemphigus Vulgaris — Autoimmune Blistering With Doubled Mortality,Moderate,4,harm severity /5,2,"Degrades: Bodily, Interoceptive, Financial, Emotional, Interpersonal"
uveitis-working-age-blindness,2803,cost,Uveitis — Inflammation That Blinds in the Prime of Life,Moderate,4,harm severity /5,2,"Degrades: Spatial, Financial, Social-Perceptual, Aesthetic, Emotional"
keratoconus,2804,cost,Keratoconus — The Cornea That Bulges and Blurs in Young Adults,Moderate,3,harm severity /5,2,"Degrades: Spatial, Linguistic, Aesthetic, Emotional, Financial"
bppv-vertigo,2805,cost,BPPV — Spinning Rooms and the Falls That Follow,Strong,2,harm severity /5,2,"Degrades: Bodily, Spatial, Interoceptive, Volitional, Financial"
uncorrected-refractive-error,2806,cost,Uncorrected Refractive Error — The World's Most Common (and Most Fixable) Vision Loss,Strong,3,harm severity /5,2,"Degrades: Spatial, Linguistic, Financial, Social-Perceptual, Aesthetic"
vestibular-migraine,2807,cost,Vestibular Migraine — The Commonest Cause of Spontaneous Vertigo,Moderate,3,harm severity /5,2,"Degrades: Bodily, Spatial, Volitional, Emotional, Financial"
perseveration-set-shifting,2808,weakness,Perseveration — Repeating the Old Rule After the Rules Changed,Moderate,6,threat /10,2,"Degrades: Strategic, Adversarial, Systemic, Creative"
positive-test-strategy-246,2809,weakness,Positive-Test Strategy — Testing Only Cases That Confirm (Wason 2-4-6),Strong,6,threat /10,2,"Degrades: Logical, Pattern-Recognition, Adversarial, Strategic"
einstellung-expert-chess,2810,weakness,The Expert's Einstellung — First Familiar Solution Blinds You to the Better One,Strong,6,threat /10,2,"Degrades: Creative, Pattern-Recognition, Strategic, Adversarial"
conformity-to-examples,2811,weakness,Conformity to Examples — Recent Samples Quietly Cap Your Originality,Strong,5,threat /10,1,"Degrades: Creative, Aesthetic, Pattern-Recognition"
curse-of-expertise-blind-spot,2812,weakness,"Curse of Expertise — Once You Know It, You Can't Model Not Knowing It",Moderate,5,threat /10,1,"Degrades: Rhetorical, Interpersonal, Leadership, Creative"
evaluation-apprehension-ideation,2813,weakness,Evaluation Apprehension — Swallowing the Idea Before Saying It,Moderate,5,threat /10,2,"Degrades: Creative, Interpersonal, Intrapersonal, Rhetorical"
not-invented-here-syndrome,2814,weakness,Not-Invented-Here Syndrome — Rejecting an Idea Because It's External,Moderate,5,threat /10,2,"Degrades: Creative, Entrepreneurial, Systemic, Leadership"
production-blocking-brainstorming,2815,weakness,Production Blocking — Waiting Your Turn Kills the Idea,Strong,5,threat /10,1,"Degrades: Creative, Interpersonal, Leadership, Systemic"
self-imposed-constraints-nine-dot,2816,weakness,Self-Imposed Constraints — Boxing In a Problem That Has No Box,Moderate,5,threat /10,2,"Degrades: Creative, Pattern-Recognition, Logical"
serial-order-premature-convergence,2817,weakness,Stopping Too Soon — Your Earliest Ideas Are Your Least Original,Moderate,4,threat /10,1,"Degrades: Creative, Entrepreneurial, Strategic"
st-johns-wort-depression,2818,practice,St John's Wort for Mild-to-Moderate Depression,Moderate,3,impact magnitude /5,1,practice: 'Bolsters clusters: Emotional'
red-yeast-rice-ldl,2819,practice,Red Yeast Rice for LDL Cholesterol,Mixed,3,impact magnitude /5,2,"practice: 'Bolsters clusters: Bodily, Interoceptive'"
garlic-blood-pressure,2820,practice,Garlic Supplements for Blood Pressure,Moderate,2,impact magnitude /5,2,"practice: 'Bolsters clusters: Bodily, Interoceptive'"
cbd-anxiety-sleep,2821,practice,CBD (Cannabidiol) for Anxiety & Sleep,Emerging,2,impact magnitude /5,2,"practice: 'Bolsters clusters: Emotional, Interoceptive'"
vitamin-c-common-cold,2822,practice,Vitamin C for the Common Cold,Mixed,2,impact magnitude /5,1,"practice: 'Bolsters clusters: Bodily, Interoceptive'"
psyllium-fiber-ldl,2823,practice,Psyllium Husk Fiber for LDL & Glycemia,Moderate,2,impact magnitude /5,1,"practice: 'Bolsters clusters: Bodily, Interoceptive'"
multivitamin-cognition,2824,practice,Daily Multivitamin for Cognition & Memory,Mixed,2,impact magnitude /5,2,practice: 'Bolsters clusters: Meta-Cognitive'
myo-inositol-pcos,2825,practice,Myo-Inositol for PCOS,Mixed,2,impact magnitude /5,2,"practice: 'Bolsters clusters: Bodily, Interoceptive'"
valerian-sleep,2826,practice,Valerian Root for Insomnia,Mixed,1,impact magnitude /5,1,"practice: 'Bolsters clusters: Interoceptive, Emotional'"
vitamin-e-antioxidant,2827,practice,High-Dose Vitamin E as an Antioxidant,Strong,1,impact magnitude /5,2,practice: 'Bolsters clusters: Bodily'
ginkgo-biloba-dementia-cognition,2828,practice,Ginkgo Biloba for Memory & Dementia Prevention,Strong,1,impact magnitude /5,2,practice: 'Bolsters clusters: Meta-Cognitive'
collagen-peptides-skin,2829,practice,Collagen Peptides for Skin Aging,Mixed,1,impact magnitude /5,2,practice: 'Bolsters clusters: Bodily'
glucosamine-chondroitin-osteoarthritis,2830,practice,Glucosamine + Chondroitin for Knee Osteoarthritis,Mixed,1,impact magnitude /5,2,"practice: 'Bolsters clusters: Bodily, Interoceptive'"
cost-placenta-accreta-spectrum,2831,cost,Placenta Accreta Spectrum — The Cesarean-Driven Hemorrhage Epidemic,Strong,5,harm severity /5,2,"Degrades: Bodily, Existential, Parental, Financial, Systemic"
cost-ectopic-pregnancy,2832,cost,Ectopic Pregnancy — Leading Cause of First-Trimester Maternal Death,Strong,5,harm severity /5,2,"Degrades: Bodily, Existential, Emotional, Parental, Interoceptive"
cost-ischemic-priapism,2833,cost,Ischemic Priapism — A Compartment Syndrome of the Penis,Strong,4,harm severity /5,2,"Degrades: Bodily, Seductive, Emotional, Intrapersonal, Volitional"
cost-postpartum-hemorrhage,2834,cost,Postpartum Hemorrhage — Leading Cause of Maternal Death Worldwide,Strong,5,harm severity /5,3,"Degrades: Bodily, Existential, Parental, Emotional, Financial"
cost-testicular-torsion,2835,cost,Testicular Torsion — The Time-Critical Surgical Emergency,Strong,4,harm severity /5,2,"Degrades: Bodily, Seductive, Volitional, Emotional, Parental"
cost-obstetric-fistula,2836,cost,Obstetric Fistula — Obstructed Labor's Legacy of Incontinence & Stigma,Moderate,4,harm severity /5,3,"Degrades: Bodily, Community, Interpersonal, Emotional, Existential"
cost-adenomyosis,2837,cost,"Adenomyosis — Heavy Bleeding, Dysmenorrhea & the 'Forgotten' Diagnosis",Moderate,3,harm severity /5,2,"Degrades: Bodily, Interoceptive, Emotional, Financial, Parental"
cost-chronic-prostatitis-cpps,2838,cost,Chronic Prostatitis / Chronic Pelvic Pain Syndrome (CP/CPPS),Moderate,3,harm severity /5,3,"Degrades: Bodily, Interoceptive, Seductive, Emotional, Intrapersonal"
cost-peyronie-disease,2839,cost,"Peyronie's Disease — Penile Fibrosis, Curvature & Sexual Distress",Moderate,3,harm severity /5,2,"Degrades: Seductive, Bodily, Emotional, Intrapersonal, Interpersonal"
cost-primary-dysmenorrhea,2840,cost,Primary Dysmenorrhea — The Most Common Cause of Cyclic Absenteeism,Strong,2,harm severity /5,2,"Degrades: Bodily, Interoceptive, Financial, Emotional, Volitional"
cost-hyperemesis-gravidarum,2841,cost,Hyperemesis Gravidarum — Severe Pregnancy Vomiting & Its Sequelae,Moderate,3,harm severity /5,2,"Degrades: Bodily, Interoceptive, Emotional, Financial, Parental"
cost-gsm-menopause,2842,cost,Genitourinary Syndrome of Menopause (Vaginal & Urinary Atrophy),Moderate,2,harm severity /5,2,"Degrades: Seductive, Bodily, Interoceptive, Emotional, Intrapersonal"
roach-motel-cancellation,2843,weakness,Obstruction / 'Roach Motel' Cancellation Friction,Strong,7,threat /10,3,"Degrades: subscription discipline, aggregate spending control, follow-through on intent"
basket-sneaking-prechecked,2844,weakness,Basket Sneaking & Pre-Checked Add-Ons,Moderate,6,threat /10,2,"Degrades: line-item vigilance, cart-total accuracy, opt-out effort"
price-obfuscation-bundling,2845,weakness,Bundle Complexity & Unit-Price Shrouding,Strong,6,threat /10,2,"Degrades: price comparison, unit-cost math, rational substitution"
forced-continuity-free-trial,2846,weakness,Forced Continuity After the Free Trial,Moderate,6,threat /10,3,"Degrades: recurring-cost tracking, calendar/attention hygiene, budget adherence"
bait-and-switch,2847,weakness,Bait-and-Switch,Moderate,5,threat /10,2,"Degrades: goal-anchored purchasing, sunk-cost resistance, walk-away discipline"
confirmshaming-opt-out,2848,weakness,Confirmshaming — Guilt-Framed Decline Buttons,Moderate,5,threat /10,2,"Degrades: assertive opt-out, spending restraint, emotional self-authorship at checkout"
fake-urgency-timers,2849,weakness,Fabricated Countdown Timers & Fake Low-Stock Counters,Moderate,5,threat /10,2,"Degrades: deliberation time, comparison shopping, impulse control"
loyalty-points-illusion,2850,weakness,Loyalty-Points Illusion & Breakage,Moderate,5,threat /10,2,"Degrades: unit-cost reasoning, rational store choice, redemption follow-through"
shrinkflation-downsizing,2851,weakness,Shrinkflation — Downsizing as a Hidden Price Hike,Moderate,5,threat /10,2,"Degrades: unit-price awareness, real-cost tracking, budget calibration"
surveillance-personalized-pricing,2852,weakness,Surveillance / Personalized Pricing,Emerging,5,threat /10,2,"Degrades: price transparency, negotiating parity, defense against extraction"
emotionally-focused-couple-therapy,2853,practice,Emotionally Focused Couple Therapy / 'Hold Me Tight',Strong,4,impact magnitude /5,2,"practice: 'Bolsters clusters: Interpersonal, Emotional'"
dyadic-coping-couples-coping-enhancement,2854,practice,Dyadic Coping / Couples Coping-Enhancement Training,Strong,4,impact magnitude /5,2,"practice: 'Bolsters clusters: Interpersonal, Emotional, Community'"
we-talk-communal-coping,2855,practice,We-Talk / Communal Coping ('We' Language),Moderate,3,impact magnitude /5,2,"practice: 'Bolsters clusters: Interpersonal, Community, Emotional'"
invisible-support-provision,2856,practice,"Invisible (Skillful, Low-Visibility) Support",Moderate,3,impact magnitude /5,3,"practice: 'Bolsters clusters: Interpersonal, Emotional, Parental, Community'"
compassionate-goals-ecosystem,2857,practice,Compassionate Goals (Ecosystem Motivation),Moderate,3,impact magnitude /5,2,"practice: 'Bolsters clusters: Interpersonal, Moral, Community, Emotional'"
sexual-communication-couples,2858,practice,Sexual Communication Between Partners,Moderate,3,impact magnitude /5,1,"practice: 'Bolsters clusters: Seductive, Interpersonal, Emotional'"
michelangelo-phenomenon-partner-affirmation,2859,practice,Michelangelo Phenomenon (Affirming a Partner's Ideal Self),Moderate,3,impact magnitude /5,2,"practice: 'Bolsters clusters: Interpersonal, Intrapersonal, Volitional, Emotional'"
softened-startup-conflict,2860,practice,Softened Startup in Conflict (Gottman),Mixed,2,impact magnitude /5,2,"practice: 'Bolsters clusters: Interpersonal, Emotional'"
attachment-security-priming,2861,practice,Attachment-Security Priming,Mixed,2,impact magnitude /5,2,"practice: 'Bolsters clusters: Emotional, Interpersonal, Community'"
relationship-rituals-of-connection,2862,practice,Relationship Rituals of Connection,Emerging,2,impact magnitude /5,1,"practice: 'Bolsters clusters: Interpersonal, Community, Emotional, Parental'"
mindfulness-based-relationship-enhancement,2863,practice,Mindfulness-Based Relationship Enhancement (MBRE),Emerging,2,impact magnitude /5,2,"practice: 'Bolsters clusters: Interpersonal, Emotional, Intrapersonal'"
cost-vitamin-a-xerophthalmia,2864,cost,Vitamin A Deficiency — Xerophthalmia & Child Mortality,Strong,4,harm severity /5,2,"Degrades: Spatial, Aesthetic, Naturalist, Bodily"
cost-lead-exposure-developmental,2865,cost,Lead Exposure — Developmental & Cardiovascular Toll,Strong,4,harm severity /5,2,"Degrades: Logical, Mathematical, Meta-Cognitive, Volitional"
cost-thiamine-wernicke-korsakoff,2866,cost,Thiamine Deficiency — Wernicke-Korsakoff & Beriberi,Strong,4,harm severity /5,2,"Degrades: Intrapersonal, Meta-Cognitive, Bodily, Interoceptive"
cost-protein-energy-malnutrition,2867,cost,Protein-Energy Malnutrition (Kwashiorkor & Marasmus),Strong,4,harm severity /5,2,"Degrades: Bodily, Logical, Volitional, Emotional"
cost-iodine-goiter-cretinism,2868,cost,Iodine-Deficiency Disorders — Endemic Goiter & Cretinism,Strong,4,harm severity /5,2,"Degrades: Bodily, Logical, Linguistic, Volitional"
cost-carbon-monoxide-poisoning,2869,cost,Carbon Monoxide Poisoning,Strong,3,harm severity /5,2,"Degrades: Bodily, Meta-Cognitive, Intrapersonal, Interoceptive"
cost-folate-deficiency,2870,cost,Folate Deficiency — Megaloblastic Anemia & Neural Tube Defects,Strong,3,harm severity /5,2,"Degrades: Bodily, Logical, Emotional, Interoceptive"
cost-nutritional-rickets,2871,cost,Nutritional Rickets (Childhood Vitamin D / Calcium Deficiency),Strong,3,harm severity /5,2,"Degrades: Bodily, Mechanical, Naturalist, Interoceptive"
cost-cadmium-chronic-exposure,2872,cost,Chronic Cadmium Exposure — Kidney & Bone (Itai-Itai),Moderate,3,harm severity /5,2,"Degrades: Bodily, Mechanical, Interoceptive, Naturalist"
cost-methylmercury-neurodevelopment,2873,cost,Chronic Methylmercury Exposure — Developmental Neurotoxicity,Moderate,3,harm severity /5,2,"Degrades: Linguistic, Spatial, Bodily, Meta-Cognitive"
cost-scurvy-vitamin-c,2874,cost,Scurvy (Vitamin C Deficiency),Strong,3,harm severity /5,2,"Degrades: Bodily, Interoceptive, Emotional, Intrapersonal"
cost-pellagra-niacin,2875,cost,Pellagra (Niacin / Tryptophan Deficiency),Moderate,3,harm severity /5,2,"Degrades: Bodily, Meta-Cognitive, Emotional, Intrapersonal"
coercive-family-process-patterson,2876,weakness,Coercive Family Process / Negative-Reinforcement Trap,Strong,8,threat /10,3,"Degrades: Parental, Volitional, Emotional, Moral"
high-expressed-emotion-relapse,2877,weakness,High Expressed Emotion as a Psychiatric Relapse Driver,Strong,7,threat /10,3,"Degrades: Emotional, Interpersonal, Community"
corporal-punishment-spanking,2878,weakness,Corporal Punishment / Spanking,Mixed,6,threat /10,3,"Degrades: Emotional, Volitional, Moral, Parental"
family-accommodation-child-anxiety,2879,weakness,Family Accommodation of Child Anxiety,Strong,6,threat /10,2,"Degrades: Emotional, Volitional, Parental"
parental-psychological-control-barber,2880,weakness,Parental Psychological Control,Moderate,6,threat /10,3,"Degrades: Emotional, Intrapersonal, Parental, Volitional"
household-chaos-instability,2881,weakness,Household Chaos / Instability,Moderate,5,threat /10,3,"Degrades: Volitional, Emotional, Community, Parental"
parental-conditional-regard,2882,weakness,Parental Conditional Regard,Moderate,5,threat /10,2,"Degrades: Intrapersonal, Emotional, Volitional, Parental"
parental-solicitousness-pediatric-pain,2883,weakness,Parental Solicitousness in Pediatric Chronic Pain,Moderate,5,threat /10,3,"Degrades: Bodily, Volitional, Parental, Interoceptive"
authoritarian-parenting-outcomes,2884,weakness,Authoritarian Parenting Style,Mixed,4,threat /10,3,"Degrades: Volitional, Intrapersonal, Emotional, Parental"
parental-technoference,2885,weakness,Parental Technoference / Device Distraction,Emerging,4,threat /10,2,"Degrades: Interpersonal, Emotional, Parental"
screen-as-pacifier-emotion-outsourcing,2886,weakness,Screen-as-Pacifier / Emotion-Regulation Outsourcing,Emerging,4,threat /10,2,"Degrades: Emotional, Interoceptive, Parental"
financial-incentives-smoking-cessation,2887,practice,Financial Incentives for Smoking Cessation,Strong,3,impact magnitude /5,1,"practice: 'Bolsters clusters: Financial Incentives for Behavior Change, Deposit Contracts & Loss-Framed Incentives, Commitment Devices / Precommitment'"
social-norms-feedback-comparison,2888,practice,Social Norms Feedback / Normative Comparison,Strong,2,impact magnitude /5,2,"practice: 'Bolsters clusters: Choice Architecture & Nudges, Defaults & Environmental / Availability Design, Accountability Partners & Public Commitment'"
planning-prompts-one-off-actions,2889,practice,Planning Prompts for One-Off Actions (Vaccination/Voting),Moderate,2,impact magnitude /5,2,"practice: 'Bolsters clusters: Implementation Intentions (If-Then Plans), Self-Imposed Deadlines & Precommitment Structure, Savings Reminders & Planning Prompts'"
sms-text-reminders-adherence,2890,practice,Text-Message (SMS) Reminders for Adherence,Moderate,2,impact magnitude /5,2,"practice: 'Bolsters clusters: Self-Monitoring / Progress Tracking, Savings Reminders & Planning Prompts, Implementation Intentions (If-Then Plans)'"
daily-self-weighing,2891,practice,Daily Self-Weighing for Weight Management,Mixed,2,impact magnitude /5,1,"practice: 'Bolsters clusters: Self-Monitoring / Progress Tracking, Home Blood-Pressure Self-Monitoring, Sleep-Tracking / Self-Monitoring'"
regret-lottery-incentives,2892,practice,Regret Lotteries / Lottery-Based Incentives,Moderate,3,impact magnitude /5,2,"practice: 'Bolsters clusters: Deposit Contracts & Loss-Framed Incentives, Financial Incentives for Behavior Change, Commitment Devices / Precommitment'"
wearable-activity-trackers,2893,practice,Wearable Activity Trackers for Physical Activity,Moderate,2,impact magnitude /5,1,"practice: 'Bolsters clusters: Self-Monitoring / Progress Tracking, Gamification, Sleep-Tracking / Self-Monitoring'"
point-of-decision-prompts,2894,practice,Point-of-Decision Prompts (Stair-Use Signs),Moderate,1,impact magnitude /5,1,"practice: 'Bolsters clusters: Choice Architecture & Nudges, Habit Stacking / Anchoring to an Existing Routine, Defaults & Environmental / Availability Design'"
gain-loss-framed-health-messages,2895,practice,Gain- vs. Loss-Framed Health Messages,Mixed,1,impact magnitude /5,2,"practice: 'Bolsters clusters: Choice Architecture & Nudges, Deposit Contracts & Loss-Framed Incentives, Financial Incentives for Behavior Change'"
reward-substitution,2896,practice,Reward Substitution (Immediate Proxy Rewards),Emerging,2,impact magnitude /5,1,"practice: 'Bolsters clusters: Temptation Bundling, Gamification, Financial Incentives for Behavior Change'"
cost-neonatal-hie,2897,cost,Neonatal Hypoxic-Ischemic Encephalopathy,Strong,5,harm severity /5,2,"Degrades: Meta-Cognitive, Bodily, Volitional"
cost-trisomy-18-edwards,2898,cost,Trisomy 18 (Edwards Syndrome),Strong,5,harm severity /5,2,"Degrades: Bodily, Meta-Cognitive, Volitional"
cost-congenital-hypothyroidism-untreated,2899,cost,Congenital Hypothyroidism (Untreated),Strong,5,harm severity /5,2,"Degrades: Logical, Meta-Cognitive, Bodily"
cost-duchenne-muscular-dystrophy,2900,cost,Duchenne Muscular Dystrophy,Strong,5,harm severity /5,3,"Degrades: Bodily, Mechanical, Volitional"
cost-phenylketonuria-untreated,2901,cost,Phenylketonuria (Untreated),Strong,5,harm severity /5,2,"Degrades: Logical, Linguistic, Meta-Cognitive"
cost-fragile-x-syndrome,2902,cost,Fragile X Syndrome,Strong,4,harm severity /5,2,"Degrades: Logical, Meta-Cognitive, Interpersonal"
cost-necrotizing-enterocolitis,2903,cost,Necrotizing Enterocolitis (Preterm),Strong,4,harm severity /5,2,"Degrades: Bodily, Meta-Cognitive, Interoceptive"
cost-spina-bifida-myelomeningocele,2904,cost,Spina Bifida (Myelomeningocele),Strong,4,harm severity /5,3,"Degrades: Bodily, Interoceptive, Volitional"
cost-type-1-diabetes-childhood,2905,cost,Type 1 Diabetes (Childhood-Onset),Strong,4,harm severity /5,2,"Degrades: Interoceptive, Bodily, Volitional"
cost-kernicterus-hyperbilirubinemia,2906,cost,Kernicterus (Severe Neonatal Jaundice),Moderate,4,harm severity /5,2,"Degrades: Bodily, Musical, Meta-Cognitive"
cost-retinopathy-prematurity,2907,cost,Retinopathy of Prematurity,Strong,4,harm severity /5,2,"Degrades: Spatial, Aesthetic, Naturalist"
cost-congenital-hearing-loss,2908,cost,Congenital / Early Permanent Hearing Loss,Strong,3,harm severity /5,2,"Degrades: Linguistic, Musical, Social-Perceptual"
cost-osteogenesis-imperfecta,2909,cost,Osteogenesis Imperfecta,Moderate,3,harm severity /5,2,"Degrades: Bodily, Mechanical, Aesthetic"
cost-classic-galactosemia,2910,cost,Classic Galactosemia,Moderate,3,harm severity /5,2,"Degrades: Logical, Linguistic, Bodily"
corporate-psychopathy-executives,2911,weakness,Corporate Psychopathy in Executives → Charisma Masking Ruin,Moderate,6,threat /10,2,"Degrades: institutional trust, ethical decision-making, employee wellbeing, long-run firm value"
executive-derailment-failure-to-adapt,2912,weakness,Executive Derailment → Yesterday's Strengths Become Fatal Flaws,Moderate,6,threat /10,2,"Degrades: leadership continuity, relationship capital, strategic adaptability, promotion ROI"
machiavellian-leadership-trust-erosion,2913,weakness,Machiavellian Leadership → Manufactured Distrust,Moderate,6,threat /10,2,"Degrades: follower trust, psychological wellbeing, voluntary cooperation, ethical climate"
nepotistic-inherited-control-succession,2914,weakness,Nepotistic Inherited-Control Succession → Blood Over Merit,Moderate,6,threat /10,1,"Degrades: firm profitability, capital-allocation quality, market valuation, meritocratic legitimacy"
petty-tyranny-arbitrary-control,2915,weakness,"Petty Tyranny → Arbitrary, Self-Aggrandizing Control",Moderate,6,threat /10,2,"Degrades: subordinate initiative, self-esteem, helplessness resistance, unit climate"
succession-planning-failure-heir-apparent,2916,weakness,Succession-Planning Failure → No Groomed Heir When It Matters,Moderate,6,threat /10,1,"Degrades: leadership continuity, post-transition performance, strategic stability, investor confidence"
lmx-differentiation-leader-favoritism,2917,weakness,LMX Differentiation → Leader Favoritism That Fractures the Team,Mixed,5,threat /10,2,"Degrades: team cohesion, procedural-justice climate, out-group performance, collective solidarity"
superstar-celebrity-ceo-underperformance,2918,weakness,"Superstar CEO Status → Distraction, Perks, and Underperformance",Moderate,5,threat /10,1,"Degrades: firm operating performance, executive focus, pay discipline, earnings quality"
management-by-exception-active-error-policing,2919,weakness,Management-by-Exception (Active) → Error-Policing That Deadens Effort,Moderate,4,threat /10,1,"Degrades: intrinsic motivation, initiative, extra-role effort, unit performance"
ceo-duality-contested-governance-risk,2920,weakness,CEO Duality → A Feared Governance Risk That Barely Moves the Needle,Mixed,2,threat /10,2,"Degrades: board independence (in theory), monitoring — but effect on performance is near-null"
eswt-tendinopathy-plantar,2921,practice,Extracorporeal Shockwave Therapy (ESWT) for Tendinopathy & Plantar Fasciitis,Moderate,3,impact magnitude /5,2,"practice: 'Bolsters clusters: Plantar Fasciitis, Rotator Cuff & Chronic Shoulder Tendinopathy, Lateral Epicondylitis'"
glad-osteoarthritis-program,2922,practice,GLA:D — Education + Neuromuscular Exercise for Hip/Knee Osteoarthritis,Moderate,3,impact magnitude /5,1,"practice: 'Bolsters clusters: Knee Osteoarthritis, Falls & Hip Fracture in Older Adults, Aquatic / Water-Based Exercise'"
vr-rehabilitation-stroke,2923,practice,Virtual-Reality & Interactive-Gaming Rehabilitation (Stroke),Moderate,3,impact magnitude /5,1,"practice: 'Bolsters clusters: Stroke Sequelae, Constraint-Induced Movement Therapy After Stroke, Task-Specific Repetitive Training After Stroke'"
heavy-slow-resistance-tendinopathy,2924,practice,Heavy Slow Resistance Training for Tendinopathy,Moderate,3,impact magnitude /5,2,"practice: 'Bolsters clusters: Achilles Tendinopathy, Rotator Cuff & Chronic Shoulder Tendinopathy, Patellar tendon load tolerance'"
cupping-therapy-pain,2925,practice,Cupping Therapy for Chronic Neck & Back Pain,Mixed,2,impact magnitude /5,2,"practice: 'Bolsters clusters: Chronic Neck Pain, Chronic Low Back Pain, Foam Rolling / Self-Myofascial Release'"
dry-needling-myofascial,2926,practice,Dry Needling for Myofascial Trigger-Point Pain,Mixed,2,impact magnitude /5,2,"practice: 'Bolsters clusters: Chronic Neck Pain, Rotator Cuff & Chronic Shoulder Tendinopathy, Lateral Epicondylitis'"
iastm-graston,2927,practice,Instrument-Assisted Soft-Tissue Mobilization (Graston / IASTM),Emerging,2,impact magnitude /5,2,"practice: 'Bolsters clusters: Foam Rolling / Self-Myofascial Release, Lateral Epicondylitis, PNF Stretching (Contract-Relax)'"
low-level-laser-photobiomodulation,2928,practice,Low-Level Laser Therapy / Photobiomodulation (Musculoskeletal Pain),Mixed,2,impact magnitude /5,1,"practice: 'Bolsters clusters: Chronic Neck Pain, Achilles Tendinopathy, Lateral Epicondylitis'"
kinesiology-taping,2929,practice,Kinesiology Taping (Kinesio Tape),Mixed,1,impact magnitude /5,2,"practice: 'Bolsters clusters: Lateral Epicondylitis, Chronic Neck Pain, Rotator Cuff & Chronic Shoulder Tendinopathy'"
mechanical-traction-lbp,2930,practice,Mechanical/Lumbar Traction for Low Back Pain & Sciatica,Mixed,1,impact magnitude /5,1,"practice: 'Bolsters clusters: Chronic Low Back Pain, Degenerative Cervical Myelopathy, McKenzie Method (Mechanical Diagnosis & Therapy)'"
therapeutic-ultrasound-msk,2931,practice,Therapeutic Ultrasound for Musculoskeletal & Low Back Pain,Mixed,1,impact magnitude /5,1,"practice: 'Bolsters clusters: Chronic Low Back Pain, Chronic Neck Pain, Lateral Epicondylitis'"
bwstt-robotic-gait-stroke,2932,practice,Body-Weight-Supported Treadmill & Robotic Gait Training (Stroke),Mixed,2,impact magnitude /5,2,"practice: 'Bolsters clusters: Stroke Sequelae, Task-Specific Repetitive Training After Stroke, Balance & Fall-Prevention Exercise'"
cost-firearm-injury-survivorship,2933,cost,Firearm Injury Survivorship,Strong,5,harm severity /5,2,"Degrades: Emotional stability, physical function, finances, Intrapersonal wellbeing"
cost-high-voltage-electrical-injury,2934,cost,High-Voltage Electrical Injury,Strong,5,harm severity /5,2,"Degrades: Bodily control, limb viability, cardiac & renal function, survival"
cost-hemorrhagic-shock-trauma,2935,cost,Traumatic Hemorrhagic Shock (Exsanguination),Strong,5,harm severity /5,2,"Degrades: whole-organism survival, organ perfusion, Bodily & cognitive function"
cost-acute-compartment-syndrome,2936,cost,Acute Compartment Syndrome,Strong,4,harm severity /5,2,"Degrades: Bodily control, limb viability, function, survival"
cost-crush-syndrome-rhabdomyolysis,2937,cost,Crush Syndrome / Traumatic Rhabdomyolysis,Strong,5,harm severity /5,2,"Degrades: Bodily control, Interoceptive integrity, kidney function, survival"
cost-frostbite-cold-injury,2938,cost,Frostbite (Deep Cold Thermal Injury),Strong,4,harm severity /5,3,"Degrades: Bodily control, manual/pedal function, independence, body image"
cost-snakebite-envenoming,2939,cost,Snakebite Envenoming,Strong,5,harm severity /5,3,"Degrades: Bodily control, limb viability, survival, livelihood"
cost-high-energy-pelvic-ring-fracture,2940,cost,High-Energy Pelvic Ring Fracture,Moderate,5,harm severity /5,2,"Degrades: survival, Bodily & pelvic function, continence, mobility"
cost-open-globe-ocular-trauma,2941,cost,Open-Globe Ocular Trauma,Moderate,4,harm severity /5,2,"Degrades: Spatial vision, Aesthetic, reading/driving, independence"
cost-flail-chest-thoracic-trauma,2942,cost,Flail Chest & Severe Blunt Thoracic Trauma,Moderate,4,harm severity /5,2,"Degrades: respiratory function, Bodily stability, survival, independence"
cost-open-tibial-mangled-extremity,2943,cost,Open Tibial Fracture / Mangled Extremity (Gustilo IIIB/C),Moderate,4,harm severity /5,2,"Degrades: Bodily control, mobility, limb viability, function"
cost-traumatic-brachial-plexus-injury,2944,cost,Traumatic Brachial Plexus Injury,Moderate,4,harm severity /5,2,"Degrades: Bodily control, manual dexterity, employment, mental health"
cost-accidental-hypothermia,2945,cost,Accidental Hypothermia,Strong,4,harm severity /5,2,"Degrades: Interoceptive read, Bodily coordination, cardiac stability, cognition, survival"
cost-dog-bite-injuries,2946,cost,Dog & Mammalian Bite Injuries,Moderate,3,harm severity /5,2,"Degrades: Aesthetic, Bodily integrity, Emotional stability (children), function"
avoidance-reinforcement-loop-depression,2947,weakness,Avoidance Loop → Depression's Low-Reward Trap,Strong,6,threat /10,3,"Degrades: reward contact, activity, drive, mood"
meta-worry-negative-metacognition,2948,weakness,Meta-Worry → Worrying About Worrying (Wells),Strong,6,threat /10,2,"Degrades: worry control, perceived controllability, uncertainty tolerance"
repetitive-negative-thinking-transdiagnostic,2949,weakness,Repetitive Negative Thinking → A Transdiagnostic Engine,Strong,6,threat /10,2,"Degrades: emotional recovery, problem-solving, mood across many disorders"
attentional-control-deficit-anxiety,2950,weakness,Attentional Control Deficit → Anxiety Hijacks Executive Focus,Strong,5,threat /10,3,"Degrades: working-memory efficiency, inhibition, task-shifting under stress"
contrast-avoidance-worry,2951,weakness,Contrast Avoidance → Worrying to Dodge the Emotional Drop,Moderate,5,threat /10,2,"Degrades: positive-emotion tolerance, emotional flexibility, present-moment contact"
safety-behaviors-anxiety-maintenance,2952,weakness,Safety Behaviors → Anxiety That Never Disconfirms,Moderate,5,threat /10,2,"Degrades: fear extinction, exposure learning, self-efficacy under threat"
anticipatory-processing-social-anxiety,2953,weakness,Anticipatory Processing → Rehearsing Failure Before You Arrive,Moderate,4,threat /10,3,"Degrades: pre-event calm, self-image, willingness to enter social situations"
disgust-sensitivity-contamination,2954,weakness,Disgust Sensitivity → Contamination Fear & Phobia,Moderate,4,threat /10,2,"Degrades: fear extinction, approach to 'contaminated' cues, exposure tolerance"
overgeneral-autobiographical-memory-depression,2955,weakness,Overgeneral Memory → A Self-Story Stuck in Vague,Moderate,4,threat /10,3,"Degrades: specific recall, problem-solving, imagined future, mood recovery"
thought-action-fusion-ocd,2956,weakness,Thought-Action Fusion → Intrusions Feel Dangerous,Moderate,4,threat /10,2,"Degrades: appraisal of intrusive thoughts, moral self-trust, letting-thoughts-pass"
external-vs-internal-attentional-focus,2957,practice,External vs Internal Attentional Focus,Strong,3,impact magnitude /5,2,"practice: 'Bolsters clusters: Bodily, Meta-Cognitive, Strategic'"
instructional-vs-motivational-self-talk-sport,2958,practice,Instructional vs Motivational Self-Talk (Sport),Strong,3,impact magnitude /5,1,"practice: 'Bolsters clusters: Meta-Cognitive, Bodily, Strategic, Volitional'"
chunking-expertise-schemas,2959,practice,Chunking & Expertise Schemas,Strong,3,impact magnitude /5,2,"practice: 'Bolsters clusters: Pattern-Recognition, Musical, Strategic, Meta-Cognitive'"
pre-performance-routines,2960,practice,Pre-Performance Routines,Moderate,3,impact magnitude /5,1,"practice: 'Bolsters clusters: Bodily, Volitional, Meta-Cognitive'"
psychological-skills-training-packages,2961,practice,Psychological Skills Training Packages,Moderate,3,impact magnitude /5,1,"practice: 'Bolsters clusters: Bodily, Strategic, Meta-Cognitive, Volitional'"
quiet-eye-training,2962,practice,Quiet-Eye Training,Moderate,3,impact magnitude /5,1,"practice: 'Bolsters clusters: Bodily, Meta-Cognitive, Spatial'"
video-self-modeling,2963,practice,Video Self-Modeling,Moderate,3,impact magnitude /5,2,"practice: 'Bolsters clusters: Bodily, Meta-Cognitive, Intrapersonal'"
analogy-implicit-motor-learning,2964,practice,Analogy Learning / Implicit Motor Learning,Emerging,3,impact magnitude /5,2,"practice: 'Bolsters clusters: Bodily, Meta-Cognitive, Musical'"
reduced-feedback-frequency-guidance,2965,practice,Reduced Feedback Frequency (Guidance Hypothesis),Mixed,2,impact magnitude /5,3,"practice: 'Bolsters clusters: Bodily, Meta-Cognitive'"
self-controlled-practice-autonomy,2966,practice,Self-Controlled Practice & Autonomy Support,Mixed,2,impact magnitude /5,2,"practice: 'Bolsters clusters: Bodily, Volitional, Meta-Cognitive'"
errorless-reduced-error-practice,2967,practice,Errorless / Reduced-Error Practice,Emerging,2,impact magnitude /5,1,"practice: 'Bolsters clusters: Bodily, Meta-Cognitive'"
cost-acute-pesticide-self-poisoning,2968,cost,Acute Pesticide Poisoning & Self-Poisoning,Strong,5,harm severity /5,2,"Degrades: survival, respiratory/neuromuscular function, mental-health outcomes"
cost-ckdu-heat-stress-nephropathy,2969,cost,CKDu / Heat-Stress Nephropathy (Mesoamerican Nephropathy),Moderate,5,harm severity /5,2,"Degrades: kidney function, working lifespan, longevity"
cost-diesel-exhaust-lung-cancer,2970,cost,Diesel Engine Exhaust → Lung Cancer (IARC Group 1),Strong,4,harm severity /5,2,"Degrades: lung tissue integrity, long-term respiratory/cancer-free survival"
cost-aromatic-amine-bladder-cancer,2971,cost,Occupational Aromatic-Amine Exposure → Bladder Cancer,Strong,4,harm severity /5,2,"Degrades: urothelial integrity, long-term bladder health, cancer-free survival"
cost-occupational-ionizing-radiation,2972,cost,Occupational Ionizing-Radiation Exposure — Low-Dose Cancer Risk,Strong,4,harm severity /5,2,"Degrades: DNA integrity, long-term cancer-free survival, hematopoietic health"
cost-wood-dust-sinonasal-cancer,2973,cost,Wood Dust → Sinonasal Cancer (IARC Group 1),Strong,4,harm severity /5,1,"Degrades: nasal/sinus tissue integrity, olfaction, upper-airway health"
cost-occupational-heat-stress,2974,cost,Occupational Heat Stress & Heat-Related Illness,Strong,4,harm severity /5,2,"Degrades: thermoregulation, kidney function, cognitive performance, work productivity"
cost-occupational-asthma,2975,cost,Occupational Asthma — Work-Caused Airway Disease,Strong,3,harm severity /5,1,"Degrades: lung function, exercise capacity, sleep, work capacity"
cost-endemic-fluorosis,2976,cost,Endemic Skeletal & Dental Fluorosis (Groundwater Fluoride),Moderate,4,harm severity /5,2,"Degrades: bone/joint mobility, dental integrity, spinal function, quality of life"
cost-hand-arm-vibration-syndrome,2977,cost,Hand-Arm Vibration Syndrome (HAVS) — Vibration White Finger,Strong,3,harm severity /5,2,"Degrades: fine motor control, grip strength, tactile sensation, cold tolerance in hands"
cost-occupational-solar-uv-nmsc,2978,cost,Occupational Solar UV → Non-Melanoma Skin Cancer (Outdoor Work),Strong,3,harm severity /5,1,"Degrades: skin integrity, long-term skin-cancer-free survival"
cost-shift-work-sleep-disorder,2979,cost,Shift Work Sleep Disorder (SWSD) — Clinical Circadian Misalignment,Strong,3,harm severity /5,3,"Degrades: alertness, reaction time, sustained attention, mood, driving safety"
cost-occupational-contact-dermatitis,2980,cost,Occupational Contact Dermatitis — Wet-Work & Sensitizer Skin Disease,Strong,2,harm severity /5,2,"Degrades: skin-barrier integrity, manual work capacity, sleep, quality of life"
free-rider-public-goods,2981,weakness,Free-Riding on Public Goods → Contribution Collapse,Strong,7,threat /10,2,"Degrades: Systemic, Financial, Community, Moral"
principal-agent-misalignment,2982,weakness,Principal-Agent Misalignment → Agency Costs Drain Value,Strong,7,threat /10,2,"Degrades: Financial, Leadership, Systemic, Strategic"
prisoners-dilemma-defection,2983,weakness,Prisoner's-Dilemma Defection → Mutually Rational Ruin,Strong,7,threat /10,2,"Degrades: Strategic, Systemic, Interpersonal, Moral"
trust-repair-asymmetry,2984,weakness,Trust-Repair Asymmetry → Breaches Cut Deeper Than Cooperation Heals,Strong,7,threat /10,2,"Degrades: Interpersonal, Moral, Emotional, Social-Perceptual"
adverse-selection-lemons,2985,weakness,Adverse Selection → Markets for Lemons Unravel,Moderate,6,threat /10,2,"Degrades: Financial, Systemic, Strategic"
antisocial-punishment,2986,weakness,Antisocial Punishment → Sanctioning the Cooperators,Strong,6,threat /10,2,"Degrades: Systemic, Community, Moral, Adversarial"
moral-hazard-hidden-action,2987,weakness,Moral Hazard → Insured Recklessness & Shirking,Moderate,6,threat /10,2,"Degrades: Financial, Systemic, Moral, Strategic"
reputation-system-gaming,2988,weakness,Reputation-System Gaming → The Cooperation Signal Corrupts,Moderate,6,threat /10,2,"Degrades: Systemic, Financial, Adversarial, Moral"
second-order-free-riding,2989,weakness,Second-Order Free-Riding → Nobody Pays to Enforce the Rules,Moderate,5,threat /10,2,"Degrades: Systemic, Community, Moral, Volitional"
tit-for-tat-noise-breakdown,2990,weakness,Tit-for-Tat Under Noise → Echoing Defection Spirals,Moderate,5,threat /10,2,"Degrades: Strategic, Adversarial, Interpersonal, Systemic"
delayed-social-security-claiming,2991,practice,Delaying Social Security to Age 70,Strong,3,impact magnitude /5,2,"practice: 'Bolsters clusters: Retirement Income Security, Longevity-Risk Protection, Outliving Retirement Savings'"
refinancing-lower-interest-rate,2992,practice,Refinancing to a Lower Interest Rate,Strong,3,impact magnitude /5,2,"practice: 'Bolsters clusters: Lower Borrowing Costs, Debt-to-Income Management, Household Cash-Flow Protection'"
safe-withdrawal-rate-4-percent,2993,practice,Safe Withdrawal Rate (The 4% Rule),Moderate,3,impact magnitude /5,2,"practice: 'Bolsters clusters: Retirement Income Security, Sequence-of-Returns Risk, Outliving Retirement Savings'"
target-date-funds,2994,practice,Target-Date Funds as the Default Vehicle,Strong,3,impact magnitude /5,1,"practice: 'Bolsters clusters: Automatic Enrollment & Smart Defaults, Automated & Index Investing, Naive 1/N Diversification'"
periodic-portfolio-rebalancing,2995,practice,Periodic Portfolio Rebalancing,Moderate,2,impact magnitude /5,1,"practice: 'Bolsters clusters: Automated & Index Investing, Naive 1/N Diversification, Capital Preservation'"
prize-linked-savings,2996,practice,Prize-Linked Savings Accounts,Moderate,2,impact magnitude /5,1,"practice: 'Bolsters clusters: Commitment Savings Devices, Micro-Saving, Building a Liquid Emergency Fund'"
asset-location,2997,practice,Asset Location (Tax-Efficient Account Placement),Mixed,2,impact magnitude /5,1,"practice: 'Bolsters clusters: Tax-Advantaged Retirement Saving, Automated & Index Investing, Fee-Aware Investing'"
financial-coaching,2998,practice,Financial Coaching / Counseling,Moderate,2,impact magnitude /5,1,"practice: 'Bolsters clusters: Budgeting & Expense Tracking, Debt Snowball vs. Avalanche, Building a Liquid Emergency Fund'"
tax-loss-harvesting,2999,practice,Tax-Loss Harvesting,Moderate,2,impact magnitude /5,1,"practice: 'Bolsters clusters: Automated & Index Investing, Tax-Advantaged Saving, Fee-Aware Investing'"
financial-education-programs-honest-verdict,3000,practice,Financial Education Programs (Honest Verdict),Mixed,2,impact magnitude /5,2,"practice: 'Bolsters clusters: Low Financial Literacy, Budgeting & Expense Tracking, Financial Socialization'"
value-averaging-honest-verdict,3001,practice,Value Averaging (Honest Verdict),Mixed,1,impact magnitude /5,2,"practice: 'Bolsters clusters: Dollar-Cost Averaging a Lump Sum, Automated & Index Investing'"
maple-syrup-urine-disease,3002,cost,Maple Syrup Urine Disease (MSUD) — Branched-Chain Amino Acid Toxicity,Strong,5,harm severity /5,2,"Degrades: Meta-Cognitive, Logical, Bodily, Volitional"
pompe-disease-infantile,3003,cost,Pompe Disease (Infantile-Onset) — Acid Maltase Deficiency,Strong,5,harm severity /5,2,"Degrades: Bodily, Volitional, Interoceptive"
vascular-ehlers-danlos,3004,cost,Vascular Ehlers-Danlos Syndrome (vEDS) — Arterial and Organ Rupture,Strong,5,harm severity /5,2,"Degrades: Bodily, Interoceptive, Existential"
urea-cycle-otc,3005,cost,Urea-Cycle Disorders — Hyperammonemic Brain Injury,Moderate,5,harm severity /5,2,"Degrades: Meta-Cognitive, Logical, Bodily, Volitional"
tuberous-sclerosis-complex,3006,cost,Tuberous Sclerosis Complex (TSC) — mTOR-Driven Hamartomas,Strong,4,harm severity /5,2,"Degrades: Logical, Meta-Cognitive, Emotional, Social-Perceptual"
melas-mitochondrial,3007,cost,"MELAS — Mitochondrial Encephalomyopathy, Stroke-Like Episodes",Moderate,5,harm severity /5,2,"Degrades: Bodily, Logical, Meta-Cognitive, Interoceptive"
niemann-pick-type-c,3008,cost,Niemann-Pick Disease Type C — Neurovisceral Lipid Trafficking Failure,Moderate,5,harm severity /5,2,"Degrades: Meta-Cognitive, Linguistic, Bodily, Volitional"
fabry-disease,3009,cost,Fabry Disease — X-linked Glycosphingolipid Storage,Strong,4,harm severity /5,2,"Degrades: Bodily, Interoceptive, Emotional, Financial"
hereditary-attr-amyloidosis,3010,cost,Hereditary Transthyretin Amyloidosis (ATTRv) — Nerve and Heart Deposition,Moderate,4,harm severity /5,2,"Degrades: Bodily, Interoceptive, Financial"
marfan-syndrome,3011,cost,Marfan Syndrome — Aortic Dissection Risk,Strong,4,harm severity /5,2,"Degrades: Bodily, Interoceptive, Existential"
glycogen-storage-disease-1a,3012,cost,Glycogen Storage Disease Type Ia (von Gierke) — Fasting Hypoglycemia and Liver Tumors,Moderate,4,harm severity /5,2,"Degrades: Bodily, Interoceptive, Financial, Logical"
alkaptonuria,3013,cost,Alkaptonuria — Ochronotic Arthropathy,Moderate,3,harm severity /5,2,"Degrades: Bodily, Interoceptive"
gaucher-disease-type-1,3014,cost,Gaucher Disease Type 1 — Lysosomal Lipid Overload,Strong,3,harm severity /5,2,"Degrades: Bodily, Interoceptive, Financial"
hereditary-angioedema,3015,cost,Hereditary Angioedema (C1-Inhibitor Deficiency) — Laryngeal Asphyxiation Risk,Strong,4,harm severity /5,2,"Degrades: Bodily, Interoceptive, Financial, Emotional"
neurofibromatosis-type-1,3016,cost,Neurofibromatosis Type 1 (NF1) — Tumor-Predisposition Burden,Strong,3,harm severity /5,2,"Degrades: Bodily, Aesthetic, Logical, Interpersonal"
diagnostic-anchoring-clinical,3017,weakness,Diagnostic Anchoring — Locking Onto the First Clinical Impression,Moderate,6,threat /10,2,"weakness: 'Degrades: differential reasoning, evidence updating, diagnostic accuracy'"
diagnostic-overconfidence-calibration,3018,weakness,Diagnostic Overconfidence — Confidence Decoupled From Accuracy,Moderate,6,threat /10,2,"weakness: 'Degrades: calibrated certainty, help-seeking, resource-request judgment'"
expert-forecasting-tetlock,3019,weakness,Expert Forecasting — Political Pundits Barely Beat Chance,Strong,6,threat /10,2,"weakness: 'Degrades: probabilistic forecasting, calibrated confidence, long-horizon prediction'"
forensic-confirmation-bias-dror,3020,weakness,Forensic Confirmation Bias — Context Sways the Expert Examiner,Moderate,6,threat /10,2,"weakness: 'Degrades: objective examination, contextual independence, identification reliability'"
availability-bias-clinical,3021,weakness,Availability Bias in Diagnosis — Reaching for the Recently-Seen,Moderate,5,threat /10,2,"weakness: 'Degrades: base-rate-faithful diagnosis, differential breadth, calibrated likelihood'"
earned-dogmatism-effect,3022,weakness,Earned Dogmatism — Feeling Expert Licenses a Closed Mind,Mixed,5,threat /10,2,"weakness: 'Degrades: open-minded reasoning, belief updating, willingness to hear dissent'"
illusion-explanatory-depth,3023,weakness,Illusion of Explanatory Depth — Feeling You Understand the Mechanism,Strong,5,threat /10,2,"weakness: 'Degrades: self-knowledge of what you know, calibrated confidence, causal reasoning'"
inattentional-blindness-experts,3024,weakness,Inattentional Blindness in Experts — Looking Right at the Gorilla,Strong,5,threat /10,2,"weakness: 'Degrades: anomaly detection, perceptual vigilance, catching the unexpected'"
search-satisficing-diagnosis,3025,weakness,Search Satisficing — Stopping at the First Finding,Moderate,5,threat /10,2,"weakness: 'Degrades: exhaustive search, second-lesion detection, differential completeness'"
semmelweis-reflex-paradigm-rejection,3026,weakness,Semmelweis Reflex — Reflexively Rejecting Paradigm-Breaking Evidence,Mixed,5,threat /10,2,"weakness: 'Degrades: belief updating, paradigm revision, receptivity to disconfirming data'"
diagnosis-momentum,3027,weakness,Diagnosis Momentum — When a Label Sticks and Propagates,Emerging,4,threat /10,2,"weakness: 'Degrades: independent reassessment, handoff error-correction, fresh interpretation'"
self-distancing-reflection,3028,practice,Self-Distancing / Distanced Self-Reflection,Moderate,3,impact magnitude /5,2,"practice: 'Bolsters clusters: Emotional, Intrapersonal, Moral'"
reach-forgiveness-intervention,3029,practice,REACH Forgiveness Intervention (Worthington),Moderate,3,impact magnitude /5,2,"practice: 'Bolsters clusters: Moral, Emotional, Interpersonal, Existential'"
reminiscence-life-review-therapy,3030,practice,Reminiscence & Life-Review Therapy,Moderate,3,impact magnitude /5,2,"practice: 'Bolsters clusters: Existential, Emotional, Intrapersonal, Interpersonal'"
dignity-therapy-chochinov,3031,practice,Dignity Therapy (End-of-Life Legacy Work),Mixed,3,impact magnitude /5,2,"practice: 'Bolsters clusters: Existential, Interpersonal, Emotional'"
mental-subtraction-positive-events,3032,practice,Mental Subtraction of Positive Events (Counterfactual Gratitude),Emerging,2,impact magnitude /5,1,"practice: 'Bolsters clusters: Emotional, Existential, Interpersonal'"
multicomponent-ppis-honest,3033,practice,Multi-Component Positive-Psychology Interventions (the honest baseline),Mixed,2,impact magnitude /5,3,"practice: 'Bolsters clusters: Emotional, Existential, Intrapersonal'"
intercessory-prayer-others-health,3034,practice,Intercessory Prayer for Others' Health (distant healing claim),Mixed,1,impact magnitude /5,2,"practice: 'Bolsters clusters: Existential, Moral'"
death-reflection-contemplation,3035,practice,Death Reflection (Transcendent Mortality Contemplation),Emerging,2,impact magnitude /5,1,"practice: 'Bolsters clusters: Existential, Moral, Interpersonal'"
ikigai-purpose-japanese,3036,practice,Ikigai / Sense of Life-Worth-Living,Mixed,2,impact magnitude /5,2,"practice: 'Bolsters clusters: Existential, Intrapersonal, Emotional'"
life-crafting-intervention,3037,practice,Life Crafting (Reflective Goal-Setting for Meaning),Emerging,2,impact magnitude /5,2,"practice: 'Bolsters clusters: Existential, Intrapersonal, Volitional'"
hope-therapy-snyder,3038,practice,Hope Therapy (Snyder Hope Theory),Emerging,2,impact magnitude /5,1,"practice: 'Bolsters clusters: Existential, Emotional, Intrapersonal'"
naikan-introspection,3039,practice,Naikan (Japanese Structured Introspection),Emerging,2,impact magnitude /5,2,"practice: 'Bolsters clusters: Interpersonal, Moral, Existential'"
hospital-associated-disability,3040,cost,Hospital-Associated Disability — Losing Function in the Bed You Were Cured In,Strong,4,harm severity /5,3,"Degrades: ADL independence, mobility, muscle, community-dwelling status"
postoperative-delirium,3041,cost,Postoperative Delirium — The Surgery That Steals the Mind,Strong,4,harm severity /5,3,"Degrades: attention, orientation, cognition, independence, survival"
cognitive-frailty,3042,cost,Cognitive Frailty — When Weak Body and Slipping Mind Compound,Strong,4,harm severity /5,3,"Degrades: cognition, physical reserve, independence, survival"
orthostatic-hypotension-elderly,3043,cost,Orthostatic Hypotension in Older Adults — The Drop on Standing,Strong,3,harm severity /5,3,"Degrades: balance, cerebral perfusion, mobility, independence, survival"
adult-failure-to-thrive,3044,cost,Adult Failure to Thrive — The Convergent End-Stage Geriatric Decline,Emerging,4,harm severity /5,3,"Degrades: nutrition, function, cognition, mood, survival"
constipation-fecal-impaction-elderly,3045,cost,Chronic Constipation & Fecal Impaction — The Silent Geriatric Emergency,Moderate,3,harm severity /5,3,"Degrades: gut function, comfort, cardiovascular safety, survival"
postprandial-hypotension,3046,cost,Postprandial Hypotension — The After-Meal Blood-Pressure Crash,Moderate,3,harm severity /5,3,"Degrades: post-meal cerebral perfusion, balance, syncope safety, survival"
anemia-of-aging,3047,cost,Unexplained Anemia of Aging — The Third With No Named Cause,Moderate,3,harm severity /5,3,"Degrades: energy, cognition, physical function, survival"
immunosenescence-vaccine-failure,3048,cost,Immunosenescence & Inflammaging — Why Old Immune Systems Fail Vaccines,Moderate,3,harm severity /5,3,"Degrades: infection defense, vaccine response, survival"
sarcopenic-obesity,3049,cost,Sarcopenic Obesity — Fat Mass Hiding Muscle Wasting,Moderate,3,harm severity /5,3,"Degrades: strength, mobility, metabolic health, survival"
nocturia-elderly,3050,cost,Nocturia — The Nightly Trips That Break Hips,Moderate,3,harm severity /5,3,"Degrades: sleep continuity, balance, fall safety, survival"
affective-polarization,3051,weakness,Affective Polarization → Loathing the Out-Party Regardless of Policy,Strong,7,threat /10,2,"Degrades: Social-Perceptual, Interpersonal, Moral"
false-polarization-perception-gap,3052,weakness,False Polarization → Overestimating the Other Side's Extremity,Strong,6,threat /10,2,"Degrades: Social-Perceptual, Adversarial, Moral"
motivated-numeracy,3053,weakness,Motivated Numeracy → Skill Recruited to Defend the Tribe,Moderate,6,threat /10,1,"Degrades: Mathematical, Logical, Moral"
out-party-dehumanization,3054,weakness,Out-Party Dehumanization → Opponents as Less Than Human,Moderate,6,threat /10,1,"Degrades: Moral, Existential, Social-Perceptual"
hostile-media-effect,3055,weakness,Hostile Media Effect → Neutral Coverage Read as Enemy Propaganda,Strong,5,threat /10,2,"Degrades: Social-Perceptual, Rhetorical, Logical"
moral-emotional-contagion,3056,weakness,Moral-Emotional Contagion → Outrage Language Hijacks Diffusion,Moderate,5,threat /10,1,"Degrades: Moral, Rhetorical, Emotional"
out-group-animosity-engagement,3057,weakness,Out-Group Animosity → The Strongest Engine of Viral Sharing,Moderate,5,threat /10,1,"Degrades: Rhetorical, Social-Perceptual, Moral"
third-person-effect,3058,weakness,"Third-Person Effect → 'It Sways Them, Not Me'",Strong,4,threat /10,2,"Degrades: Social-Perceptual, Meta-Cognitive, Rhetorical"
expressive-responding-cheerleading,3059,weakness,Expressive Responding → Partisan 'Cheerleading' Inflates the Gap,Mixed,3,threat /10,2,"Degrades: Moral, Meta-Cognitive, Adversarial"
filter-bubble-echo-overhype,3060,weakness,Filter Bubble / Echo-Chamber Overhype → A Real But Overstated Threat,Mixed,2,threat /10,2,"Degrades: Social-Perceptual, Meta-Cognitive"
fear-appeals-with-efficacy,3061,practice,Fear Appeals Paired with Efficacy (EPPM),Strong,3,impact magnitude /5,2,"practice: 'Bolsters clusters: health persuasion, risk communication, behavior change'"
self-persuasion-self-generated-arguments,3062,practice,Self-Persuasion (Elicit Their Own Arguments),Moderate,3,impact magnitude /5,2,"practice: 'Bolsters clusters: durable attitude change, coaching, resistance-proof persuasion'"
moral-reframing-to-audience-values,3063,practice,Moral Reframing to the Audience's Values,Moderate,3,impact magnitude /5,2,"practice: 'Bolsters clusters: cross-partisan persuasion, moral persuasion, message tailoring'"
deep-canvassing-durable-attitude-change,3064,practice,Deep Canvassing (Non-Judgmental Exchange),Moderate,3,impact magnitude /5,2,"practice: 'Bolsters clusters: durable attitude change, prejudice reduction, perspective-taking'"
dynamic-social-norms-messaging,3065,practice,Dynamic Social-Norm Messaging (Trending Behavior),Emerging,3,impact magnitude /5,2,"practice: 'Bolsters clusters: social-norms persuasion, sustainable behavior, health messaging'"
self-affirmation-reduces-message-defensiveness,3066,practice,Self-Affirmation to Lower Message Defensiveness,Moderate,2,impact magnitude /5,2,"practice: 'Bolsters clusters: health persuasion, reducing reactance, message acceptance'"
byaf-but-you-are-free,3067,practice,'But You Are Free' (Autonomy-Preserving Requests),Mixed,2,impact magnitude /5,2,"practice: 'Bolsters clusters: low-stakes compliance, request framing, reactance reduction'"
identifiable-victim-effect,3068,practice,Identifiable Victim Framing (One Named Face),Mixed,2,impact magnitude /5,2,"practice: 'Bolsters clusters: fundraising, charitable appeals, emotional persuasion'"
legitimizing-paltry-contributions,3069,practice,Legitimizing Paltry Contributions ('Even a Penny Helps'),Mixed,2,impact magnitude /5,2,"practice: 'Bolsters clusters: fundraising, compliance, request framing'"
question-behavior-effect,3070,practice,Question-Behavior Effect (Mere Measurement),Mixed,2,impact magnitude /5,2,"practice: 'Bolsters clusters: behavior prompting, self-prophecy, intention framing'"
entertainment-education-narratives,3071,practice,Entertainment-Education Narratives (Sabido Method),Moderate,2,impact magnitude /5,2,"practice: 'Bolsters clusters: health persuasion, narrative persuasion, behavior-change campaigns'"
cost-landau-kleffner-syndrome,3072,cost,Landau-Kleffner Syndrome (Acquired Epileptic Aphasia),Moderate,4,harm severity /5,2,"Degrades: Linguistic, Interpersonal, Emotional, Meta-Cognitive, Existential"
cost-developmental-stuttering,3073,cost,Developmental Stuttering (Childhood-Onset Fluency Disorder),Strong,3,harm severity /5,3,"Degrades: Linguistic, Rhetorical, Interpersonal, Emotional, Financial"
cost-tourette-syndrome,3074,cost,Tourette Syndrome,Strong,3,harm severity /5,3,"Degrades: Volitional, Interpersonal, Emotional, Financial, Intrapersonal"
cost-childhood-apraxia-of-speech,3075,cost,Childhood Apraxia of Speech (CAS),Moderate,3,harm severity /5,2,"Degrades: Linguistic, Rhetorical, Interpersonal, Emotional, Social-Perceptual"
cost-dysgraphia-written-expression,3076,cost,Dysgraphia / Specific Learning Disorder in Written Expression,Moderate,3,harm severity /5,2,"Degrades: Linguistic, Creative, Mechanical, Financial"
cost-social-pragmatic-communication-disorder,3077,cost,Social (Pragmatic) Communication Disorder (SPCD),Mixed,3,harm severity /5,2,"Degrades: Social-Perceptual, Interpersonal, Rhetorical, Emotional, Community"
cost-speech-sound-disorder,3078,cost,Speech Sound Disorder / Phonological Disorder,Moderate,2,harm severity /5,2,"Degrades: Linguistic, Rhetorical, Interpersonal, Financial"
cost-cluttering,3079,cost,"Cluttering (Rapid, Disorganized Fluency Disorder)",Emerging,2,harm severity /5,2,"Degrades: Linguistic, Rhetorical, Interpersonal, Meta-Cognitive"
cost-nonverbal-learning-disability,3080,cost,Nonverbal Learning Disability (NVLD),Mixed,2,harm severity /5,2,"Degrades: Spatial, Mathematical, Social-Perceptual, Interpersonal, Bodily"
task-completion-bias-easy-first,3081,weakness,Task-Completion Bias — Clearing Easy Wins While High-Value Work Rots,Moderate,5,threat /10,1,"Degrades: prioritization, long-term performance, skill growth"
plan-continuation-bias,3082,weakness,Plan Continuation Bias (Get-There-Itis) — Pressing On When You Should Reprioritize,Moderate,4,threat /10,2,"Degrades: adaptive replanning, situation monitoring, risk reassessment"
precrastination-hasty-subgoals,3083,weakness,Precrastination — Rushing Subgoals to Wastefully Clear Mental Load,Moderate,4,threat /10,2,"Degrades: strategic sequencing, effort economy, working-memory management"
ovsiankina-resumption-pull,3084,weakness,The Ovsiankina Pull — Interrupted Tasks Drag You Back Off-Plan,Moderate,4,threat /10,2,"Degrades: reprioritization, focus on current goal, plan adherence"
time-scarcity-tunneling,3085,weakness,Time-Scarcity Tunneling — Emergencies Crowd Out the Important-Not-Urgent,Mixed,4,threat /10,2,"Degrades: strategic foresight, maintenance/prevention work, bandwidth"
unexternalized-open-loops,3086,weakness,Un-Externalized Open Loops — Unfinished Tasks Drain Executive Function,Moderate,4,threat /10,2,"Degrades: working memory, concentration, task performance"
law-of-triviality-bikeshedding,3087,weakness,Parkinson's Law of Triviality (Bikeshedding) — Time Sunk on the Easy-to-Grasp,Emerging,3,threat /10,1,"Degrades: resource allocation, prioritization, decision throughput"
perfectionistic-concerns-noncompletion,3088,weakness,Perfectionistic Concerns — Fear-of-Failure Delay and Non-Completion,Moderate,3,threat /10,2,"Degrades: task initiation, timely completion, shipping"
time-confetti-fragmentation,3089,weakness,Time Confetti — Leisure and Recovery Shredded Into Unusable Slivers,Emerging,3,threat /10,2,"Degrades: attention restoration, felt time affluence, sustained focus"
portfolio-diet-ldl,3090,practice,Portfolio Diet (Cholesterol-Lowering Combination),Strong,4,impact magnitude /5,2,"practice: 'Bolsters clusters: LDL/lipid control, cardiovascular health, dietary self-efficacy'"
caloric-restriction-calerie,3091,practice,Sustained Moderate Calorie Restriction (CALERIE),Strong,4,impact magnitude /5,2,"practice: 'Bolsters clusters: cardiometabolic risk, biological aging, metabolic health'"
fruit-vegetable-dose-response,3092,practice,Fruit & Vegetable Intake (Dose-Response),Strong,3,impact magnitude /5,2,"practice: 'Bolsters clusters: cardiovascular health, cancer risk reduction, longevity'"
extra-virgin-olive-oil,3093,practice,Extra-Virgin Olive Oil (as Primary Fat),Moderate,3,impact magnitude /5,2,"practice: 'Bolsters clusters: cardiovascular health, lipid/endothelial function, longevity'"
soy-foods-isoflavones,3094,practice,Soy Foods & Isoflavones (Lipid Effect),Moderate,2,impact magnitude /5,2,"practice: 'Bolsters clusters: LDL/lipid control, plant-protein substitution, cardiovascular health'"
food-order-carb-last,3095,practice,Food Order — Carbohydrate-Last Meal Sequencing,Emerging,2,impact magnitude /5,2,"practice: 'Bolsters clusters: post-meal glycemic control, insulin response, glucose stability'"
intuitive-eating,3096,practice,Intuitive Eating (Non-Diet Approach),Moderate,2,impact magnitude /5,2,"practice: 'Bolsters clusters: disordered-eating reduction, body image, psychological wellbeing'"
low-fodmap-ibs,3097,practice,Low-FODMAP Diet (IBS Symptom Relief),Moderate,3,impact magnitude /5,2,"practice: 'Bolsters clusters: gut symptom control, quality of life, gut-brain regulation'"
green-mediterranean-direct-plus,3098,practice,Green-Mediterranean Diet (DIRECT-PLUS),Emerging,3,impact magnitude /5,2,"practice: 'Bolsters clusters: visceral fat loss, vascular aging, brain/liver health'"
detox-juice-cleanse,3099,practice,Detox Diets & Juice Cleanses,Mixed,1,impact magnitude /5,2,practice: 'Bolsters clusters: (claimed) toxin removal/weight loss — no credible evidence'
paleolithic-diet,3100,practice,Paleolithic ('Paleo') Diet,Mixed,2,impact magnitude /5,2,"practice: 'Bolsters clusters: short-term weight/metabolic markers (fades), diet quality'"
fasting-mimicking-diet,3101,practice,Fasting-Mimicking Diet (Periodic Cycles),Emerging,2,impact magnitude /5,2,"practice: 'Bolsters clusters: cardiometabolic markers, visceral fat, metabolic flexibility'"
gluten-free-non-celiac,3102,practice,Gluten-Free Diet for the Non-Celiac,Mixed,1,impact magnitude /5,2,practice: 'Bolsters clusters: (claimed) energy/wellness — little support absent celiac disease'
cost-postoperative-complications-ftr,3103,cost,Postoperative Complications & Failure to Rescue,Strong,5,harm severity /5,2,"Degrades: survival, long-term function, life expectancy"
cost-diagnostic-error-harm,3104,cost,Serious Diagnostic Error — The 'Big Three' Harm,Strong,5,harm severity /5,2,"Degrades: survival, neurological function, timely treatment, trust in care"
cost-clabsi,3105,cost,Central Line-Associated Bloodstream Infection (CLABSI),Strong,4,harm severity /5,2,"Degrades: hemodynamic stability, survival, ICU length of stay"
cost-hospital-acquired-vte,3106,cost,Hospital-Acquired VTE — Preventable Clots,Strong,4,harm severity /5,2,"Degrades: survival, pulmonary function, mobility"
cost-preventable-medication-harm,3107,cost,Preventable Medication Harm,Strong,4,harm severity /5,2,"Degrades: physiologic stability, renal/hepatic function, survival, length of stay"
cost-vap,3108,cost,Ventilator-Associated Pneumonia (VAP),Strong,4,harm severity /5,2,"Degrades: respiratory recovery, survival, ventilator-free days"
cost-surgical-site-infection,3109,cost,Surgical Site Infection (SSI),Strong,4,harm severity /5,2,"Degrades: wound healing, survival, mobility, hospital cost"
cost-transfusion-reactions,3110,cost,Transfusion Reactions — TRALI & TACO,Strong,3,harm severity /5,2,"Degrades: respiratory function, survival, hemodynamic stability"
cost-anesthesia-mortality,3111,cost,Anesthesia-Related Mortality — A Safety Success Story,Strong,2,harm severity /5,2,"Degrades: survival (rarely), airway/cardiac stability"
cost-alarm-fatigue,3112,cost,Alarm Fatigue → Missed Clinical Events,Moderate,3,harm severity /5,2,"Degrades: monitoring reliability, response time, survival"
cost-inpatient-falls,3113,cost,Inpatient Falls in Hospital,Moderate,3,harm severity /5,2,"Degrades: mobility, bone integrity, survival, length of stay"
cost-medical-error-death-toll-debate,3114,cost,The Medical-Error Death Toll — A Contested Number,Mixed,4,harm severity /5,2,"Degrades: survival, epistemic honesty of patient-safety data"
cost-ct-radiation-cancer,3115,cost,Cancer Risk From Medical CT Radiation,Moderate,3,harm severity /5,2,Degrades: long-term cancer-free survival (population-level)
cost-cauti,3116,cost,Catheter-Associated Urinary Tract Infection (CAUTI),Strong,3,harm severity /5,2,"Degrades: recovery time, survival (via bacteremia), antibiotic stewardship"
cost-overdiagnosis-overtreatment,3117,cost,Overdiagnosis & the Overtreatment Cascade,Moderate,3,harm severity /5,2,"Degrades: healthy identity, survival (via overtreatment), finances, peace of mind"
cost-contrast-associated-aki,3118,cost,Contrast-Associated Acute Kidney Injury (Contested),Mixed,2,harm severity /5,2,"Degrades: renal function (marginally), appropriate imaging access"
choking-distraction-working-memory,3119,weakness,Choking via Distraction — Pressure Steals the Working Memory a Hard Task Needs,Moderate,6,threat /10,2,"Degrades: Mathematical, Logical, Meta-Cognitive, Volitional"
music-performance-anxiety-stage-fright,3120,weakness,Music Performance Anxiety — Stage Fright That Sabotages a Rehearsed Piece,Moderate,6,threat /10,2,"Degrades: Musical, Emotional, Bodily"
the-yips-task-specific-dystonia,3121,weakness,The Yips — When a Grooved Movement Turns Into Involuntary Jerks,Moderate,6,threat /10,2,"Degrades: Bodily, Mechanical, Musical"
attentional-narrowing-high-arousal,3122,weakness,Attentional Narrowing — High Arousal Shrinks the Cues You Can Use,Moderate,5,threat /10,2,"Degrades: Spatial, Social-Perceptual, Strategic, Adversarial"
ironic-process-under-pressure,3123,weakness,Ironic Process — 'Don't Overshoot' Is Exactly What Makes You Overshoot,Moderate,5,threat /10,2,"Degrades: Volitional, Bodily, Emotional"
pressure-induced-risk-shift,3124,weakness,Pressure-Induced Risk Shifts — Stress Warps the Bets You Place,Moderate,5,threat /10,2,"Degrades: Strategic, Financial, Adversarial"
overarousal-yerkes-dodson-inverted-u,3125,weakness,Overarousal — Too Much Activation Past the Peak of the Inverted-U,Mixed,4,threat /10,3,"Degrades: Emotional, Bodily, Volitional"
quiet-eye-breakdown-under-pressure,3126,weakness,Quiet-Eye Collapse — Anxiety Shortens the Final Fixation Aiming Needs,Emerging,4,threat /10,2,"Degrades: Bodily, Spatial"
clutch-choke-asymmetry,3127,weakness,The Clutch-Choke Split — Why the Same Pressure Lifts Some and Sinks Others,Emerging,4,threat /10,2,"Degrades: Adversarial, Volitional, Bodily"
social-facilitation-complex-task-impairment,3128,weakness,Mere Presence of Others — Small but Real Impairment on Complex Tasks,Moderate,3,threat /10,2,"Degrades: Bodily, Logical, Creative"
home-field-choke-decisive-games,3129,weakness,The 'Home Choke' in Decisive Games — Supportive Crowds That Backfire (Contested),Mixed,3,threat /10,2,"Degrades: Adversarial, Bodily, Volitional"
balneotherapy-mineral-spring-spa,3130,practice,Balneotherapy / Mineral-Spring Spa Bathing,Mixed,3,impact magnitude /5,3,"practice: 'Bolsters clusters: Interoceptive, Bodily, Emotional'"
emotional-freedom-technique-tapping,3131,practice,Emotional Freedom Technique (Tapping),Mixed,2,impact magnitude /5,2,"practice: 'Bolsters clusters: Emotional, Interoceptive'"
reflexology-anxiety,3132,practice,Foot Reflexology for Anxiety,Mixed,2,impact magnitude /5,3,"practice: 'Bolsters clusters: Interoceptive, Emotional, Bodily'"
reiki-biofield-energy-healing,3133,practice,Reiki / Biofield Energy Healing,Mixed,2,impact magnitude /5,3,"practice: 'Bolsters clusters: Emotional, Interoceptive'"
self-acupressure-anxiety,3134,practice,Self-Administered Acupressure for Anxiety,Mixed,2,impact magnitude /5,2,"practice: 'Bolsters clusters: Interoceptive, Emotional, Bodily'"
slow-stroke-hand-massage-clinical,3135,practice,Slow-Stroke Back & Hand Massage in Clinical Settings,Emerging,2,impact magnitude /5,2,"practice: 'Bolsters clusters: Interoceptive, Emotional, Bodily'"
singing-bowl-sound-bath-meditation,3136,practice,Tibetan Singing-Bowl / Sound-Bath Meditation,Emerging,2,impact magnitude /5,1,"practice: 'Bolsters clusters: Interoceptive, Emotional, Musical'"
workplace-chair-massage,3137,practice,Workplace Chair (Seated) Massage,Emerging,2,impact magnitude /5,2,"practice: 'Bolsters clusters: Interoceptive, Emotional, Bodily'"
warm-footbath-relaxation-sleep,3138,practice,Warm Footbath (Foot Spa) for Relaxation & Sleep,Mixed,2,impact magnitude /5,2,"practice: 'Bolsters clusters: Interoceptive, Emotional, Bodily'"
aromatherapy-massage-combined,3139,practice,Aromatherapy Massage (Combined Modality),Mixed,2,impact magnitude /5,2,"practice: 'Bolsters clusters: Emotional, Interoceptive, Bodily'"
swedish-massage-gad,3140,practice,Swedish Massage Therapy for Generalized Anxiety Disorder,Emerging,2,impact magnitude /5,2,"practice: 'Bolsters clusters: Emotional, Interoceptive, Bodily'"
craniosacral-therapy,3141,practice,Craniosacral Therapy,Mixed,1,impact magnitude /5,2,"practice: 'Bolsters clusters: Interoceptive, Emotional'"
illicit-drug-use-disorders-mortality,3142,cost,Illicit Drug Use Disorders → Attributable Mortality,Strong,5,harm severity /5,2,"Degrades: Volitional, Intrapersonal, Interoceptive, Social-Perceptual, Financial"
industrial-trans-fat-chd-mortality,3143,cost,Industrial Trans Fat → Coronary Heart Disease Mortality,Strong,4,harm severity /5,2,"Degrades: Bodily, Systemic"
processed-meat-colorectal-cancer,3144,cost,Processed Meat → Colorectal Cancer (IARC Group 1),Strong,3,harm severity /5,2,"Degrades: Bodily, Systemic, Naturalist"
high-bmi-obesity-all-cause-mortality,3145,cost,High BMI / Obesity → All-Cause Mortality (and the paradox),Mixed,4,harm severity /5,2,"Degrades: Bodily, Systemic, Interoceptive, Volitional"
high-sodium-cardiovascular-mortality,3146,cost,High Sodium Intake → Cardiovascular Mortality,Moderate,3,harm severity /5,2,"Degrades: Bodily, Interoceptive, Systemic, Volitional"
low-nut-seed-intake-mortality,3147,cost,Low Nut & Seed Intake → Mortality,Moderate,3,harm severity /5,2,"Degrades: Bodily, Systemic, Naturalist"
low-whole-grain-intake-mortality,3148,cost,Low Whole-Grain Intake → Cardiometabolic Mortality,Moderate,3,harm severity /5,2,"Degrades: Bodily, Systemic, Naturalist"
sleep-duration-mortality-u-shape,3149,cost,Short & Long Sleep Duration → All-Cause Mortality,Moderate,3,harm severity /5,2,"Degrades: Interoceptive, Meta-Cognitive, Emotional, Bodily, Intrapersonal"
ultra-processed-food-mortality,3150,cost,Ultra-Processed Food Consumption → All-Cause Mortality,Mixed,3,harm severity /5,1,"Degrades: Bodily, Interoceptive, Emotional, Systemic"
unprocessed-red-meat-mortality,3151,cost,Unprocessed Red Meat → CVD & All-Cause Mortality,Mixed,2,harm severity /5,2,"Degrades: Bodily, Systemic, Naturalist"
drift-into-failure-dekker,3152,weakness,Drift Into Failure (Dekker),Moderate,7,threat /10,2,"Degrades: Systemic risk perception, Strategic boundary-sensing, anomaly-reading"
swiss-cheese-latent-conditions,3153,weakness,Latent Conditions & the Swiss-Cheese Model (Reason),Moderate,7,threat /10,2,"Degrades: Systemic defense-in-depth, Strategic hazard-anticipation, error trapping"
mode-confusion-automation-surprise,3154,weakness,Mode Confusion & Automation Surprise (Sarter & Woods),Strong,7,threat /10,2,"Degrades: Mechanical mode-awareness, Systemic supervisory control, real-time situation model"
out-of-the-loop-sa-loss,3155,weakness,Out-of-the-Loop Performance Problem (Endsley & Kiris),Strong,7,threat /10,2,"Degrades: Systemic takeover capacity, Interoceptive/situation awareness, Mechanical manual-skill"
bad-apple-theory-fallacy,3156,weakness,Bad-Apple Theory / Blaming the Operator (Dekker),Moderate,6,threat /10,2,"Degrades: Systemic learning from incidents, Moral just-culture, Strategic prevention"
normal-accident-tight-coupling,3157,weakness,Normal Accidents: Tight Coupling & Interactive Complexity (Perrow),Moderate,6,threat /10,2,"Degrades: Systemic controllability, Mechanical fault-isolation, Strategic recoverability"
outcome-bias-accident-investigation,3158,weakness,Outcome Bias in Accident Investigation (Baron & Hershey),Strong,6,threat /10,2,"Degrades: Meta-Cognitive judgment of decisions, Systemic fair learning, calibrated review"
practical-drift-snook,3159,weakness,Practical Drift (Snook),Moderate,6,threat /10,1,"Degrades: Systemic procedure-integrity, Social-Perceptual coordination, rule adherence"
etto-efficiency-thoroughness,3160,weakness,Efficiency-Thoroughness Trade-Off / ETTO (Hollnagel),Emerging,5,threat /10,1,"Degrades: Systemic thoroughness reserve, Strategic margin, verification depth"
safety-i-safety-ii-gap,3161,weakness,Safety-I / Safety-II Gap (Hollnagel),Emerging,4,threat /10,2,"Degrades: Systemic resilience insight, Strategic adaptation, whole-system understanding"
risk-homeostasis-compensation,3162,weakness,Risk Homeostasis / Risk Compensation (Wilde) — contested,Mixed,3,threat /10,3,"Degrades: Systemic net-safety gains, Strategic intervention design, behavioral offset"
kangaroo-mother-care,3163,practice,Kangaroo Mother Care (Skin-to-Skin for Preterm Infants),Strong,5,impact magnitude /5,2,"practice: 'Bolsters clusters: Parental, Bodily, Emotional'"
parent-child-interaction-therapy-full,3164,practice,Parent-Child Interaction Therapy (Full Clinical PCIT),Strong,4,impact magnitude /5,2,"practice: 'Bolsters clusters: Parental, Emotional, Interpersonal'"
elaborative-reminiscing,3165,practice,Elaborative Reminiscing (Talking About the Past),Moderate,3,impact magnitude /5,2,"practice: 'Bolsters clusters: Linguistic, Emotional, Intrapersonal'"
parent-implemented-language-emt,3166,practice,Parent-Implemented Language Intervention (Enhanced Milieu Teaching),Strong,3,impact magnitude /5,2,"practice: 'Bolsters clusters: Linguistic, Parental, Interpersonal'"
incredible-years-parent-program,3167,practice,The Incredible Years Parent Program,Strong,3,impact magnitude /5,2,"practice: 'Bolsters clusters: Parental, Emotional, Interpersonal'"
behavioral-infant-sleep-intervention,3168,practice,Behavioral Infant Sleep Intervention (Graduated Extinction),Moderate,3,impact magnitude /5,2,"practice: 'Bolsters clusters: Parental, Emotional, Bodily'"
nurse-family-partnership-home-visiting,3169,practice,Nurse-Family Partnership (Prenatal/Infancy Home Visiting),Moderate,3,impact magnitude /5,2,"practice: 'Bolsters clusters: Parental, Community, Emotional'"
parent-mediated-autism-pact,3170,practice,Parent-Mediated Social-Communication Therapy for Autism (PACT),Moderate,3,impact magnitude /5,2,"practice: 'Bolsters clusters: Parental, Social-Perceptual, Linguistic'"
guided-play-learning,3171,practice,Guided Play (Adult-Scaffolded Playful Learning),Moderate,2,impact magnitude /5,2,"practice: 'Bolsters clusters: Linguistic, Spatial, Creative'"
family-meals-shared-dinners,3172,practice,Shared Family Meals,Emerging,2,impact magnitude /5,2,"practice: 'Bolsters clusters: Community, Emotional, Parental'"
baby-sign-symbolic-gesture,3173,practice,Baby Sign / Symbolic Gesturing,Mixed,1,impact magnitude /5,2,"practice: 'Bolsters clusters: Parental, Linguistic, Interpersonal'"
breastfeeding-promotion-probit,3174,practice,Breastfeeding Promotion & Child Outcomes (PROBIT),Mixed,2,impact magnitude /5,2,"practice: 'Bolsters clusters: Parental, Bodily, Linguistic'"
ntd-ebola-viral-hemorrhagic-fever,3175,cost,Ebola & Viral Haemorrhagic Fever — Case Fatality Over 50%,Strong,5,harm severity /5,2,"Degrades: capacity to survive, Bodily integrity, Community cohesion, Interoceptive homeostasis"
ntd-rabies-encephalitis,3176,cost,Rabies — Nearly 100% Fatal Once Symptoms Appear,Strong,5,harm severity /5,2,"Degrades: capacity to survive, Meta-Cognitive function, Volitional control, Bodily integrity"
ntd-visceral-leishmaniasis-kala-azar,3177,cost,Visceral Leishmaniasis (Kala-azar) — Fatal Without Treatment in 95%,Strong,5,harm severity /5,3,"Degrades: Bodily vitality, Interoceptive homeostasis, capacity to survive, Financial"
ntd-chagas-cardiomyopathy,3178,cost,Chagas Disease — A Silent Decade Before the Heart Fails,Strong,4,harm severity /5,2,"Degrades: Bodily endurance, Interoceptive regulation, capacity to survive, Financial"
ntd-japanese-encephalitis,3179,cost,"Japanese Encephalitis — 1 in 3 Encephalitis Cases Die, Survivors Scarred",Moderate,4,harm severity /5,2,"Degrades: Meta-Cognitive function, Linguistic ability, Bodily control, Emotional regulation"
ntd-yellow-fever,3180,cost,Yellow Fever — Severe Cases Kill Nearly Half,Moderate,4,harm severity /5,2,"Degrades: capacity to survive, Bodily integrity, Interoceptive homeostasis, Community stability"
ntd-cholera,3181,cost,Cholera — Can Kill a Healthy Adult in Hours,Strong,4,harm severity /5,2,"Degrades: Interoceptive homeostasis, Bodily integrity, capacity to survive, Community stability"
ntd-typhoid-fever,3182,cost,Typhoid Fever — 9 Million Cases and Rising Drug Resistance,Strong,4,harm severity /5,2,"Degrades: Bodily vitality, Interoceptive homeostasis, capacity for sustained work, Financial"
ntd-lymphatic-filariasis-elephantiasis,3183,cost,Lymphatic Filariasis (Elephantiasis) — A Leading Cause of Chronic Disability,Strong,3,harm severity /5,2,"Degrades: Bodily mobility, Aesthetic self-image, Interpersonal standing, Financial livelihood"
ntd-human-african-trypanosomiasis,3184,cost,"Sleeping Sickness (HAT) — Fatal Untreated, Now Near Elimination",Moderate,4,harm severity /5,2,"Degrades: capacity to survive, Meta-Cognitive function, Volitional control, Interoceptive rhythm"
ntd-chikungunya-chronic-arthritis,3185,cost,Chikungunya — The Arbovirus That Leaves Joints on Fire,Moderate,3,harm severity /5,2,"Degrades: Bodily, physical mobility, Interoceptive comfort, capacity for sustained work"
ntd-buruli-ulcer,3186,cost,Buruli Ulcer — Painless Flesh-Destroying Wounds and Lasting Disability,Moderate,3,harm severity /5,2,"Degrades: Bodily mobility, Aesthetic self-image, Interpersonal standing, Financial livelihood"
ntd-scabies-secondary-infection,3187,cost,"Scabies — 200 Million Infested, a Gateway to Kidney and Heart Damage",Strong,2,harm severity /5,2,"Degrades: Interoceptive comfort, Bodily integrity, sleep and rest, Intrapersonal wellbeing"
ntd-cutaneous-leishmaniasis-scarring,3188,cost,Cutaneous Leishmaniasis — Lifelong Scars and Hidden Depression,Moderate,2,harm severity /5,2,"Degrades: Aesthetic self-image, Interpersonal standing, Intrapersonal wellbeing, Emotional"
supersize-value-size-framing,3189,weakness,Supersizing / Value-Size Framing → Overconsumption,Strong,6,threat /10,3,"Degrades: Financial, Interoceptive, Bodily"
variety-induced-overconsumption,3190,weakness,Variety-Induced Overconsumption (Sensory-Specific Satiety),Strong,6,threat /10,3,"Degrades: Interoceptive, Bodily, Naturalist"
organic-natural-clean-label-halo,3191,weakness,'Organic'/'Natural'/'Clean-Label' Marketing Halo,Moderate,5,threat /10,3,"Degrades: Interoceptive, Naturalist, Financial"
fake-review-rating-manipulation-susceptibility,3192,weakness,Fake-Review & Online-Rating Manipulation Susceptibility,Moderate,5,threat /10,3,"Degrades: Social-Perceptual, Financial, Adversarial"
health-halo-lowfat-nutrient-claims,3193,weakness,Health-Halo Nutrient Claims ('Low-Fat'/'Light') → Overeating,Mixed,5,threat /10,3,"Degrades: Interoceptive, Bodily, Financial"
influencer-parasocial-purchase-manipulation,3194,weakness,Influencer Parasocial Trust → Purchase Manipulation,Emerging,5,threat /10,3,"Degrades: Social-Perceptual, Financial, Interpersonal"
native-advertising-sponsored-content-blindness,3195,weakness,Native Advertising / Sponsored-Content Blindness,Moderate,5,threat /10,3,"Degrades: Social-Perceptual, Financial, Adversarial"
default-portion-acceptance,3196,weakness,Default-Portion Acceptance (Passive 'Whatever's Served'),Emerging,4,threat /10,3,"Degrades: Volitional, Interoceptive, Financial"
front-of-pack-positive-claim-fixation,3197,weakness,Front-of-Pack Positive-Claim Fixation → Overgeneralized Healthiness,Mixed,4,threat /10,3,"Degrades: Social-Perceptual, Interoceptive, Financial"
larger-plate-serviceware-cue-contested,3198,weakness,Larger-Plate / Serviceware Cue (Contested After Wansink),Mixed,3,threat /10,3,"Degrades: Interoceptive, Bodily"
neat-nonexercise-activity-thermogenesis,3199,practice,NEAT — Non-Exercise Activity Thermogenesis,Moderate,3,impact magnitude /5,2,"practice: 'Bolsters clusters: Bodily, Interoceptive, metabolic/weight regulation'"
active-commuting-cycling-walking,3200,practice,Active Commuting (Cycling / Walking to Work),Moderate,3,impact magnitude /5,1,"practice: 'Bolsters clusters: Bodily, Interoceptive, cardiovascular longevity'"
improving-cardiorespiratory-fitness-trajectory,3201,practice,Improving Cardiorespiratory Fitness Over Time,Moderate,3,impact magnitude /5,2,"practice: 'Bolsters clusters: Bodily, Interoceptive, cardiovascular longevity'"
vo2max-trainability-individual-variation,3202,practice,Individualizing for Fitness Trainability (Response Varies),Moderate,3,impact magnitude /5,2,"practice: 'Bolsters clusters: Meta-Cognitive, Interoceptive, Bodily'"
interval-walking-training-japanese,3203,practice,Interval Walking Training (Fast/Slow 'Japanese Walking'),Moderate,3,impact magnitude /5,1,"practice: 'Bolsters clusters: Bodily, Interoceptive, Volitional'"
racquet-sports-modality-mortality,3204,practice,"Racquet Sports (Tennis, Badminton, Squash)",Moderate,3,impact magnitude /5,2,"practice: 'Bolsters clusters: Bodily, Interoceptive, Interpersonal'"
swimming-modality-mortality,3205,practice,Swimming as a Cardio Modality,Moderate,3,impact magnitude /5,1,"practice: 'Bolsters clusters: Bodily, Interoceptive, cardiovascular longevity'"
fitness-vs-fatness-cardiorespiratory,3206,practice,Prioritizing Fitness Over Fatness ('Fit but Fat'),Mixed,3,impact magnitude /5,2,"practice: 'Bolsters clusters: Bodily, Interoceptive, Meta-Cognitive expectation-setting'"
standing-desks-sit-stand,3207,practice,Standing Desks / Sit-Stand Workstations,Mixed,2,impact magnitude /5,2,"practice: 'Bolsters clusters: Bodily, Interoceptive (modest)'"
exercise-timing-afternoon-glycemic,3208,practice,Exercise Timing for Metabolic Control (Afternoon/Evening),Emerging,2,impact magnitude /5,2,"practice: 'Bolsters clusters: Interoceptive, Bodily, glycemic regulation'"
noma-cancrum-oris,3209,cost,Noma (Cancrum Oris) — Poverty's Flesh-Eating Facial Gangrene,Moderate,5,harm severity /5,2,"Degrades: survival, face/Bodily, eating, Social-Perceptual"
oral-submucous-fibrosis,3210,cost,Oral Submucous Fibrosis — Areca Nut Cements the Mouth Shut,Moderate,4,harm severity /5,2,"Degrades: mouth opening/Bodily, eating, cancer-free survival"
sudden-sensorineural-hearing-loss,3211,cost,Sudden Sensorineural Hearing Loss — An Ear Emergency With a Clock,Moderate,4,harm severity /5,2,"Degrades: hearing, Interpersonal, Emotional"
ludwigs-angina-odontogenic,3212,cost,Ludwig's Angina — When a Tooth Abscess Closes the Airway,Moderate,5,harm severity /5,2,"Degrades: survival, airway/Bodily, breathing, swallowing"
pediatric-osa-adenotonsillar,3213,cost,Pediatric OSA from Enlarged Tonsils & Adenoids,Strong,3,harm severity /5,2,"Degrades: sleep, Meta-Cognitive, behavior, growth"
severe-early-childhood-caries,3214,cost,Severe Early Childhood Caries — Decay Before Kindergarten,Strong,3,harm severity /5,2,"Degrades: nutrition/growth, sleep, Bodily, Financial"
severe-periodontitis-burden,3215,cost,Severe Periodontitis — Silent Bone Loss to Tooth Loss,Strong,3,harm severity /5,2,"Degrades: mastication/nutrition, Bodily, Financial, Interpersonal"
nasal-polyposis-crswnp,3216,cost,Nasal Polyposis (CRSwNP) — Losing Smell and a Full Night's Sleep,Moderate,3,harm severity /5,2,"Degrades: olfaction/Aesthetic, sleep, Emotional"
peritonsillar-abscess-quinsy,3217,cost,Peritonsillar Abscess (Quinsy) — Tonsillitis That Turns to Pus,Moderate,3,harm severity /5,2,"Degrades: swallowing/Bodily, airway, Financial"
chronic-tinnitus,3218,cost,Chronic Tinnitus — The Phantom Sound That Won't Stop,Strong,2,harm severity /5,2,"Degrades: sleep, Emotional, concentration/Meta-Cognitive"
peri-implantitis,3219,cost,Peri-Implantitis — The Bone Loss Around a 'Permanent' Tooth,Moderate,3,harm severity /5,2,"Degrades: implant survival, Bodily, Financial"
xerostomia-hyposalivation,3220,cost,Xerostomia & Hyposalivation — The Dry Mouth That Rots Teeth,Moderate,2,harm severity /5,2,"Degrades: oral health/Bodily, taste/Aesthetic, nutrition"
occupational-voice-nodules,3221,cost,Occupational Voice Disorders — When the Voice Is the Job,Moderate,2,harm severity /5,2,"Degrades: Linguistic, Rhetorical, Financial, Leadership"
oral-lichen-planus,3222,cost,Oral Lichen Planus — Chronic Mucosal Disease With a Cancer Shadow,Moderate,2,harm severity /5,2,"Degrades: eating comfort/Bodily, Emotional, cancer-free survival"
natural-is-safe-altmed-substitution,3223,weakness,'Natural Is Safe' — Substituting Alt-Med for Proven Treatment,Moderate,7,threat /10,2,"Degrades: Logical, Meta-Cognitive, Existential"
asymptomatic-feel-fine-nonadherence,3224,weakness,'I Feel Fine' — Symptom-Guided Stopping in Silent Disease,Moderate,6,threat /10,2,"Degrades: Interoceptive, Logical, Meta-Cognitive"
necessity-concerns-nonadherence-beliefs,3225,weakness,Belief-Driven Non-Adherence — 'Concerns Outweigh Necessity',Strong,6,threat /10,1,"Degrades: Logical, Meta-Cognitive, Volitional"
cyberchondria-symptom-googling,3226,weakness,Cyberchondria — Health-Anxious Symptom Googling,Moderate,5,threat /10,2,"Degrades: Meta-Cognitive, Emotional, Interoceptive, Logical"
false-reassurance-normal-test-spectrum-bias,3227,weakness,False Reassurance from a 'Normal' Test (Spectrum Bias),Moderate,5,threat /10,2,"Degrades: Logical, Meta-Cognitive, Interoceptive"
antibiotic-expectation-viral-illness,3228,weakness,Expecting Antibiotics for Viral Illness,Moderate,4,threat /10,2,"Degrades: Logical, Meta-Cognitive, Interoceptive"
screening-enthusiasm-more-is-better,3229,weakness,Screening Enthusiasm — 'More Testing Is Always Better',Moderate,4,threat /10,2,"Degrades: Logical, Meta-Cognitive"
somatosensory-amplification-barsky,3230,weakness,Somatosensory Amplification — Reading Benign Sensations as Alarming,Mixed,4,threat /10,2,"Degrades: Interoceptive, Meta-Cognitive, Emotional"
white-coat-over-deference-low-activation,3231,weakness,White-Coat Over-Deference & Low Patient Activation,Moderate,4,threat /10,2,"Degrades: Volitional, Meta-Cognitive, Adversarial, Logical"
cbt-imagery-rehearsal-therapy-nightmares,3232,practice,Imagery Rehearsal Therapy for Nightmares,Strong,4,impact magnitude /5,1,"practice: 'Bolsters clusters: Emotional, Interoceptive, Intrapersonal'"
cbt-cognitive-restructuring-thought-records,3233,practice,Cognitive Restructuring / Thought Records,Strong,4,impact magnitude /5,2,"practice: 'Bolsters clusters: Meta-Cognitive, Emotional, Intrapersonal'"
cbt-interoceptive-exposure-panic,3234,practice,Interoceptive Exposure for Panic,Strong,4,impact magnitude /5,2,"practice: 'Bolsters clusters: Interoceptive, Emotional, Volitional'"
cbt-written-exposure-therapy-ptsd,3235,practice,Written Exposure Therapy (WET) for PTSD,Strong,4,impact magnitude /5,2,"practice: 'Bolsters clusters: Emotional, Intrapersonal, Volitional'"
cbt-rumination-focused-cbt,3236,practice,Rumination-Focused CBT,Moderate,4,impact magnitude /5,1,"practice: 'Bolsters clusters: Meta-Cognitive, Emotional, Intrapersonal'"
cbt-systematic-desensitization,3237,practice,Systematic Desensitization (Wolpe),Moderate,3,impact magnitude /5,1,"practice: 'Bolsters clusters: Emotional, Volitional, Interoceptive'"
cbt-positive-data-log,3238,practice,Positive Data Log (Fennell),Emerging,3,impact magnitude /5,1,"practice: 'Bolsters clusters: Intrapersonal, Emotional, Meta-Cognitive'"
cbt-self-compassionate-letter-writing,3239,practice,Self-Compassionate Letter Writing,Moderate,3,impact magnitude /5,2,"practice: 'Bolsters clusters: Emotional, Intrapersonal, Volitional'"
cbt-video-feedback-social-anxiety,3240,practice,Video Feedback for Social Anxiety,Emerging,2,impact magnitude /5,1,"practice: 'Bolsters clusters: Social-Perceptual, Intrapersonal, Emotional'"
cbt-decatastrophizing-downward-arrow,3241,practice,Decatastrophizing / Downward-Arrow,Emerging,2,impact magnitude /5,2,"practice: 'Bolsters clusters: Meta-Cognitive, Emotional'"
cbt-attention-bias-modification,3242,practice,Attention Bias Modification (ABM),Mixed,1,impact magnitude /5,1,"practice: 'Bolsters clusters: Emotional, Meta-Cognitive'"
cost-multiple-sclerosis-fatigue,3243,cost,Multiple Sclerosis Fatigue,Strong,4,harm severity /5,1,"Degrades: Bodily, Volitional, Meta-Cognitive, Financial"
cost-chemotherapy-induced-peripheral-neuropathy,3244,cost,Chemotherapy-Induced Peripheral Neuropathy,Strong,4,harm severity /5,1,"Degrades: Bodily, Mechanical, Interoceptive, Volitional"
cost-central-post-stroke-pain,3245,cost,Central Post-Stroke Pain,Moderate,4,harm severity /5,1,"Degrades: Bodily, Interoceptive, Emotional, Intrapersonal"
cost-cancer-related-fatigue,3246,cost,Cancer-Related Fatigue,Strong,3,harm severity /5,1,"Degrades: Bodily, Volitional, Meta-Cognitive, Financial"
cost-gulf-war-illness,3247,cost,Gulf War Illness (Chronic Multisymptom Illness),Mixed,4,harm severity /5,2,"Degrades: Bodily, Meta-Cognitive, Emotional, Intrapersonal"
cost-new-daily-persistent-headache,3248,cost,New Daily Persistent Headache,Moderate,3,harm severity /5,2,"Degrades: Bodily, Intrapersonal, Volitional, Emotional"
cost-nociplastic-central-sensitization,3249,cost,Nociplastic Pain / Central Sensitization,Moderate,3,harm severity /5,2,"Degrades: Bodily, Interoceptive, Meta-Cognitive, Emotional"
cost-occipital-neuralgia,3250,cost,Occipital Neuralgia,Moderate,3,harm severity /5,1,"Degrades: Bodily, Intrapersonal, Emotional, Volitional"
cost-post-mastectomy-pain-syndrome,3251,cost,Post-Mastectomy Pain Syndrome,Moderate,3,harm severity /5,2,"Degrades: Bodily, Mechanical, Emotional, Intrapersonal"
cost-medication-overuse-headache,3252,cost,Medication-Overuse Headache,Strong,3,harm severity /5,2,"Degrades: Bodily, Intrapersonal, Volitional, Financial"
cost-hemicrania-continua,3253,cost,Hemicrania Continua,Moderate,3,harm severity /5,2,"Degrades: Bodily, Intrapersonal, Volitional, Financial"
cost-pudendal-neuralgia,3254,cost,Pudendal Neuralgia,Emerging,3,harm severity /5,2,"Degrades: Bodily, Seductive, Intrapersonal, Emotional"
cost-burning-mouth-syndrome,3255,cost,Burning Mouth Syndrome,Moderate,2,harm severity /5,1,"Degrades: Bodily, Interoceptive, Emotional, Intrapersonal"
founder-escalation-failing-venture,3256,weakness,Founder Escalation of Commitment in a Failing Venture,Moderate,7,threat /10,3,"weakness: 'Degrades: capital preservation, exit timing, personal solvency, opportunity redeployment'"
salary-anchoring-prior-pay,3257,weakness,Anchoring Compensation to Your Prior Pay,Strong,6,threat /10,3,"weakness: 'Degrades: negotiated salary, lifetime earnings, pay-gap recovery, bargaining leverage'"
lottery-career-base-rate-neglect,3258,weakness,Chasing a Lottery/Tournament Career (Base-Rate Neglect),Emerging,6,threat /10,2,"weakness: 'Degrades: expected lifetime earnings, financial security, plan-B optionality, time investment'"
entrepreneurial-overconfidence-excess-entry,3259,weakness,Entrepreneurial Overconfidence & Excess Market Entry,Strong,6,threat /10,2,"weakness: 'Degrades: capital, expected returns, timing, realistic self-assessment'"
golden-handcuffs-deferred-comp-lockin,3260,weakness,Golden Handcuffs / Deferred-Comp Lock-In,Moderate,6,threat /10,2,"weakness: 'Degrades: career mobility, risk-taking, entrepreneurial exit, long-run earnings optionality'"
prestige-over-fit-job-choice,3261,weakness,Choosing the Prestigious Job Over the Fit,Moderate,5,threat /10,2,"weakness: 'Degrades: job satisfaction, tenure, performance, well-being, persistence'"
failing-to-negotiate-offers,3262,weakness,Not Negotiating the Offer at All,Moderate,5,threat /10,2,"weakness: 'Degrades: starting salary, compounded lifetime pay, perceived competence, self-advocacy'"
degree-major-sunk-cost-persistence,3263,weakness,Sunk-Cost Persistence in the Wrong Degree/Major,Moderate,5,threat /10,2,"weakness: 'Degrades: field alignment, time-to-completion, debt, long-run earnings, well-being'"
follow-your-passion-trap,3264,weakness,The 'Follow Your Passion' Career Trap (Passion Over Fit),Mixed,5,threat /10,2,"weakness: 'Degrades: field choice, career resilience, skill investment, persistence through difficulty'"
overpaying-college-selectivity-prestige,3265,weakness,Overpaying for College Selectivity/Prestige,Mixed,4,threat /10,2,"weakness: 'Degrades: net financial return, debt burden, ROI, long-run earnings efficiency'"
shutdown-ritual-psychological-detachment,3266,practice,Shutdown Ritual & Psychological Detachment from Work,Strong,3,impact magnitude /5,3,"practice: 'Bolsters clusters: Work-Home Boundary, Recovery & Rest, Sustained Focus Capacity'"
goal-progress-monitoring-self-tracking,3267,practice,Goal-Progress Monitoring & Self-Tracking,Strong,3,impact magnitude /5,1,"practice: 'Bolsters clusters: Goal Follow-Through, Self-Regulation, Habit Formation'"
attention-residue-ready-to-resume,3268,practice,Ready-to-Resume Planning to Clear Attention Residue,Moderate,3,impact magnitude /5,2,"practice: 'Bolsters clusters: Clean Task Transitions, Interruption Recovery, Single-Tasking'"
self-imposed-deadlines-precommitment,3269,practice,Self-Imposed Deadlines (Precommitment against Parkinson's Law),Moderate,3,impact magnitude /5,1,"practice: 'Bolsters clusters: Procrastination Reduction, Self-Imposed Deadlines, Goal Follow-Through'"
task-unpacking-planning-fallacy,3270,practice,Task Unpacking to Beat the Planning Fallacy,Moderate,3,impact magnitude /5,2,"practice: 'Bolsters clusters: Realistic Planning, Estimation, Prioritization'"
commitment-devices-financial-stakes,3271,practice,Commitment Devices with Real Stakes,Moderate,3,impact magnitude /5,2,"practice: 'Bolsters clusters: Goal Follow-Through, Habit Formation, Precommitment'"
progress-principle-small-wins,3272,practice,The Progress Principle (Engineering Small Wins),Emerging,2,impact magnitude /5,1,"practice: 'Bolsters clusters: Motivation Maintenance, Meaningful Work, Momentum'"
time-management-skill-training,3273,practice,Time-Management Skill Training (Overall),Mixed,3,impact magnitude /5,1,"practice: 'Bolsters clusters: Planning, Prioritization, Wellbeing'"
body-doubling-focus-coworking,3274,practice,Body Doubling / Focus Coworking,Emerging,2,impact magnitude /5,2,"practice: 'Bolsters clusters: Task Initiation, Accountability, Single-Tasking'"
temptation-bundling,3275,practice,Temptation Bundling (Pair a Want with a Should),Mixed,2,impact magnitude /5,2,"practice: 'Bolsters clusters: Habit Formation, Procrastination Reduction, Commitment Devices'"
cost-acute-limb-ischemia,3276,cost,Acute Limb Ischemia — The Golden Six Hours to Save the Leg,Strong,5,harm severity /5,2,"Degrades: Bodily, Mechanical, Financial"
cost-malignant-large-bowel-obstruction,3277,cost,Malignant Large Bowel Obstruction — Emergency Presentation of Colorectal Cancer,Strong,5,harm severity /5,2,"Degrades: Bodily, Existential, Financial"
cost-perforated-diverticulitis,3278,cost,Perforated Diverticulitis — Purulent vs Feculent Peritonitis,Strong,5,harm severity /5,2,"Degrades: Bodily, Existential, Financial"
cost-boerhaave-esophageal-perforation,3279,cost,Boerhaave / Esophageal Perforation — The Diagnostic Masquerader,Moderate,5,harm severity /5,3,"Degrades: Bodily, Interoceptive, Financial"
cost-strangulated-groin-hernia,3280,cost,Incarcerated / Strangulated Groin Hernia — When 'Watchful Waiting' Fails,Strong,4,harm severity /5,2,"Degrades: Bodily, Interoceptive, Financial"
cost-perforated-peptic-ulcer,3281,cost,"Perforated Peptic Ulcer — Free Air, Peritonitis, and the 24-Hour Line",Strong,4,harm severity /5,3,"Degrades: Bodily, Interoceptive, Financial"
cost-small-bowel-obstruction,3282,cost,Small Bowel Obstruction — The Strangulation Clock,Strong,4,harm severity /5,2,"Degrades: Bodily, Interoceptive, Financial"
cost-volvulus,3283,cost,Colonic Volvulus — The Twisted Loop That Strangles Itself,Moderate,4,harm severity /5,2,"Degrades: Bodily, Interoceptive, Financial"
cost-gallstone-ileus,3284,cost,Gallstone Ileus — A Mechanical Obstruction the Elderly Present Late,Moderate,4,harm severity /5,2,"Degrades: Bodily, Interoceptive, Financial"
cost-splenic-rupture,3285,cost,Splenic Rupture — Traumatic and the Deceptive 'Atraumatic' Kind,Moderate,4,harm severity /5,2,"Degrades: Bodily, Interoceptive, Financial"
cost-perforated-appendicitis,3286,cost,Perforated Appendicitis — When a Common Emergency Turns Septic,Strong,4,harm severity /5,3,"Degrades: Bodily, Interoceptive, Financial"
cost-ovarian-torsion,3287,cost,Ovarian (Adnexal) Torsion — The Time-Sensitive Fertility Emergency,Moderate,3,harm severity /5,2,"Degrades: Bodily, Parental, Interoceptive"
on-again-off-again-cycling,3288,weakness,On-Again/Off-Again Relationship Cycling,Moderate,6,threat /10,2,"Degrades: relational stability, mental health, decision closure"
attachment-anxiety-protest-pursuit,3289,weakness,Attachment-Anxiety Protest Behavior → Pursuit That Repels,Moderate,5,threat /10,2,"Degrades: partner responsiveness, emotional regulation, secure bonding"
attention-to-alternatives-breakup,3290,weakness,Attention to Attractive Alternatives → Breakup,Moderate,5,threat /10,2,"Degrades: commitment maintenance, relationship survival"
dysfunctional-relationship-beliefs-rbi,3291,weakness,Dysfunctional Relationship Beliefs → Preprogrammed Distress,Moderate,5,threat /10,1,"Degrades: conflict tolerance, partner communication, satisfaction"
fear-of-being-single-settling,3292,weakness,Fear of Being Single → Settling for Less,Moderate,5,threat /10,1,"Degrades: mate selectivity, standards, exit from bad relationships"
sunk-cost-failing-relationship,3293,weakness,Sunk-Cost Persistence in a Failing Relationship,Moderate,5,threat /10,2,"Degrades: exit decisions, honest partner appraisal, opportunity capture"
commitment-skepticism-bias-underperception,3294,weakness,Commitment-Skepticism Bias → Underreading a Willing Partner,Moderate,4,threat /10,2,"Degrades: accurate partner appraisal, mate selection, trust-building"
destiny-belief-disengagement,3295,weakness,Destiny Beliefs → Quitting at the First Conflict,Moderate,4,threat /10,2,"Degrades: relationship maintenance, coping with conflict, longevity"
mate-choice-copying-romantic,3296,weakness,Mate-Choice Copying → Wanting Whoever Others Wanted,Moderate,3,threat /10,2,"Degrades: independent mate evaluation, red-flag detection, partner fit"
positive-illusion-overidealization,3297,weakness,Positive-Illusion Idealization → Blind to the Wrong Partner,Moderate,2,threat /10,2,"Degrades: red-flag detection, deal-breaker enforcement (only at the extreme)"
